사고번호,사고일시,요일,시군구,사고내용,사망자수,중상자수,경상자수,부상신고자수,사고유형,법규위반,노면상태,기상상태,도로형태,가해운전자 차종,가해운전자 성별,가해운전자 연령,가해운전자 상해정도,피해운전자 차종,피해운전자 성별,피해운전자 연령,피해운전자 상해정도
2016011400100548,2016년 1월 14일 21시,목요일,대전광역시 서구 가수원동,경상사고,0,0,1,0,차대차 - 추돌,안전운전불이행,건조,맑음,단일로 - 기타,승용,남,43세,상해없음,승용,남,66세,상해없음
2016011400100579,2016년 1월 14일 22시,목요일,대전광역시 유성구 봉명동,중상사고,0,1,0,0,차대사람 - 횡단중,보행자보호의무위반,건조,맑음,교차로 - 교차로부근,승용,남,50세,상해없음,보행자,남,18세,중상
2016011400100605,2016년 1월 14일 23시,목요일,대전광역시 서구 탄방동,중상사고,0,1,1,0,차대차 - 측면직각충돌,교차로운행방법위반,건조,맑음,교차로 - 교차로안,승용,여,45세,상해없음,승용,남,28세,중상
2016011400100606,2016년 1월 14일 23시,목요일,대전광역시 유성구 궁동,경상사고,0,0,1,0,차대차 - 측면직각충돌,중앙선침범,건조,맑음,교차로 - 교차로부근,승용,남,51세,상해없음,이륜,남,22세,경상
2016011500100026,2016년 1월 15일 01시,금요일,대전광역시 중구 문화동,경상사고,0,0,1,0,차대차 - 측면직각충돌,안전운전불이행,건조,맑음,단일로 - 기타,승용,남,58세,상해없음,승용,남,25세,상해없음
2016011500100027,2016년 1월 15일 01시,금요일,대전광역시 서구 탄방동,경상사고,0,0,1,0,차대사람 - 보도통행중,기타,건조,맑음,기타 - 기타,이륜,여,49세,상해없음,보행자,여,24세,경상
2016011500100109,2016년 1월 15일 07시,금요일,대전광역시 유성구 덕명동,경상사고,0,0,2,0,차대차 - 정면충돌,신호위반,건조,맑음,교차로 - 교차로안,화물,여,48세,경상,승용,남,43세,경상
2016011500100149,2016년 1월 15일 08시,금요일,대전광역시 서구 용문동,경상사고,0,0,1,0,차대사람 - 횡단중,보행자보호의무위반,건조,맑음,교차로 - 교차로안,승용,남,60세,상해없음,보행자,여,23세,경상
2016011500100169,2016년 1월 15일 09시,금요일,대전광역시 중구 정생동,경상사고,0,0,1,0,차대차 - 측면직각충돌,신호위반,건조,맑음,교차로 - 교차로안,건설기계,남,50세,상해없음,승용,남,18세,경상
2016011500100195,2016년 1월 15일 10시,금요일,대전광역시 중구 대흥동,경상사고,0,0,1,0,차대사람 - 기타,안전운전불이행,건조,맑음,단일로 - 기타,기타불명,기타불명,기타불명,기타불명,보행자,남,26세,경상
2016011500100321,2016년 1월 15일 15시,금요일,대전광역시 동구 인동,경상사고,0,0,1,0,차대차 - 측면충돌,안전운전불이행,건조,맑음,교차로 - 교차로안,승용,여,55세,기타불명,승용,남,43세,경상
2016011500100322,2016년 1월 15일 15시,금요일,대전광역시 서구 둔산동,경상사고,0,0,1,0,차대사람 - 횡단중,보행자보호의무위반,건조,맑음,교차로 - 교차로안,승용,여,49세,기타불명,보행자,남,36세,경상
2016011500100346,2016년 1월 15일 16시,금요일,대전광역시 중구 태평동,경상사고,0,0,1,0,차대차 - 측면충돌,안전운전불이행,건조,맑음,교차로 - 교차로부근,승용,여,28세,상해없음,자전거,남,10세,경상
2016011500100379,2016년 1월 15일 17시,금요일,대전광역시 중구 태평동,중상사고,0,1,0,0,차량단독 - 기타,안전운전불이행,건조,맑음,교차로 - 교차로부근,승합,남,51세,상해없음,,,,
2016011500100438,2016년 1월 15일 18시,금요일,대전광역시 서구 도마동,중상사고,0,1,0,1,차대차 - 추돌,안전운전불이행,습기,비,단일로 - 기타,승용,여,41세,상해없음,승용,여,24세,중상
2016011500100439,2016년 1월 15일 18시,금요일,대전광역시 서구 갈마동,경상사고,0,0,2,0,차대차 - 기타,안전거리미확보,건조,맑음,단일로 - 기타,승용,여,54세,상해없음,승용,남,54세,경상
2016011500100519,2016년 1월 15일 20시,금요일,대전광역시 대덕구 중리동,경상사고,0,0,3,0,차대차 - 측면충돌,안전운전불이행,건조,맑음,단일로 - 기타,화물,남,50세,기타불명,승용,남,64세,경상
2016011500100520,2016년 1월 15일 20시,금요일,대전광역시 서구 월평동,경상사고,0,0,1,0,차대차 - 추돌,안전거리미확보,건조,맑음,단일로 - 기타,승용,남,54세,상해없음,승용,여,36세,경상
2016011500100546,2016년 1월 15일 21시,금요일,대전광역시 유성구 구성동,중상사고,0,1,0,0,차대차 - 추돌,안전운전불이행,건조,맑음,교차로 - 교차로부근,승용,남,58세,상해없음,승용,남,55세,중상
2016011600100028,2016년 1월 16일 00시,토요일,대전광역시 중구 부사동,중상사고,0,1,2,0,차대차 - 측면충돌,신호위반,건조,맑음,교차로 - 교차로안,승용,남,53세,상해없음,승용,여,37세,중상
2016011600100112,2016년 1월 16일 05시,토요일,대전광역시 유성구 구암동,경상사고,0,0,1,0,차대차 - 추돌,안전운전불이행,건조,맑음,교차로 - 교차로부근,승용,여,51세,상해없음,승용,남,63세,경상
2016011600100190,2016년 1월 16일 09시,토요일,대전광역시 중구 용두동,경상사고,0,0,4,0,차대차 - 추돌,안전운전불이행,건조,맑음,교차로 - 교차로부근,승용,남,59세,상해없음,승용,남,35세,경상
2016011600100237,2016년 1월 16일 11시,토요일,대전광역시 서구 괴정동,경상사고,0,0,1,0,차대사람 - 길가장자리구역통행중,안전운전불이행,건조,맑음,단일로 - 기타,승용,여,53세,기타불명,보행자,여,24세,경상
2016011600100270,2016년 1월 16일 12시,토요일,대전광역시 대덕구 중리동,부상신고사고,0,0,0,3,차대차 - 기타,안전운전불이행,건조,맑음,단일로 - 기타,승용,남,68세,상해없음,승용,여,45세,상해없음
2016011600100322,2016년 1월 16일 14시,토요일,대전광역시 서구 갈마동,부상신고사고,0,0,0,1,차대차 - 측면충돌,안전운전불이행,건조,맑음,단일로 - 기타,원동기,남,23세,부상신고,승용,남,34세,상해없음
2016011600100373,2016년 1월 16일 16시,토요일,대전광역시 중구 은행동,경상사고,0,0,1,0,차대사람 - 차도통행중,안전운전불이행,건조,맑음,단일로 - 기타,승용,남,34세,상해없음,보행자,여,16세,경상
2016011600100462,2016년 1월 16일 18시,토요일,대전광역시 동구 가양동,경상사고,0,0,2,0,차대차 - 추돌,안전운전불이행,건조,맑음,교차로 - 교차로부근,화물,남,41세,상해없음,승용,여,48세,경상
2016011600100463,2016년 1월 16일 18시,토요일,대전광역시 서구 용문동,경상사고,0,0,2,0,차대차 - 측면직각충돌,중앙선침범,건조,맑음,단일로 - 기타,승용,여,45세,상해없음,이륜,남,48세,경상
2016011600100510,2016년 1월 16일 19시,토요일,대전광역시 중구 오류동,경상사고,0,0,1,0,차대사람 - 차도통행중,안전운전불이행,건조,흐림,단일로 - 기타,승용,남,61세,상해없음,보행자,여,56세,경상
2016011600100551,2016년 1월 16일 20시,토요일,대전광역시 중구 오류동,경상사고,0,0,1,0,차대사람 - 차도통행중,안전운전불이행,건조,맑음,단일로 - 기타,승용,여,50세,상해없음,보행자,남,38세,경상
2016011600100552,2016년 1월 16일 20시,토요일,대전광역시 동구 용전동,경상사고,0,0,1,0,차대차 - 추돌,안전운전불이행,건조,맑음,단일로 - 기타,승용,남,29세,상해없음,승용,남,48세,경상
2016011600100594,2016년 1월 16일 21시,토요일,대전광역시 서구 탄방동,중상사고,0,1,1,0,차대차 - 추돌,안전운전불이행,건조,맑음,교차로 - 교차로안,승용,남,55세,상해없음,승용,여,40세,상해없음
2016011600100622,2016년 1월 16일 22시,토요일,대전광역시 중구 유천동,경상사고,0,0,1,0,차대차 - 측면직각충돌,교차로운행방법위반,건조,맑음,단일로 - 기타,승용,여,28세,상해없음,원동기,남,28세,경상
2016011600100648,2016년 1월 16일 23시,토요일,대전광역시 동구 성남동,경상사고,0,0,2,0,차대차 - 정면충돌,신호위반,건조,맑음,교차로 - 교차로안,원동기,남,23세,경상,승용,남,65세,경상
2016011600100649,2016년 1월 16일 23시,토요일,대전광역시 서구 도안동,중상사고,0,1,0,0,차대사람 - 횡단중,안전운전불이행,건조,맑음,단일로 - 기타,승용,남,32세,상해없음,보행자,남,18세,중상
2016011700100023,2016년 1월 17일 00시,일요일,대전광역시 동구 판암동,경상사고,0,0,1,0,차대차 - 측면직각충돌,안전운전불이행,건조,맑음,교차로 - 교차로부근,승용,남,30세,상해없음,원동기,남,66세,경상
2016011700100043,2016년 1월 17일 01시,일요일,대전광역시 동구 판암동,경상사고,0,0,1,0,차대사람 - 차도통행중,안전운전불이행,건조,맑음,교차로 - 교차로안,원동기,남,66세,상해없음,보행자,여,39세,경상
2016011700100061,2016년 1월 17일 02시,일요일,대전광역시 서구 변동,경상사고,0,0,1,0,차대차 - 추돌,안전운전불이행,건조,맑음,단일로 - 기타,승용,남,34세,상해없음,승용,남,63세,경상
2016011700100105,2016년 1월 17일 05시,일요일,대전광역시 서구 갈마동,경상사고,0,0,1,0,차대차 - 기타,신호위반,건조,맑음,교차로 - 교차로안,승용,남,51세,상해없음,승용,남,47세,경상
2016011700100267,2016년 1월 17일 15시,일요일,대전광역시 서구 관저동,경상사고,0,0,7,0,차대차 - 추돌,안전운전불이행,습기,비,교차로 - 교차로부근,승용,남,26세,상해없음,승용,남,35세,경상
2016011700100363,2016년 1월 17일 18시,일요일,대전광역시 중구 유천동,경상사고,0,0,1,0,차대차 - 측면직각충돌,교차로운행방법위반,습기,비,단일로 - 기타,승용,남,65세,상해없음,이륜,여,21세,경상
2016011700100364,2016년 1월 17일 18시,일요일,대전광역시 대덕구 오정동,경상사고,0,0,1,0,차대차 - 정면충돌,안전운전불이행,건조,맑음,교차로 - 교차로안,화물,남,72세,기타불명,원동기,남,39세,경상
2016011700100409,2016년 1월 17일 19시,일요일,대전광역시 중구 오류동,경상사고,0,0,1,0,차대차 - 측면직각충돌,안전운전불이행,건조,맑음,단일로 - 기타,승용,남,46세,상해없음,자전거,남,33세,경상
2016011700100410,2016년 1월 17일 19시,일요일,대전광역시 중구 용두동,경상사고,0,0,2,0,차대차 - 추돌,안전운전불이행,건조,맑음,단일로 - 기타,승용,여,28세,상해없음,승용,남,36세,경상
2016011700100411,2016년 1월 17일 19시,일요일,대전광역시 동구 판암동,중상사고,0,1,0,0,차대사람 - 기타,안전운전불이행,습기,비,단일로 - 기타,원동기,남,60세,상해없음,보행자,여,56세,중상
2016011700100461,2016년 1월 17일 20시,일요일,대전광역시 대덕구 상서동,중상사고,0,1,0,0,차대차 - 추돌,안전거리미확보,습기,비,단일로 - 기타,승용,남,58세,기타불명,승용,남,28세,상해없음
2016011700100482,2016년 1월 17일 21시,일요일,대전광역시 중구 안영동,경상사고,0,0,3,0,차대차 - 측면직각충돌,신호위반,건조,맑음,교차로 - 교차로안,승용,남,40세,상해없음,승용,여,39세,경상
2016011700100510,2016년 1월 17일 22시,일요일,대전광역시 동구 용운동,부상신고사고,0,0,0,1,차대차 - 측면충돌,안전운전불이행,건조,맑음,교차로 - 교차로안,승용,남,26세,상해없음,승용,남,34세,부상신고
2016011800100014,2016년 1월 18일 00시,월요일,대전광역시 서구 괴정동,중상사고,0,1,0,0,차대사람 - 차도통행중,안전운전불이행,건조,맑음,교차로 - 교차로부근,승용,남,29세,상해없음,보행자,남,27세,중상
2016011800100055,2016년 1월 18일 05시,월요일,대전광역시 동구 대성동,사망사고,1,0,0,0,차량단독 - 기타,안전운전불이행,습기,맑음,단일로 - 기타,승용,남,61세,사망,,,,
2016011800100081,2016년 1월 18일 06시,월요일,대전광역시 대덕구 석봉동,중상사고,0,1,0,0,차대사람 - 횡단중,안전운전불이행,습기,흐림,교차로 - 교차로안,승용,남,53세,기타불명,보행자,남,57세,중상
2016011800100155,2016년 1월 18일 08시,월요일,대전광역시 서구 정림동,경상사고,0,0,1,0,차대차 - 추돌,안전운전불이행,건조,맑음,교차로 - 교차로부근,승용,남,55세,상해없음,승용,남,24세,경상
2016011800100156,2016년 1월 18일 08시,월요일,대전광역시 유성구 하기동,경상사고,0,0,1,0,차대차 - 추돌,안전거리미확보,건조,맑음,단일로 - 기타,승용,여,40세,상해없음,승용,남,45세,경상
2016011800100211,2016년 1월 18일 10시,월요일,대전광역시 서구 도마동,경상사고,0,0,1,0,차대사람 - 횡단중,안전운전불이행,건조,맑음,단일로 - 기타,승용,남,62세,상해없음,보행자,남,33세,경상
2016011800100212,2016년 1월 18일 10시,월요일,대전광역시 유성구 송강동,경상사고,0,0,1,0,차대차 - 추돌,안전거리미확보,건조,맑음,단일로 - 횡단보도부근,승합,남,46세,상해없음,승용,여,38세,상해없음
2016011800100236,2016년 1월 18일 11시,월요일,대전광역시 중구 오류동,경상사고,0,0,1,0,차대사람 - 횡단중,안전운전불이행,건조,맑음,단일로 - 기타,승용,여,42세,기타불명,보행자,남,32세,경상
2016011800100237,2016년 1월 18일 11시,월요일,대전광역시 서구 둔산동,중상사고,0,1,0,0,차대사람 - 길가장자리구역통행중,안전운전불이행,건조,맑음,단일로 - 기타,승용,남,51세,기타불명,보행자,여,32세,중상
2016011800100268,2016년 1월 18일 12시,월요일,대전광역시 동구 삼성동,경상사고,0,0,1,0,차대차 - 추돌,안전거리미확보,건조,맑음,단일로 - 기타,승용,남,50세,상해없음,승용,여,42세,경상
2016011800100269,2016년 1월 18일 12시,월요일,대전광역시 대덕구 대화동,경상사고,0,0,2,0,차대차 - 추돌,안전운전불이행,습기,흐림,단일로 - 기타,승용,남,74세,상해없음,승용,남,70세,경상
2016011800100290,2016년 1월 18일 13시,월요일,대전광역시 동구 용전동,경상사고,0,0,1,0,차대차 - 추돌,안전거리미확보,건조,맑음,단일로 - 기타,승용,남,61세,상해없음,승용,남,37세,경상
2016011800100291,2016년 1월 18일 13시,월요일,대전광역시 대덕구 신일동,경상사고,0,0,1,0,차대차 - 측면직각충돌,교차로운행방법위반,건조,맑음,교차로 - 교차로안,화물,남,44세,상해없음,승용,남,24세,경상
2016011800100292,2016년 1월 18일 13시,월요일,대전광역시 유성구 도룡동,경상사고,0,0,2,0,차대차 - 측면충돌,중앙선침범,건조,흐림,단일로 - 기타,승용,남,29세,상해없음,승용,남,40세,경상
2016011800100328,2016년 1월 18일 14시,월요일,대전광역시 서구 둔산동,경상사고,0,0,1,0,차대차 - 추돌,안전운전불이행,건조,맑음,단일로 - 기타,승용,남,53세,상해없음,화물,남,37세,경상
2016011800100361,2016년 1월 18일 15시,월요일,대전광역시 서구 도마동,경상사고,0,0,1,0,차대차 - 측면직각충돌,안전거리미확보,건조,맑음,교차로 - 교차로부근,승용,여,34세,상해없음,승용,여,47세,경상
2016011800100362,2016년 1월 18일 15시,월요일,대전광역시 대덕구 오정동,경상사고,0,0,1,0,차대사람 - 횡단중,보행자보호의무위반,건조,맑음,단일로 - 횡단보도상,특수,남,47세,상해없음,보행자,여,55세,경상
2016011800100397,2016년 1월 18일 16시,월요일,대전광역시 중구 대사동,경상사고,0,0,1,0,차대차 - 측면직각충돌,안전거리미확보,건조,맑음,단일로 - 기타,승용,남,72세,상해없음,승용,여,48세,경상
2016011800100439,2016년 1월 18일 17시,월요일,대전광역시 대덕구 중리동,경상사고,0,0,1,0,차대차 - 추돌,안전운전불이행,습기,눈,단일로 - 기타,승용,남,23세,상해없음,승용,남,38세,경상
2016011800100496,2016년 1월 18일 18시,월요일,대전광역시 대덕구 비래동,경상사고,0,0,1,0,차대사람 - 횡단중,안전운전불이행,적설,눈,단일로 - 기타,승용,남,66세,상해없음,보행자,남,36세,경상
2016011800100527,2016년 1월 18일 19시,월요일,대전광역시 서구 월평동,경상사고,0,0,2,0,차대차 - 추돌,안전운전불이행,건조,맑음,단일로 - 교량,승용,여,28세,상해없음,승용,여,26세,경상
2016011800100577,2016년 1월 18일 21시,월요일,대전광역시 서구 갈마동,경상사고,0,0,1,0,차대사람 - 횡단중,보행자보호의무위반,건조,맑음,교차로 - 교차로안,승용,남,55세,상해없음,보행자,여,32세,경상
2016011800100578,2016년 1월 18일 21시,월요일,대전광역시 서구 탄방동,경상사고,0,0,1,0,차대차 - 측면직각충돌,안전운전불이행,건조,맑음,단일로 - 기타,승용,남,25세,상해없음,승용,남,26세,경상
2016011800100604,2016년 1월 18일 22시,월요일,대전광역시 동구 효동,중상사고,0,1,0,0,차대차 - 측면충돌,안전운전불이행,결빙,눈,단일로 - 기타,승용,남,34세,상해없음,원동기,남,55세,중상
2016011800100605,2016년 1월 18일 22시,월요일,대전광역시 서구 복수동,경상사고,0,0,1,0,차대사람 - 기타,안전운전불이행,습기,눈,단일로 - 기타,승용,남,35세,상해없음,보행자,남,44세,경상
2016011800100606,2016년 1월 18일 22시,월요일,대전광역시 대덕구 중리동,경상사고,0,0,1,0,차대차 - 추돌,안전운전불이행,적설,눈,교차로 - 교차로안,승용,여,47세,기타불명,승용,남,60세,경상
2016011800100607,2016년 1월 18일 22시,월요일,대전광역시 유성구 도룡동,경상사고,0,0,1,0,차대차 - 추돌,안전운전불이행,결빙,눈,단일로 - 기타,승용,남,53세,상해없음,승용,여,59세,경상
2016011900100015,2016년 1월 19일 00시,화요일,대전광역시 서구 월평동,경상사고,0,0,1,0,차대차 - 추돌,안전운전불이행,결빙,눈,교차로 - 교차로부근,승용,남,30세,상해없음,승용,여,45세,경상
2016011900100041,2016년 1월 19일 02시,화요일,대전광역시 중구 목동,경상사고,0,0,1,0,차량단독 - 전도전복,안전운전불이행,적설,눈,교차로 - 교차로부근,승용,남,41세,상해없음,,,,
2016011900100154,2016년 1월 19일 09시,화요일,대전광역시 서구 둔산동,경상사고,0,0,1,0,차대사람 - 횡단중,안전운전불이행,건조,맑음,단일로 - 기타,승용,남,35세,상해없음,보행자,남,23세,경상
2016011900100155,2016년 1월 19일 09시,화요일,대전광역시 대덕구 목상동,중상사고,0,1,0,0,차량단독 - 기타,기타,건조,맑음,단일로 - 기타,승합,남,42세,상해없음,,,,
2016011900100192,2016년 1월 19일 10시,화요일,대전광역시 중구 문화동,경상사고,0,0,1,0,차대차 - 측면직각충돌,교차로운행방법위반,습기,맑음,교차로 - 교차로안,승용,여,41세,경상,화물,남,53세,상해없음
2016011900100193,2016년 1월 19일 10시,화요일,대전광역시 동구 원동,중상사고,0,1,0,0,차량단독 - 기타,기타,건조,맑음,교차로 - 교차로부근,승합,남,54세,상해없음,,,,
2016011900100263,2016년 1월 19일 13시,화요일,대전광역시 동구 대성동,경상사고,0,0,2,0,차대차 - 측면충돌,안전운전불이행,건조,맑음,단일로 - 기타,승합,남,55세,상해없음,화물,남,59세,경상
2016011900100317,2016년 1월 19일 15시,화요일,대전광역시 대덕구 대화동,경상사고,0,0,2,0,차대차 - 측면충돌,차로위반,건조,맑음,단일로 - 기타,화물,남,45세,상해없음,승용,여,37세,경상
2016011900100367,2016년 1월 19일 17시,화요일,대전광역시 중구 산성동,경상사고,0,0,3,0,차대차 - 측면충돌,안전운전불이행,건조,맑음,단일로 - 기타,승용,남,50세,경상,승용,남,55세,경상
2016011900100402,2016년 1월 19일 18시,화요일,대전광역시 중구 산성동,경상사고,0,0,1,0,차대차 - 추돌,안전운전불이행,건조,맑음,단일로 - 기타,승용,남,71세,기타불명,승용,남,63세,경상
2016011900100403,2016년 1월 19일 18시,화요일,대전광역시 유성구 원촌동,부상신고사고,0,0,0,1,차대차 - 기타,안전운전불이행,건조,흐림,단일로 - 터널,원동기,남,43세,부상신고,승용,남,51세,상해없음
2016011900100503,2016년 1월 19일 21시,화요일,대전광역시 유성구 궁동,경상사고,0,0,1,0,차대사람 - 기타,안전운전불이행,습기,맑음,단일로 - 기타,승용,남,25세,상해없음,보행자,남,24세,경상
2016011900100553,2016년 1월 19일 23시,화요일,대전광역시 대덕구 비래동,경상사고,0,0,1,0,차대사람 - 기타,안전거리미확보,건조,맑음,교차로 - 교차로부근,승용,남,28세,상해없음,보행자,남,33세,경상
2016012000100077,2016년 1월 20일 07시,수요일,대전광역시 서구 갈마동,중상사고,0,1,0,0,차대사람 - 횡단중,보행자보호의무위반,건조,맑음,단일로 - 횡단보도상,승용,여,28세,상해없음,보행자,여,37세,중상
2016012000100109,2016년 1월 20일 08시,수요일,대전광역시 중구 오류동,중상사고,0,1,0,0,차대차 - 추돌,안전거리미확보,건조,맑음,단일로 - 기타,원동기,여,42세,중상,승용,남,49세,상해없음
2016012000100110,2016년 1월 20일 08시,수요일,대전광역시 동구 용운동,경상사고,0,0,1,0,차량단독 - 전도전복,안전운전불이행,건조,맑음,단일로 - 터널,승용,남,35세,경상,,,,
2016012000100111,2016년 1월 20일 08시,수요일,대전광역시 서구 가수원동,중상사고,0,1,0,0,차대사람 - 횡단중,안전운전불이행,건조,맑음,단일로 - 기타,승용,남,25세,상해없음,보행자,여,53세,중상
2016012000100112,2016년 1월 20일 08시,수요일,대전광역시 서구 변동,경상사고,0,0,2,0,차대차 - 추돌,안전운전불이행,건조,맑음,교차로 - 교차로부근,화물,남,64세,상해없음,승합,남,71세,경상
2016012000100141,2016년 1월 20일 09시,수요일,대전광역시 동구 용전동,경상사고,0,0,1,0,차대차 - 추돌,안전거리미확보,건조,맑음,단일로 - 기타,승용,남,56세,상해없음,승합,남,40세,상해없음
2016012000100142,2016년 1월 20일 09시,수요일,대전광역시 서구 둔산동,경상사고,0,0,1,0,차대사람 - 횡단중,보행자보호의무위반,건조,맑음,단일로 - 횡단보도상,승용,여,51세,상해없음,보행자,남,19세,경상
2016012000100143,2016년 1월 20일 09시,수요일,대전광역시 유성구 원내동,경상사고,0,0,3,0,차대차 - 측면직각충돌,신호위반,건조,맑음,교차로 - 교차로안,승합,남,42세,상해없음,승용,여,38세,경상
2016012000100170,2016년 1월 20일 10시,수요일,대전광역시 중구 산성동,경상사고,0,0,1,0,차대차 - 기타,직진우회전진행방해,건조,맑음,교차로 - 교차로안,원동기,남,34세,경상,특수,남,50세,상해없음
2016012000100171,2016년 1월 20일 10시,수요일,대전광역시 서구 용문동,중상사고,0,1,3,0,차대차 - 추돌,안전운전불이행,건조,맑음,교차로 - 교차로부근,승합,남,45세,상해없음,승합,남,58세,상해없음
2016012000100195,2016년 1월 20일 11시,수요일,대전광역시 서구 둔산동,경상사고,0,0,1,0,차대차 - 추돌,안전운전불이행,건조,맑음,단일로 - 기타,승용,남,56세,기타불명,승용,여,49세,경상
2016012000100196,2016년 1월 20일 11시,수요일,대전광역시 서구 만년동,경상사고,0,0,1,0,차대차 - 추돌,안전운전불이행,건조,맑음,교차로 - 교차로안,화물,남,37세,기타불명,승용,남,52세,기타불명
2016012000100197,2016년 1월 20일 11시,수요일,대전광역시 유성구 장대동,중상사고,0,1,0,0,차대차 - 추돌,안전운전불이행,건조,흐림,교차로 - 교차로부근,승용,남,66세,기타불명,승용,여,45세,중상
2016012000100222,2016년 1월 20일 12시,수요일,대전광역시 서구 탄방동,경상사고,0,0,1,0,차대사람 - 기타,안전운전불이행,건조,맑음,단일로 - 기타,승용,남,57세,상해없음,보행자,남,30세,경상
2016012000100235,2016년 1월 20일 13시,수요일,대전광역시 유성구 용산동,경상사고,0,0,2,0,차대차 - 기타,직진우회전진행방해,건조,맑음,교차로 - 교차로안,승용,여,30세,경상,승용,남,46세,경상
2016012000100263,2016년 1월 20일 14시,수요일,대전광역시 동구 가양동,경상사고,0,0,1,0,차대사람 - 길가장자리구역통행중,안전운전불이행,건조,맑음,단일로 - 기타,승합,남,57세,상해없음,보행자,남,22세,경상
2016012000100297,2016년 1월 20일 15시,수요일,대전광역시 중구 대사동,경상사고,0,0,1,0,차대사람 - 횡단중,안전운전불이행,건조,맑음,교차로 - 교차로부근,승용,남,54세,상해없음,보행자,여,31세,경상
2016012000100298,2016년 1월 20일 15시,수요일,대전광역시 동구 중동,중상사고,0,1,0,0,차대차 - 측면충돌,신호위반,건조,맑음,교차로 - 교차로안,승용,남,35세,상해없음,승용,여,58세,중상
2016012000100299,2016년 1월 20일 15시,수요일,대전광역시 서구 가장동,중상사고,0,1,0,0,차대차 - 측면충돌,안전거리미확보,건조,맑음,단일로 - 기타,승용,남,64세,상해없음,승용,여,58세,상해없음
2016012000100339,2016년 1월 20일 16시,수요일,대전광역시 대덕구 오정동,경상사고,0,0,1,0,차대차 - 측면직각충돌,불법유턴,건조,맑음,단일로 - 기타,화물,남,65세,상해없음,원동기,남,24세,경상
2016012000100409,2016년 1월 20일 18시,수요일,대전광역시 동구 용전동,경상사고,0,0,1,0,차대사람 - 횡단중,보행자보호의무위반,건조,맑음,교차로 - 교차로부근,승용,남,62세,상해없음,보행자,남,53세,경상
2016012000100410,2016년 1월 20일 18시,수요일,대전광역시 서구 가수원동,경상사고,0,0,1,0,차대사람 - 횡단중,보행자보호의무위반,건조,맑음,교차로 - 교차로안,승용,남,60세,상해없음,보행자,남,41세,경상
2016012000100411,2016년 1월 20일 18시,수요일,대전광역시 유성구 구암동,경상사고,0,0,1,0,차대차 - 추돌,안전운전불이행,건조,맑음,단일로 - 기타,원동기,남,54세,경상,승용,남,52세,상해없음
2016012000100412,2016년 1월 20일 18시,수요일,대전광역시 유성구 지족동,경상사고,0,0,1,0,차대사람 - 횡단중,보행자보호의무위반,건조,맑음,교차로 - 교차로부근,승용,여,35세,상해없음,보행자,여,37세,경상
2016012000100463,2016년 1월 20일 19시,수요일,대전광역시 중구 문화동,중상사고,0,1,0,0,차대차 - 정면충돌,안전거리미확보,건조,맑음,단일로 - 기타,승용,여,55세,상해없음,원동기,남,20세,중상
2016012000100486,2016년 1월 20일 20시,수요일,대전광역시 중구 태평동,경상사고,0,0,1,0,차대차 - 측면충돌,교차로운행방법위반,건조,맑음,교차로 - 교차로안,승용,남,79세,상해없음,승용,남,30세,경상
2016012000100545,2016년 1월 20일 22시,수요일,대전광역시 중구 오류동,경상사고,0,0,3,0,차대차 - 추돌,안전운전불이행,건조,맑음,단일로 - 기타,승용,남,40세,상해없음,승용,남,43세,경상
2016012000100546,2016년 1월 20일 22시,수요일,대전광역시 중구 유천동,경상사고,0,0,1,0,차대사람 - 기타,안전운전불이행,건조,맑음,단일로 - 기타,화물,남,21세,상해없음,보행자,남,21세,경상
2016012100100030,2016년 1월 21일 01시,목요일,대전광역시 중구 용두동,경상사고,0,0,2,0,차대차 - 측면직각충돌,중앙선침범,건조,맑음,단일로 - 기타,승용,남,25세,상해없음,승용,남,30세,경상
2016012100100105,2016년 1월 21일 07시,목요일,대전광역시 중구 태평동,중상사고,0,1,0,0,차대사람 - 횡단중,안전운전불이행,건조,맑음,단일로 - 기타,승용,남,45세,상해없음,보행자,남,42세,중상
2016012100100130,2016년 1월 21일 08시,목요일,대전광역시 서구 갈마동,경상사고,0,0,2,0,차대차 - 추돌,안전운전불이행,건조,맑음,단일로 - 기타,승용,여,34세,상해없음,승용,남,28세,경상
2016012100100173,2016년 1월 21일 10시,목요일,대전광역시 유성구 봉명동,중상사고,0,1,1,0,차대차 - 측면충돌,신호위반,건조,맑음,교차로 - 교차로안,승용,남,60세,상해없음,승합,남,53세,상해없음
2016012100100194,2016년 1월 21일 11시,목요일,대전광역시 유성구 봉산동,경상사고,0,0,1,0,차대차 - 측면충돌,안전거리미확보,건조,맑음,단일로 - 기타,승용,남,36세,상해없음,승합,남,51세,경상
2016012100100242,2016년 1월 21일 13시,목요일,대전광역시 서구 둔산동,경상사고,0,0,2,0,차대차 - 측면충돌,신호위반,건조,맑음,교차로 - 교차로안,승용,남,64세,경상,화물,남,36세,경상
2016012100100243,2016년 1월 21일 13시,목요일,대전광역시 유성구 봉명동,중상사고,0,1,0,0,차대사람 - 보도통행중,보행자보호의무위반,건조,맑음,단일로 - 횡단보도상,승용,남,80세,기타불명,보행자,여,33세,중상
2016012100100295,2016년 1월 21일 15시,목요일,대전광역시 서구 관저동,경상사고,0,0,2,0,차대차 - 측면충돌,교차로운행방법위반,건조,맑음,교차로 - 교차로안,화물,남,34세,상해없음,승용,남,39세,경상