사고번호,사고일시,요일,시군구,사고내용,사망자수,중상자수,경상자수,부상신고자수,사고유형,법규위반,노면상태,기상상태,도로형태,가해운전자 차종,가해운전자 성별,가해운전자 연령,가해운전자 상해정도,피해운전자 차종,피해운전자 성별,피해운전자 연령,피해운전자 상해정도
2016020200100492,2016년 2월 2일 19시,화요일,대전광역시 유성구 계산동,경상사고,0,0,4,0,차대차 - 측면충돌,신호위반,건조,맑음,교차로 - 교차로안,승용,남,29세,상해없음,승용,여,36세,경상
2016020200100514,2016년 2월 2일 20시,화요일,대전광역시 서구 도마동,경상사고,0,0,1,0,차대차 - 추돌,교차로운행방법위반,건조,맑음,교차로 - 교차로안,승용,남,40세,상해없음,승용,여,49세,경상
2016020200100544,2016년 2월 2일 21시,화요일,대전광역시 서구 둔산동,경상사고,0,0,1,0,차대차 - 추돌,안전운전불이행,건조,맑음,단일로 - 기타,승합,남,46세,상해없음,승용,남,57세,경상
2016020200100578,2016년 2월 2일 22시,화요일,대전광역시 동구 용전동,중상사고,0,1,0,0,차대사람 - 횡단중,보행자보호의무위반,건조,맑음,단일로 - 횡단보도상,승용,남,23세,상해없음,보행자,여,49세,중상
2016020200100579,2016년 2월 2일 22시,화요일,대전광역시 서구 관저동,중상사고,0,1,0,0,차대사람 - 차도통행중,안전운전불이행,건조,맑음,교차로 - 교차로부근,승용,여,21세,상해없음,보행자,남,18세,중상
2016020200100580,2016년 2월 2일 22시,화요일,대전광역시 서구 둔산동,경상사고,0,0,1,0,차대사람 - 횡단중,보행자보호의무위반,건조,맑음,단일로 - 횡단보도상,자전거,남,69세,상해없음,보행자,남,39세,경상
2016020200100581,2016년 2월 2일 22시,화요일,대전광역시 유성구 교촌동,경상사고,0,0,1,0,차대차 - 정면충돌,신호위반,건조,맑음,단일로 - 기타,화물,남,32세,상해없음,승용,여,53세,경상
2016020200100582,2016년 2월 2일 22시,화요일,대전광역시 유성구 구암동,경상사고,0,0,4,1,차대차 - 추돌,안전운전불이행,건조,맑음,교차로 - 교차로부근,승용,남,45세,상해없음,승용,남,42세,부상신고
2016020200100604,2016년 2월 2일 23시,화요일,대전광역시 서구 월평동,경상사고,0,0,2,0,차대차 - 추돌,안전운전불이행,건조,맑음,교차로 - 교차로부근,승용,남,40세,상해없음,승용,남,52세,경상
2016020300100020,2016년 2월 3일 00시,수요일,대전광역시 서구 갈마동,중상사고,0,2,1,0,차대차 - 측면직각충돌,신호위반,건조,맑음,교차로 - 교차로안,화물,남,45세,상해없음,승용,남,48세,중상
2016020300100021,2016년 2월 3일 00시,수요일,대전광역시 유성구 용산동,중상사고,0,1,3,0,차대차 - 기타,신호위반,건조,맑음,교차로 - 교차로안,승용,여,29세,경상,승용,남,32세,경상
2016020300100028,2016년 2월 3일 01시,수요일,대전광역시 서구 내동,경상사고,0,0,5,0,차대차 - 추돌,안전거리미확보,건조,맑음,단일로 - 기타,승용,남,40세,상해없음,승용,남,21세,경상
2016020300100029,2016년 2월 3일 01시,수요일,대전광역시 서구 도안동,중상사고,0,1,1,0,차대차 - 정면충돌,신호위반,건조,맑음,교차로 - 교차로안,승용,남,39세,상해없음,승용,남,59세,경상
2016020300100054,2016년 2월 3일 03시,수요일,대전광역시 서구 둔산동,중상사고,0,2,1,0,차대차 - 측면충돌,신호위반,건조,맑음,교차로 - 교차로안,승용,여,57세,상해없음,승용,남,48세,경상
2016020300100110,2016년 2월 3일 07시,수요일,대전광역시 대덕구 법동,경상사고,0,0,1,0,차대차 - 추돌,교차로운행방법위반,건조,맑음,단일로 - 기타,승용,남,35세,상해없음,승용,여,38세,경상
2016020300100155,2016년 2월 3일 08시,수요일,대전광역시 대덕구 오정동,경상사고,0,0,1,0,차대차 - 기타,안전운전불이행,건조,맑음,단일로 - 기타,승용,남,59세,상해없음,승용,남,24세,경상
2016020300100180,2016년 2월 3일 09시,수요일,대전광역시 대덕구 석봉동,중상사고,0,1,0,0,차대차 - 측면충돌,안전운전불이행,건조,맑음,단일로 - 기타,승용,여,32세,상해없음,승용,여,51세,중상
2016020300100209,2016년 2월 3일 10시,수요일,대전광역시 서구 탄방동,경상사고,0,0,1,0,차대사람 - 기타,안전운전불이행,건조,맑음,단일로 - 기타,승용,남,67세,상해없음,보행자,남,48세,경상
2016020300100295,2016년 2월 3일 13시,수요일,대전광역시 서구 도마동,중상사고,0,1,0,0,차대사람 - 횡단중,안전운전불이행,건조,맑음,단일로 - 기타,승용,남,41세,상해없음,보행자,여,62세,중상
2016020300100296,2016년 2월 3일 13시,수요일,대전광역시 서구 둔산동,경상사고,0,0,1,0,차대차 - 추돌,안전운전불이행,건조,맑음,단일로 - 기타,승용,남,77세,상해없음,승용,남,30세,경상
2016020300100389,2016년 2월 3일 15시,수요일,대전광역시 동구 삼성동,경상사고,0,0,2,0,차대차 - 측면직각충돌,안전운전불이행,건조,흐림,교차로 - 교차로안,승용,남,55세,상해없음,승용,남,50세,경상
2016020300100390,2016년 2월 3일 15시,수요일,대전광역시 서구 도마동,중상사고,0,1,0,0,차량단독 - 기타,기타,건조,맑음,단일로 - 기타,승합,남,53세,상해없음,,,,
2016020300100440,2016년 2월 3일 16시,수요일,대전광역시 동구 삼성동,중상사고,0,1,0,0,차대사람 - 횡단중,안전운전불이행,건조,맑음,교차로 - 교차로안,승용,여,55세,상해없음,보행자,여,81세,중상
2016020300100472,2016년 2월 3일 17시,수요일,대전광역시 중구 선화동,중상사고,0,1,0,0,차량단독 - 기타,기타,건조,맑음,단일로 - 기타,승합,남,49세,상해없음,,,,
2016020300100473,2016년 2월 3일 17시,수요일,대전광역시 동구 홍도동,중상사고,0,1,0,0,차대차 - 측면충돌,안전운전불이행,건조,맑음,교차로 - 교차로부근,승용,여,56세,상해없음,자전거,여,50세,중상
2016020300100519,2016년 2월 3일 18시,수요일,대전광역시 동구 자양동,중상사고,0,1,0,0,차대사람 - 횡단중,보행자보호의무위반,건조,맑음,단일로 - 횡단보도상,승용,남,56세,상해없음,보행자,남,63세,중상
2016020300100520,2016년 2월 3일 18시,수요일,대전광역시 대덕구 읍내동,경상사고,0,0,1,0,차대차 - 측면충돌,안전운전불이행,건조,맑음,단일로 - 기타,승용,남,60세,상해없음,승용,여,38세,경상
2016020300100521,2016년 2월 3일 18시,수요일,대전광역시 대덕구 중리동,부상신고사고,0,0,0,1,차대차 - 기타,안전운전불이행,건조,맑음,단일로 - 기타,이륜,남,42세,부상신고,승용,남,67세,상해없음
2016020300100635,2016년 2월 3일 21시,수요일,대전광역시 동구 성남동,경상사고,0,0,1,0,차대차 - 추돌,안전운전불이행,건조,맑음,교차로 - 교차로부근,승용,남,52세,상해없음,승용,여,46세,경상
2016020300100636,2016년 2월 3일 21시,수요일,대전광역시 대덕구 중리동,경상사고,0,0,1,0,차대차 - 정면충돌,신호위반,건조,맑음,교차로 - 교차로안,승용,남,61세,상해없음,승용,여,51세,경상
2016020300100675,2016년 2월 3일 22시,수요일,대전광역시 대덕구 덕암동,경상사고,0,0,2,1,차대차 - 추돌,안전운전불이행,건조,맑음,교차로 - 교차로안,승용,남,39세,상해없음,승용,남,64세,경상
2016020300100676,2016년 2월 3일 22시,수요일,대전광역시 서구 월평동,경상사고,0,0,1,0,차대차 - 정면충돌,안전운전불이행,건조,맑음,단일로 - 기타,승용,남,32세,상해없음,승합,남,74세,경상
2016020300100677,2016년 2월 3일 22시,수요일,대전광역시 유성구 봉산동,경상사고,0,0,1,0,차대차 - 측면직각충돌,안전거리미확보,건조,기타,교차로 - 교차로부근,승용,여,41세,상해없음,승용,여,42세,경상
2016020400100037,2016년 2월 4일 01시,목요일,대전광역시 서구 월평동,경상사고,0,0,1,0,차대차 - 추돌,신호위반,건조,맑음,교차로 - 교차로안,승용,남,31세,상해없음,승용,남,31세,경상
2016020400100047,2016년 2월 4일 02시,목요일,대전광역시 서구 갈마동,중상사고,0,1,2,0,차대차 - 기타,안전운전불이행,건조,맑음,교차로 - 교차로부근,승용,남,25세,상해없음,승용,남,47세,경상
2016020400100057,2016년 2월 4일 03시,목요일,대전광역시 유성구 궁동,중상사고,0,1,0,0,차대차 - 측면직각충돌,교차로운행방법위반,건조,맑음,교차로 - 교차로안,승용,남,23세,상해없음,승용,남,37세,중상
2016020400100122,2016년 2월 4일 07시,목요일,대전광역시 동구 판암동,경상사고,0,0,1,0,차대사람 - 횡단중,보행자보호의무위반,건조,맑음,교차로 - 교차로안,화물,남,62세,상해없음,보행자,남,57세,경상
2016020400100175,2016년 2월 4일 08시,목요일,대전광역시 중구 선화동,경상사고,0,0,1,0,차대차 - 추돌,안전운전불이행,건조,맑음,단일로 - 기타,승용,남,58세,상해없음,승용,여,29세,경상
2016020400100176,2016년 2월 4일 08시,목요일,대전광역시 서구 둔산동,중상사고,0,1,0,0,차대사람 - 횡단중,안전운전불이행,건조,맑음,단일로 - 기타,승용,남,57세,상해없음,보행자,여,57세,중상
2016020400100177,2016년 2월 4일 08시,목요일,대전광역시 유성구 반석동,경상사고,0,0,8,0,차대차 - 추돌,안전운전불이행,건조,맑음,단일로 - 기타,화물,남,33세,상해없음,승합,남,38세,경상
2016020400100178,2016년 2월 4일 08시,목요일,대전광역시 유성구 노은동,경상사고,0,0,1,0,차대사람 - 횡단중,안전운전불이행,건조,맑음,교차로 - 교차로안,승용,남,33세,상해없음,보행자,여,18세,경상
2016020400100240,2016년 2월 4일 10시,목요일,대전광역시 중구 중촌동,중상사고,0,1,0,0,차대차 - 기타,차로위반,건조,맑음,단일로 - 기타,승용,남,79세,상해없음,승용,남,39세,중상
2016020400100241,2016년 2월 4일 10시,목요일,대전광역시 유성구 도룡동,경상사고,0,0,1,0,차대차 - 측면충돌,교차로운행방법위반,건조,맑음,교차로 - 교차로안,승용,여,59세,상해없음,승용,남,49세,경상
2016020400100293,2016년 2월 4일 12시,목요일,대전광역시 유성구 교촌동,경상사고,0,0,5,0,차대차 - 기타,신호위반,건조,맑음,교차로 - 교차로안,승용,남,70세,상해없음,승용,남,43세,경상
2016020400100328,2016년 2월 4일 13시,목요일,대전광역시 중구 은행동,중상사고,0,1,0,0,차대사람 - 횡단중,안전운전불이행,건조,맑음,단일로 - 기타,승용,남,22세,상해없음,보행자,여,47세,중상
2016020400100368,2016년 2월 4일 14시,목요일,대전광역시 동구 용운동,중상사고,0,1,1,0,차대차 - 측면직각충돌,안전운전불이행,건조,맑음,단일로 - 기타,화물,남,56세,상해없음,승용,여,34세,중상
2016020400100369,2016년 2월 4일 14시,목요일,대전광역시 대덕구 법동,중상사고,0,1,0,0,차대차 - 측면직각충돌,안전운전불이행,건조,맑음,교차로 - 교차로안,승용,여,48세,기타불명,원동기,남,37세,중상
2016020400100418,2016년 2월 4일 15시,목요일,대전광역시 서구 탄방동,경상사고,0,0,1,0,차대차 - 측면직각충돌,안전운전불이행,건조,맑음,단일로 - 기타,승용,여,43세,상해없음,이륜,남,54세,경상
2016020400100487,2016년 2월 4일 17시,목요일,대전광역시 중구 안영동,경상사고,0,0,1,0,차대차 - 추돌,안전운전불이행,건조,맑음,단일로 - 기타,승용,남,44세,상해없음,승용,남,54세,경상
2016020400100488,2016년 2월 4일 17시,목요일,대전광역시 동구 홍도동,중상사고,0,1,0,0,차대사람 - 횡단중,보행자보호의무위반,건조,맑음,단일로 - 횡단보도상,특수,남,40세,상해없음,보행자,남,72세,중상
2016020400100489,2016년 2월 4일 17시,목요일,대전광역시 유성구 봉명동,경상사고,0,0,2,0,차대차 - 기타,안전운전불이행,건조,맑음,단일로 - 기타,승용,여,41세,상해없음,승용,남,52세,경상
2016020400100541,2016년 2월 4일 18시,목요일,대전광역시 서구 월평동,경상사고,0,0,1,0,차대차 - 추돌,안전운전불이행,건조,맑음,교차로 - 교차로부근,승용,남,57세,상해없음,승용,여,49세,경상
2016020400100576,2016년 2월 4일 19시,목요일,대전광역시 중구 오류동,경상사고,0,0,1,0,차대차 - 측면충돌,신호위반,건조,맑음,교차로 - 교차로안,승용,여,71세,상해없음,승용,여,47세,경상
2016020400100636,2016년 2월 4일 21시,목요일,대전광역시 서구 괴정동,경상사고,0,0,1,0,차대차 - 기타,안전운전불이행,건조,맑음,교차로 - 교차로안,이륜,기타불명,기타불명,기타불명,승용,남,63세,상해없음
2016020400100655,2016년 2월 4일 22시,목요일,대전광역시 동구 정동,경상사고,0,0,1,0,차대사람 - 기타,안전운전불이행,건조,맑음,기타 - 기타,승용,남,41세,상해없음,보행자,여,23세,경상
2016020400100656,2016년 2월 4일 22시,목요일,대전광역시 대덕구 상서동,부상신고사고,0,0,0,1,차대차 - 추돌,안전운전불이행,건조,맑음,교차로 - 교차로부근,화물,남,42세,상해없음,승용,남,42세,부상신고
2016020400100682,2016년 2월 4일 23시,목요일,대전광역시 중구 대흥동,중상사고,0,4,0,0,차대차 - 측면직각충돌,신호위반,건조,맑음,교차로 - 교차로안,승용,남,60세,상해없음,승용,여,22세,중상
2016020400100683,2016년 2월 4일 23시,목요일,대전광역시 중구 오류동,경상사고,0,0,1,0,차대차 - 추돌,안전운전불이행,건조,맑음,교차로 - 교차로부근,승용,남,53세,상해없음,승용,남,22세,경상
2016020500100021,2016년 2월 5일 00시,금요일,대전광역시 동구 자양동,경상사고,0,0,1,0,차대차 - 측면충돌,안전운전불이행,건조,맑음,단일로 - 기타,승용,남,56세,상해없음,승용,남,39세,상해없음
2016020500100022,2016년 2월 5일 00시,금요일,대전광역시 서구 월평동,경상사고,0,0,2,0,차대차 - 추돌,안전운전불이행,건조,맑음,교차로 - 교차로부근,승용,남,62세,상해없음,승용,남,50세,경상
2016020500100037,2016년 2월 5일 01시,금요일,대전광역시 중구 태평동,경상사고,0,0,2,0,차대차 - 측면충돌,교차로운행방법위반,건조,맑음,교차로 - 교차로안,승용,남,26세,상해없음,승용,남,31세,경상
2016020500100052,2016년 2월 5일 03시,금요일,대전광역시 유성구 구성동,경상사고,0,0,5,0,차대차 - 측면충돌,신호위반,건조,맑음,교차로 - 교차로안,화물,남,56세,상해없음,승용,남,44세,경상
2016020500100074,2016년 2월 5일 05시,금요일,대전광역시 서구 갈마동,경상사고,0,0,1,0,차대차 - 추돌,신호위반,건조,맑음,교차로 - 교차로안,승용,남,42세,상해없음,승용,남,43세,경상
2016020500100110,2016년 2월 5일 07시,금요일,대전광역시 중구 태평동,경상사고,0,0,1,0,차대차 - 추돌,안전거리미확보,건조,맑음,단일로 - 기타,승용,남,42세,상해없음,승용,남,47세,경상
2016020500100111,2016년 2월 5일 07시,금요일,대전광역시 유성구 구암동,경상사고,0,0,1,0,차대차 - 측면충돌,신호위반,건조,맑음,교차로 - 교차로안,승용,남,68세,상해없음,승용,남,47세,경상
2016020500100160,2016년 2월 5일 08시,금요일,대전광역시 중구 문화동,경상사고,0,0,1,0,차대차 - 측면충돌,불법유턴,건조,맑음,단일로 - 기타,승용,남,34세,상해없음,승용,남,36세,경상
2016020500100161,2016년 2월 5일 08시,금요일,대전광역시 중구 문화동,중상사고,0,1,0,0,차대차 - 측면직각충돌,교차로운행방법위반,건조,맑음,교차로 - 교차로안,승용,여,41세,상해없음,원동기,남,52세,중상
2016020500100162,2016년 2월 5일 08시,금요일,대전광역시 대덕구 신일동,중상사고,0,1,0,0,차대차 - 정면충돌,교차로운행방법위반,건조,맑음,교차로 - 교차로안,화물,남,26세,상해없음,원동기,여,51세,중상
2016020500100216,2016년 2월 5일 10시,금요일,대전광역시 유성구 원신흥동,경상사고,0,0,1,0,차대차 - 추돌,안전운전불이행,건조,맑음,단일로 - 기타,승용,남,33세,상해없음,승용,남,36세,경상
2016020500100269,2016년 2월 5일 12시,금요일,대전광역시 서구 갈마동,경상사고,0,0,1,0,차대차 - 추돌,안전운전불이행,건조,맑음,교차로 - 교차로부근,승용,남,35세,상해없음,승용,여,45세,경상
2016020500100405,2016년 2월 5일 15시,금요일,대전광역시 대덕구 석봉동,경상사고,0,0,1,0,차대차 - 기타,안전거리미확보,건조,맑음,단일로 - 기타,승용,여,37세,기타불명,승용,여,47세,경상
2016020500100441,2016년 2월 5일 16시,금요일,대전광역시 유성구 원촌동,중상사고,0,1,0,0,차대차 - 정면충돌,신호위반,건조,맑음,교차로 - 교차로부근,이륜,남,51세,중상,승용,남,45세,상해없음
2016020500100442,2016년 2월 5일 16시,금요일,대전광역시 유성구 구암동,중상사고,0,1,0,0,차대차 - 측면충돌,신호위반,건조,맑음,교차로 - 교차로안,화물,여,47세,상해없음,승용,남,56세,중상
2016020500100443,2016년 2월 5일 16시,금요일,대전광역시 유성구 장대동,경상사고,0,0,1,0,차대차 - 기타,안전운전불이행,건조,맑음,기타 - 기타,승용,여,42세,상해없음,자전거,남,21세,경상
2016020500100475,2016년 2월 5일 17시,금요일,대전광역시 중구 유천동,경상사고,0,0,1,0,차대차 - 추돌,안전거리미확보,건조,맑음,단일로 - 기타,화물,남,57세,상해없음,승용,남,42세,경상
2016020500100476,2016년 2월 5일 17시,금요일,대전광역시 서구 둔산동,경상사고,0,0,1,0,차대차 - 기타,안전운전불이행,건조,맑음,교차로 - 교차로부근,승용,남,56세,상해없음,승용,남,66세,경상
2016020500100519,2016년 2월 5일 18시,금요일,대전광역시 서구 탄방동,경상사고,0,0,1,0,차대사람 - 횡단중,안전운전불이행,건조,맑음,단일로 - 기타,승용,남,25세,상해없음,보행자,여,12세,경상
2016020500100520,2016년 2월 5일 18시,금요일,대전광역시 서구 갈마동,경상사고,0,0,1,0,차대사람 - 차도통행중,안전운전불이행,건조,맑음,교차로 - 교차로부근,기타불명,기타불명,28세,기타불명,보행자,여,25세,경상
2016020500100558,2016년 2월 5일 19시,금요일,대전광역시 동구 홍도동,경상사고,0,0,2,0,차대차 - 추돌,안전거리미확보,습기,흐림,단일로 - 기타,화물,남,59세,상해없음,승용,남,44세,경상
2016020500100559,2016년 2월 5일 19시,금요일,대전광역시 대덕구 신탄진동,경상사고,0,0,1,0,차대차 - 측면직각충돌,신호위반,건조,맑음,교차로 - 교차로안,승용,여,61세,상해없음,승용,남,54세,경상
2016020500100560,2016년 2월 5일 19시,금요일,대전광역시 대덕구 오정동,경상사고,0,0,1,0,차대차 - 측면직각충돌,신호위반,건조,맑음,교차로 - 교차로안,화물,남,57세,기타불명,화물,남,42세,경상
2016020500100591,2016년 2월 5일 20시,금요일,대전광역시 동구 용전동,경상사고,0,0,1,0,차대사람 - 횡단중,보행자보호의무위반,건조,맑음,단일로 - 횡단보도상,승용,남,56세,상해없음,보행자,남,31세,경상
2016020500100592,2016년 2월 5일 20시,금요일,대전광역시 서구 갈마동,중상사고,0,1,0,0,차대차 - 측면충돌,안전거리미확보,건조,맑음,단일로 - 기타,승용,남,27세,상해없음,승용,여,28세,중상
2016020500100651,2016년 2월 5일 22시,금요일,대전광역시 동구 용운동,중상사고,0,2,0,0,차대사람 - 횡단중,보행자보호의무위반,건조,맑음,단일로 - 횡단보도상,화물,남,21세,상해없음,보행자,남,23세,중상
2016020600100055,2016년 2월 6일 01시,토요일,대전광역시 중구 대흥동,경상사고,0,0,3,0,차대차 - 측면직각충돌,안전거리미확보,건조,맑음,교차로 - 교차로부근,승용,여,59세,경상,승용,남,48세,경상
2016020600100142,2016년 2월 6일 07시,토요일,대전광역시 대덕구 중리동,경상사고,0,0,1,0,차대사람 - 차도통행중,안전운전불이행,건조,맑음,단일로 - 기타,승용,남,34세,상해없음,보행자,여,60세,경상
2016020600100152,2016년 2월 6일 08시,토요일,대전광역시 동구 자양동,중상사고,0,1,0,0,차대차 - 측면직각충돌,불법유턴,건조,맑음,단일로 - 기타,승용,남,68세,상해없음,승용,남,30세,중상
2016020600100170,2016년 2월 6일 09시,토요일,대전광역시 유성구 학하동,경상사고,0,0,1,0,차대차 - 추돌,안전운전불이행,건조,맑음,단일로 - 기타,승용,남,44세,상해없음,승용,여,55세,경상
2016020600100171,2016년 2월 6일 09시,토요일,대전광역시 유성구 봉명동,중상사고,0,3,2,0,차대차 - 측면직각충돌,교차로운행방법위반,건조,맑음,교차로 - 교차로안,승용,남,50세,경상,승용,여,40세,중상
2016020600100220,2016년 2월 6일 11시,토요일,대전광역시 서구 관저동,경상사고,0,0,2,0,차대차 - 측면직각충돌,신호위반,건조,맑음,교차로 - 교차로안,승용,남,59세,상해없음,승용,남,35세,경상
2016020600100221,2016년 2월 6일 11시,토요일,대전광역시 유성구 봉명동,중상사고,0,1,0,0,차대차 - 추돌,중앙선침범,건조,맑음,단일로 - 기타,승용,여,49세,상해없음,이륜,남,54세,중상
2016020600100286,2016년 2월 6일 13시,토요일,대전광역시 서구 둔산동,경상사고,0,0,1,0,차대차 - 측면직각충돌,안전운전불이행,건조,맑음,단일로 - 기타,승용,여,52세,상해없음,승용,남,56세,경상
2016020600100320,2016년 2월 6일 14시,토요일,대전광역시 서구 변동,경상사고,0,0,1,0,차량단독 - 기타,안전운전불이행,건조,맑음,단일로 - 기타,승합,남,46세,상해없음,,,,
2016020600100350,2016년 2월 6일 15시,토요일,대전광역시 유성구 봉명동,경상사고,0,0,1,0,차대차 - 측면충돌,안전운전불이행,건조,맑음,단일로 - 기타,승용,남,56세,상해없음,승용,남,29세,경상
2016020600100387,2016년 2월 6일 16시,토요일,대전광역시 유성구 장대동,경상사고,0,0,1,0,차대차 - 측면직각충돌,교차로운행방법위반,건조,맑음,교차로 - 교차로안,이륜,남,69세,상해없음,승용,여,49세,경상
2016020600100417,2016년 2월 6일 17시,토요일,대전광역시 중구 대흥동,중상사고,0,1,0,0,차대차 - 추돌,안전운전불이행,건조,맑음,단일로 - 기타,승용,남,26세,상해없음,승용,남,68세,중상
2016020600100418,2016년 2월 6일 17시,토요일,대전광역시 대덕구 문평동,경상사고,0,0,1,0,차대차 - 측면충돌,신호위반,건조,맑음,교차로 - 교차로안,승합,남,52세,상해없음,승용,여,52세,경상
2016020600100419,2016년 2월 6일 17시,토요일,대전광역시 대덕구 송촌동,중상사고,0,1,0,0,차대차 - 추돌,안전운전불이행,건조,맑음,교차로 - 교차로부근,화물,남,57세,기타불명,화물,남,52세,중상
2016020600100420,2016년 2월 6일 17시,토요일,대전광역시 서구 갈마동,경상사고,0,0,1,0,차대차 - 추돌,안전운전불이행,건조,맑음,교차로 - 교차로부근,승용,남,44세,상해없음,승용,남,24세,경상
2016020600100421,2016년 2월 6일 17시,토요일,대전광역시 서구 둔산동,경상사고,0,0,1,0,차대차 - 측면직각충돌,안전운전불이행,건조,맑음,교차로 - 교차로안,승용,여,54세,상해없음,승용,남,31세,경상
2016020600100422,2016년 2월 6일 17시,토요일,대전광역시 서구 둔산동,경상사고,0,0,1,0,차대차 - 추돌,안전운전불이행,건조,맑음,단일로 - 기타,승용,남,47세,상해없음,승용,남,40세,상해없음
2016020600100453,2016년 2월 6일 18시,토요일,대전광역시 서구 관저동,경상사고,0,0,1,0,차대차 - 측면직각충돌,신호위반,건조,맑음,교차로 - 교차로안,승용,남,34세,상해없음,자전거,남,44세,경상
2016020600100454,2016년 2월 6일 18시,토요일,대전광역시 유성구 관평동,경상사고,0,0,1,0,차대차 - 측면직각충돌,신호위반,건조,맑음,교차로 - 교차로안,승용,여,22세,상해없음,승용,남,43세,경상
2016020600100480,2016년 2월 6일 19시,토요일,대전광역시 대덕구 중리동,사망사고,1,0,0,0,차대사람 - 횡단중,안전운전불이행,습기,흐림,교차로 - 교차로안,승용,남,52세,상해없음,보행자,여,66세,사망
2016020600100515,2016년 2월 6일 20시,토요일,대전광역시 서구 정림동,경상사고,0,0,1,0,차대차 - 측면충돌,안전운전불이행,건조,맑음,교차로 - 교차로부근,승용,기타불명,기타불명,기타불명,승합,남,39세,경상
2016020600100576,2016년 2월 6일 23시,토요일,대전광역시 서구 갈마동,경상사고,0,0,1,0,차대차 - 기타,안전운전불이행,건조,맑음,교차로 - 교차로안,승용,남,54세,상해없음,승용,여,26세,경상
2016020700100016,2016년 2월 7일 00시,일요일,대전광역시 대덕구 송촌동,중상사고,0,1,0,0,차대사람 - 횡단중,안전운전불이행,습기,흐림,단일로 - 기타,승용,남,49세,기타불명,보행자,남,42세,중상
2016020700100017,2016년 2월 7일 00시,일요일,대전광역시 유성구 구암동,중상사고,0,1,0,0,차대사람 - 차도통행중,안전운전불이행,건조,맑음,단일로 - 기타,승용,남,59세,상해없음,보행자,남,44세,중상
2016020700100062,2016년 2월 7일 03시,일요일,대전광역시 중구 석교동,경상사고,0,0,1,0,차대차 - 측면직각충돌,신호위반,건조,맑음,교차로 - 교차로안,승용,남,54세,상해없음,승용,남,53세,경상
2016020700100094,2016년 2월 7일 06시,일요일,대전광역시 대덕구 오정동,경상사고,0,0,1,0,차대차 - 측면충돌,안전거리미확보,건조,맑음,단일로 - 기타,화물,남,62세,상해없음,승용,남,37세,경상
2016020700100118,2016년 2월 7일 08시,일요일,대전광역시 서구 변동,경상사고,0,0,1,0,차대차 - 측면직각충돌,안전운전불이행,건조,맑음,교차로 - 교차로부근,승용,남,28세,상해없음,승용,남,47세,경상
2016020700100119,2016년 2월 7일 08시,일요일,대전광역시 서구 둔산동,경상사고,0,0,3,0,차대차 - 측면충돌,신호위반,건조,맑음,교차로 - 교차로안,승용,남,53세,경상,승용,남,33세,경상
2016020700100134,2016년 2월 7일 09시,일요일,대전광역시 중구 문창동,경상사고,0,0,2,0,차대차 - 측면충돌,안전운전불이행,건조,맑음,교차로 - 교차로안,승용,여,42세,상해없음,승용,남,38세,경상
2016020700100135,2016년 2월 7일 09시,일요일,대전광역시 중구 산성동,경상사고,0,0,2,0,차대차 - 추돌,안전운전불이행,건조,맑음,단일로 - 기타,이륜,남,68세,상해없음,화물,남,41세,경상
2016020700100136,2016년 2월 7일 09시,일요일,대전광역시 서구 가장동,경상사고,0,0,1,0,차대사람 - 길가장자리구역통행중,안전운전불이행,건조,맑음,단일로 - 기타,승용,여,35세,상해없음,보행자,여,18세,경상
2016020700100137,2016년 2월 7일 09시,일요일,대전광역시 서구 내동,경상사고,0,0,1,0,차대차 - 추돌,안전운전불이행,건조,맑음,교차로 - 교차로부근,승용,남,55세,상해없음,승용,남,24세,경상
2016020700100163,2016년 2월 7일 10시,일요일,대전광역시 서구 도마동,경상사고,0,0,1,0,차대차 - 추돌,안전운전불이행,건조,맑음,단일로 - 기타,기타불명,기타불명,기타불명,기타불명,승용,남,63세,경상
2016020700100237,2016년 2월 7일 13시,일요일,대전광역시 동구 가오동,경상사고,0,0,1,0,차대차 - 추돌,안전운전불이행,건조,맑음,단일로 - 기타,승용,남,72세,상해없음,승용,여,54세,경상
2016020700100238,2016년 2월 7일 13시,일요일,대전광역시 동구 가양동,경상사고,0,0,1,0,차대사람 - 길가장자리구역통행중,안전운전불이행,건조,맑음,기타 - 기타,승용,여,63세,상해없음,보행자,남,68세,경상
2016020700100259,2016년 2월 7일 14시,일요일,대전광역시 중구 오류동,경상사고,0,0,1,0,차대차 - 측면충돌,안전운전불이행,건조,맑음,미분류 - 미분류,승용,남,59세,상해없음,승용,남,34세,경상
2016020700100260,2016년 2월 7일 14시,일요일,대전광역시 서구 탄방동,중상사고,0,2,1,0,차대차 - 측면충돌,교차로운행방법위반,건조,맑음,교차로 - 교차로안,승용,남,43세,기타불명,승용,남,34세,중상
2016020700100261,2016년 2월 7일 14시,일요일,대전광역시 유성구 대정동,경상사고,0,0,3,0,차대차 - 정면충돌,안전운전불이행,건조,맑음,단일로 - 기타,승용,남,56세,상해없음,승용,남,38세,상해없음
2016020700100387,2016년 2월 7일 21시,일요일,대전광역시 대덕구 상서동,경상사고,0,0,1,0,차대차 - 추돌,안전운전불이행,건조,맑음,단일로 - 기타,승용,남,36세,상해없음,승용,남,44세,경상
2016020700100401,2016년 2월 7일 22시,일요일,대전광역시 대덕구 오정동,중상사고,0,1,0,0,차대사람 - 기타,안전운전불이행,건조,맑음,교차로 - 교차로부근,승용,여,34세,기타불명,보행자,여,46세,중상