사고번호,사고일시,요일,시군구,사고내용,사망자수,중상자수,경상자수,부상신고자수,사고유형,법규위반,노면상태,기상상태,도로형태,가해운전자 차종,가해운전자 성별,가해운전자 연령,가해운전자 상해정도,피해운전자 차종,피해운전자 성별,피해운전자 연령,피해운전자 상해정도
2016021600100204,2016년 2월 16일 10시,화요일,대전광역시 중구 은행동,경상사고,0,0,1,0,차대차 - 측면직각충돌,신호위반,건조,맑음,교차로 - 교차로안,승용,남,30세,상해없음,승용,남,79세,경상
2016021600100239,2016년 2월 16일 11시,화요일,대전광역시 대덕구 와동,중상사고,0,1,0,0,차대차 - 추돌,신호위반,건조,맑음,교차로 - 교차로부근,승용,여,57세,상해없음,승용,남,63세,중상
2016021600100316,2016년 2월 16일 13시,화요일,대전광역시 중구 대흥동,경상사고,0,0,1,0,차대사람 - 횡단중,보행자보호의무위반,건조,맑음,단일로 - 기타,승용,여,67세,상해없음,보행자,남,38세,경상
2016021600100317,2016년 2월 16일 13시,화요일,대전광역시 중구 중촌동,경상사고,0,0,1,0,차대차 - 추돌,안전운전불이행,건조,맑음,교차로 - 교차로부근,화물,남,26세,상해없음,승용,남,30세,경상
2016021600100347,2016년 2월 16일 14시,화요일,대전광역시 서구 탄방동,경상사고,0,0,1,0,차대사람 - 횡단중,안전운전불이행,건조,맑음,교차로 - 교차로안,승합,남,56세,상해없음,보행자,남,66세,경상
2016021600100517,2016년 2월 16일 19시,화요일,대전광역시 중구 대흥동,중상사고,0,1,1,0,차대차 - 정면충돌,중앙선침범,건조,맑음,단일로 - 기타,승용,남,51세,상해없음,승용,남,28세,경상
2016021600100518,2016년 2월 16일 19시,화요일,대전광역시 서구 둔산동,중상사고,0,1,0,0,차대차 - 추돌,신호위반,건조,맑음,교차로 - 교차로안,화물,남,30세,상해없음,승용,남,30세,중상
2016021600100568,2016년 2월 16일 21시,화요일,대전광역시 동구 대동,중상사고,0,2,0,0,차대차 - 정면충돌,안전거리미확보,건조,맑음,단일로 - 기타,승용,남,55세,상해없음,승용,남,24세,중상
2016021600100596,2016년 2월 16일 22시,화요일,대전광역시 중구 용두동,경상사고,0,0,2,0,차대차 - 추돌,안전운전불이행,건조,흐림,단일로 - 교량,화물,남,57세,상해없음,승용,남,29세,경상
2016021600100597,2016년 2월 16일 22시,화요일,대전광역시 서구 가수원동,경상사고,0,0,1,0,차대차 - 측면직각충돌,신호위반,건조,맑음,교차로 - 교차로부근,이륜,남,20세,상해없음,승용,남,26세,경상
2016021600100598,2016년 2월 16일 22시,화요일,대전광역시 대덕구 신탄진동,경상사고,0,0,1,0,차대차 - 추돌,안전거리미확보,습기,흐림,단일로 - 기타,화물,남,58세,상해없음,승용,여,53세,경상
2016021700100018,2016년 2월 17일 00시,수요일,대전광역시 서구 도안동,경상사고,0,0,1,0,차대사람 - 횡단중,신호위반,건조,맑음,교차로 - 교차로안,기타불명,기타불명,기타불명,기타불명,보행자,남,21세,경상
2016021700100028,2016년 2월 17일 01시,수요일,대전광역시 대덕구 비래동,경상사고,0,0,1,0,차대차 - 측면충돌,안전운전불이행,습기,흐림,단일로 - 기타,승용,여,29세,상해없음,승용,여,41세,경상
2016021700100040,2016년 2월 17일 02시,수요일,대전광역시 서구 괴정동,경상사고,0,0,1,0,차대차 - 측면직각충돌,중앙선침범,건조,맑음,단일로 - 기타,화물,남,36세,상해없음,승용,남,56세,경상
2016021700100046,2016년 2월 17일 03시,수요일,대전광역시 서구 월평동,경상사고,0,0,1,0,차대사람 - 길가장자리구역통행중,안전운전불이행,건조,맑음,단일로 - 기타,승용,남,39세,상해없음,보행자,남,23세,경상
2016021700100092,2016년 2월 17일 06시,수요일,대전광역시 서구 내동,중상사고,0,1,0,0,차대사람 - 횡단중,신호위반,건조,맑음,교차로 - 교차로안,화물,남,57세,상해없음,보행자,여,46세,중상
2016021700100093,2016년 2월 17일 06시,수요일,대전광역시 대덕구 오정동,사망사고,1,0,0,0,차대사람 - 횡단중,보행자보호의무위반,습기,흐림,단일로 - 기타,화물,남,38세,상해없음,보행자,여,61세,사망
2016021700100160,2016년 2월 17일 08시,수요일,대전광역시 중구 대흥동,경상사고,0,0,1,0,차대사람 - 차도통행중,안전운전불이행,건조,맑음,단일로 - 기타,승용,여,33세,상해없음,보행자,남,28세,경상
2016021700100290,2016년 2월 17일 12시,수요일,대전광역시 서구 월평동,경상사고,0,0,1,0,차대차 - 기타,신호위반,건조,맑음,교차로 - 교차로안,이륜,남,60세,경상,승용,남,44세,상해없음
2016021700100463,2016년 2월 17일 17시,수요일,대전광역시 동구 가양동,중상사고,0,1,0,0,차대사람 - 횡단중,안전운전불이행,건조,맑음,단일로 - 기타,자전거,남,14세,기타불명,보행자,여,8세,중상
2016021700100507,2016년 2월 17일 18시,수요일,대전광역시 서구 내동,경상사고,0,0,1,0,차대차 - 측면직각충돌,안전운전불이행,건조,맑음,단일로 - 기타,화물,남,60세,상해없음,자전거,여,33세,경상
2016021700100547,2016년 2월 17일 19시,수요일,대전광역시 동구 가오동,경상사고,0,0,1,0,차대사람 - 기타,안전운전불이행,건조,맑음,단일로 - 기타,원동기,남,39세,상해없음,보행자,여,7세,경상
2016021700100578,2016년 2월 17일 20시,수요일,대전광역시 서구 가수원동,중상사고,0,1,0,0,차대차 - 기타,안전운전불이행,건조,맑음,단일로 - 기타,승용,남,69세,상해없음,이륜,남,61세,중상
2016021700100609,2016년 2월 17일 21시,수요일,대전광역시 대덕구 중리동,경상사고,0,0,2,1,차대차 - 추돌,안전운전불이행,건조,맑음,단일로 - 기타,승용,남,41세,상해없음,화물,남,62세,경상
2016021700100610,2016년 2월 17일 21시,수요일,대전광역시 서구 갈마동,경상사고,0,0,2,0,차대차 - 정면충돌,안전운전불이행,건조,맑음,단일로 - 기타,승용,남,23세,상해없음,승용,여,53세,경상
2016021700100611,2016년 2월 17일 21시,수요일,대전광역시 유성구 관평동,중상사고,0,1,0,0,차대사람 - 횡단중,안전운전불이행,건조,맑음,교차로 - 교차로안,승용,여,27세,상해없음,보행자,남,52세,중상
2016021700100663,2016년 2월 17일 23시,수요일,대전광역시 동구 가양동,경상사고,0,0,1,0,차대사람 - 횡단중,안전운전불이행,건조,맑음,단일로 - 기타,승용,남,41세,상해없음,보행자,남,18세,경상
2016021800100072,2016년 2월 18일 05시,목요일,대전광역시 중구 태평동,사망사고,1,0,0,0,차대사람 - 횡단중,안전운전불이행,건조,맑음,교차로 - 교차로안,승용,남,53세,상해없음,보행자,여,69세,사망
2016021800100073,2016년 2월 18일 05시,목요일,대전광역시 대덕구 문평동,경상사고,0,0,1,0,차대차 - 측면충돌,신호위반,건조,맑음,교차로 - 교차로안,화물,남,52세,상해없음,승용,남,33세,경상
2016021800100074,2016년 2월 18일 05시,목요일,대전광역시 서구 월평동,경상사고,0,0,1,0,차대차 - 측면직각충돌,신호위반,건조,맑음,교차로 - 교차로안,승용,여,42세,상해없음,승용,남,68세,경상
2016021800100146,2016년 2월 18일 08시,목요일,대전광역시 서구 둔산동,경상사고,0,0,1,0,차대차 - 측면직각충돌,안전운전불이행,건조,맑음,단일로 - 기타,승용,남,25세,상해없음,승용,남,29세,경상
2016021800100197,2016년 2월 18일 10시,목요일,대전광역시 동구 대동,중상사고,0,1,0,0,차량단독 - 기타,안전운전불이행,건조,맑음,단일로 - 기타,승합,남,58세,상해없음,,,,
2016021800100198,2016년 2월 18일 10시,목요일,대전광역시 서구 내동,경상사고,0,0,2,0,차대차 - 추돌,안전운전불이행,건조,맑음,단일로 - 기타,승용,남,25세,상해없음,승용,여,55세,경상
2016021800100199,2016년 2월 18일 10시,목요일,대전광역시 유성구 관평동,경상사고,0,0,1,0,차대차 - 측면충돌,신호위반,건조,맑음,교차로 - 교차로안,승용,남,69세,상해없음,승용,여,44세,경상
2016021800100230,2016년 2월 18일 11시,목요일,대전광역시 중구 안영동,중상사고,0,1,0,0,차대사람 - 기타,안전운전불이행,건조,맑음,단일로 - 기타,자전거,여,14세,상해없음,보행자,남,68세,중상
2016021800100306,2016년 2월 18일 14시,목요일,대전광역시 동구 삼성동,중상사고,0,1,0,0,차대차 - 측면충돌,안전운전불이행,건조,맑음,단일로 - 기타,자전거,남,90세 이상,중상,특수,남,54세,상해없음
2016021800100307,2016년 2월 18일 14시,목요일,대전광역시 서구 갈마동,경상사고,0,0,2,0,차대차 - 기타,교차로운행방법위반,건조,맑음,교차로 - 교차로안,승용,기타불명,기타불명,기타불명,승용,남,50세,상해없음
2016021800100373,2016년 2월 18일 16시,목요일,대전광역시 대덕구 신대동,경상사고,0,0,1,0,차대차 - 추돌,안전운전불이행,건조,맑음,단일로 - 기타,화물,남,46세,상해없음,승용,남,45세,경상
2016021800100398,2016년 2월 18일 17시,목요일,대전광역시 서구 용문동,경상사고,0,0,1,0,차대사람 - 기타,안전운전불이행,건조,맑음,단일로 - 기타,승용,기타불명,기타불명,기타불명,보행자,여,30세,경상
2016021800100425,2016년 2월 18일 18시,목요일,대전광역시 중구 용두동,경상사고,0,0,1,0,차대차 - 측면직각충돌,안전운전불이행,건조,맑음,교차로 - 교차로부근,승용,여,45세,상해없음,자전거,남,54세,경상
2016021800100473,2016년 2월 18일 19시,목요일,대전광역시 중구 목동,중상사고,0,1,2,0,차대차 - 측면직각충돌,신호위반,건조,맑음,교차로 - 교차로안,승용,남,75세,상해없음,승용,남,47세,경상
2016021800100474,2016년 2월 18일 19시,목요일,대전광역시 동구 가양동,경상사고,0,0,1,0,차대차 - 측면직각충돌,안전거리미확보,건조,맑음,단일로 - 기타,승용,남,60세,상해없음,원동기,남,34세,경상
2016021800100501,2016년 2월 18일 20시,목요일,대전광역시 서구 월평동,중상사고,0,1,0,0,차대사람 - 횡단중,안전운전불이행,건조,맑음,단일로 - 횡단보도상,승용,여,45세,상해없음,보행자,여,55세,중상
2016021800100502,2016년 2월 18일 20시,목요일,대전광역시 서구 둔산동,경상사고,0,0,1,0,차대차 - 추돌,안전운전불이행,건조,맑음,교차로 - 교차로안,승용,남,68세,상해없음,승용,남,32세,경상
2016021800100536,2016년 2월 18일 21시,목요일,대전광역시 동구 중동,경상사고,0,0,1,0,차대차 - 측면충돌,신호위반,건조,맑음,교차로 - 교차로안,승용,여,66세,상해없음,승용,남,65세,경상
2016021800100537,2016년 2월 18일 21시,목요일,대전광역시 유성구 송강동,중상사고,0,1,2,0,차대차 - 추돌,안전거리미확보,건조,맑음,교차로 - 교차로부근,승용,남,33세,경상,승용,남,28세,중상
2016021800100576,2016년 2월 18일 22시,목요일,대전광역시 중구 대흥동,경상사고,0,0,2,0,차대차 - 정면충돌,신호위반,건조,맑음,교차로 - 교차로안,승용,남,25세,상해없음,승용,남,50세,경상
2016021800100577,2016년 2월 18일 22시,목요일,대전광역시 유성구 봉명동,사망사고,1,0,1,0,차대사람 - 횡단중,과속,건조,맑음,단일로 - 기타,승용,남,51세,상해없음,보행자,여,67세,사망
2016021800100598,2016년 2월 18일 23시,목요일,대전광역시 중구 은행동,중상사고,0,1,0,0,차대사람 - 횡단중,안전운전불이행,건조,맑음,단일로 - 횡단보도부근,승용,남,57세,상해없음,보행자,남,20세,중상
2016021900100070,2016년 2월 19일 05시,금요일,대전광역시 중구 옥계동,중상사고,0,1,0,0,차대사람 - 횡단중,안전운전불이행,건조,흐림,단일로 - 기타,화물,남,70세,상해없음,보행자,여,75세,중상
2016021900100071,2016년 2월 19일 05시,금요일,대전광역시 중구 문창동,중상사고,0,1,0,0,차대차 - 측면직각충돌,안전운전불이행,건조,흐림,교차로 - 교차로안,화물,남,65세,상해없음,자전거,남,64세,중상
2016021900100072,2016년 2월 19일 05시,금요일,대전광역시 유성구 송강동,경상사고,0,0,1,0,차대차 - 측면충돌,신호위반,건조,맑음,교차로 - 교차로안,승용,남,22세,상해없음,승용,남,44세,경상
2016021900100103,2016년 2월 19일 06시,금요일,대전광역시 중구 대흥동,경상사고,0,0,1,0,차대차 - 정면충돌,신호위반,건조,맑음,교차로 - 교차로안,승용,여,52세,상해없음,승용,남,61세,경상
2016021900100104,2016년 2월 19일 06시,금요일,대전광역시 서구 탄방동,경상사고,0,0,1,0,차대차 - 측면직각충돌,중앙선침범,건조,맑음,단일로 - 기타,승용,남,28세,상해없음,승용,남,33세,경상
2016021900100174,2016년 2월 19일 09시,금요일,대전광역시 서구 정림동,경상사고,0,0,1,0,차대사람 - 보도통행중,안전운전불이행,건조,맑음,단일로 - 횡단보도상,승용,남,66세,상해없음,보행자,남,72세,경상
2016021900100212,2016년 2월 19일 11시,금요일,대전광역시 서구 갈마동,경상사고,0,0,1,0,차대차 - 기타,안전거리미확보,건조,맑음,단일로 - 터널,화물,남,58세,상해없음,화물,남,66세,경상
2016021900100241,2016년 2월 19일 12시,금요일,대전광역시 중구 문화동,중상사고,0,1,0,0,차대사람 - 길가장자리구역통행중,안전운전불이행,건조,흐림,단일로 - 기타,원동기,남,56세,상해없음,보행자,여,82세,중상
2016021900100259,2016년 2월 19일 13시,금요일,대전광역시 동구 판암동,경상사고,0,0,1,0,차대차 - 측면직각충돌,신호위반,건조,흐림,교차로 - 교차로안,승용,여,22세,상해없음,승용,남,58세,경상
2016021900100260,2016년 2월 19일 13시,금요일,대전광역시 유성구 궁동,경상사고,0,0,7,0,차대차 - 추돌,안전거리미확보,건조,맑음,단일로 - 기타,승합,남,60세,상해없음,승합,남,24세,경상
2016021900100296,2016년 2월 19일 14시,금요일,대전광역시 동구 인동,중상사고,0,1,0,0,차대차 - 측면직각충돌,안전운전불이행,건조,맑음,단일로 - 기타,승용,여,55세,상해없음,자전거,여,71세,중상
2016021900100323,2016년 2월 19일 15시,금요일,대전광역시 서구 내동,중상사고,0,1,1,0,차대차 - 추돌,안전거리미확보,건조,맑음,단일로 - 기타,승용,남,63세,상해없음,승용,남,55세,경상
2016021900100324,2016년 2월 19일 15시,금요일,대전광역시 유성구 학하동,경상사고,0,0,1,0,차대차 - 측면직각충돌,신호위반,건조,맑음,교차로 - 교차로안,승용,남,50세,상해없음,화물,남,38세,경상
2016021900100354,2016년 2월 19일 16시,금요일,대전광역시 서구 관저동,경상사고,0,0,1,0,차대차 - 측면직각충돌,안전운전불이행,건조,맑음,단일로 - 횡단보도상,승용,여,50세,상해없음,자전거,남,75세,경상
2016021900100386,2016년 2월 19일 17시,금요일,대전광역시 서구 괴정동,경상사고,0,0,1,0,차대차 - 측면직각충돌,중앙선침범,건조,맑음,단일로 - 기타,승용,남,41세,상해없음,승용,여,51세,경상
2016021900100479,2016년 2월 19일 19시,금요일,대전광역시 중구 산성동,경상사고,0,0,1,0,차대차 - 측면충돌,안전운전불이행,건조,맑음,단일로 - 기타,승용,남,53세,상해없음,자전거,남,61세,경상
2016021900100531,2016년 2월 19일 21시,금요일,대전광역시 동구 가양동,경상사고,0,0,2,0,차대사람 - 횡단중,안전운전불이행,건조,맑음,단일로 - 횡단보도상,승용,남,58세,상해없음,보행자,남,50세,경상
2016021900100532,2016년 2월 19일 21시,금요일,대전광역시 서구 갈마동,경상사고,0,0,4,0,차대차 - 추돌,안전운전불이행,건조,맑음,단일로 - 기타,승용,여,25세,상해없음,승용,남,57세,경상
2016021900100533,2016년 2월 19일 21시,금요일,대전광역시 서구 가장동,경상사고,0,0,1,0,차대차 - 기타,안전운전불이행,건조,맑음,교차로 - 교차로부근,승합,남,43세,기타불명,승용,남,30세,경상
2016021900100534,2016년 2월 19일 21시,금요일,대전광역시 대덕구 신탄진동,경상사고,0,0,1,0,차대차 - 측면충돌,안전거리미확보,건조,맑음,단일로 - 기타,승용,남,51세,상해없음,승용,남,27세,경상
2016021900100551,2016년 2월 19일 22시,금요일,대전광역시 서구 용문동,경상사고,0,0,1,0,차대차 - 측면직각충돌,안전운전불이행,건조,맑음,단일로 - 기타,승용,남,21세,상해없음,승용,남,36세,경상
2016021900100570,2016년 2월 19일 23시,금요일,대전광역시 서구 관저동,경상사고,0,0,1,0,차대차 - 추돌,안전운전불이행,건조,맑음,교차로 - 교차로안,승용,남,46세,상해없음,승용,남,28세,경상
2016022000100062,2016년 2월 20일 02시,토요일,대전광역시 중구 석교동,경상사고,0,0,3,0,차대차 - 추돌,안전운전불이행,건조,맑음,교차로 - 교차로부근,승용,남,31세,기타불명,승용,여,38세,경상
2016022000100063,2016년 2월 20일 02시,토요일,대전광역시 대덕구 대화동,사망사고,1,0,0,0,차대차 - 기타,안전운전불이행,건조,맑음,단일로 - 기타,승용,남,27세,사망,화물,남,40세,기타불명
2016022000100095,2016년 2월 20일 04시,토요일,대전광역시 서구 도마동,경상사고,0,0,1,0,차대차 - 추돌,안전거리미확보,건조,맑음,단일로 - 기타,승용,남,21세,상해없음,승용,남,33세,경상
2016022000100106,2016년 2월 20일 05시,토요일,대전광역시 중구 유천동,부상신고사고,0,0,0,1,차대차 - 측면충돌,교차로운행방법위반,건조,맑음,교차로 - 교차로부근,승용,남,36세,상해없음,승용,남,26세,부상신고
2016022000100144,2016년 2월 20일 07시,토요일,대전광역시 동구 용전동,경상사고,0,0,1,0,차대차 - 측면충돌,차로위반,건조,맑음,단일로 - 기타,승용,남,36세,상해없음,승용,남,70세,경상
2016022000100219,2016년 2월 20일 10시,토요일,대전광역시 유성구 노은동,중상사고,0,1,1,1,차대차 - 추돌,안전운전불이행,건조,맑음,단일로 - 기타,승용,남,75세,상해없음,승용,여,45세,중상
2016022000100241,2016년 2월 20일 11시,토요일,대전광역시 유성구 봉명동,중상사고,0,1,0,0,차대사람 - 횡단중,안전운전불이행,건조,맑음,단일로 - 기타,승용,여,59세,상해없음,보행자,여,76세,중상
2016022000100242,2016년 2월 20일 11시,토요일,대전광역시 유성구 관평동,경상사고,0,0,1,0,차대차 - 측면충돌,안전운전불이행,건조,맑음,단일로 - 기타,승용,남,54세,상해없음,승용,남,50세,경상
2016022000100307,2016년 2월 20일 13시,토요일,대전광역시 서구 복수동,경상사고,0,0,2,0,차대차 - 추돌,안전거리미확보,건조,맑음,단일로 - 기타,승용,여,34세,상해없음,승용,남,34세,경상
2016022000100308,2016년 2월 20일 13시,토요일,대전광역시 서구 월평동,경상사고,0,0,1,0,차대차 - 측면충돌,안전운전불이행,건조,맑음,교차로 - 교차로부근,승용,남,62세,상해없음,승용,남,52세,경상
2016022000100375,2016년 2월 20일 15시,토요일,대전광역시 동구 판암동,경상사고,0,0,1,0,차량단독 - 기타,기타,건조,맑음,단일로 - 기타,승합,남,39세,상해없음,,,,
2016022000100412,2016년 2월 20일 16시,토요일,대전광역시 유성구 궁동,경상사고,0,0,1,0,차대사람 - 기타,안전운전불이행,건조,맑음,단일로 - 기타,승용,남,30세,기타불명,보행자,남,26세,경상
2016022000100440,2016년 2월 20일 17시,토요일,대전광역시 동구 판암동,경상사고,0,0,1,0,차대사람 - 길가장자리구역통행중,안전운전불이행,건조,맑음,단일로 - 기타,승용,남,51세,상해없음,보행자,여,77세,경상
2016022000100474,2016년 2월 20일 18시,토요일,대전광역시 동구 성남동,경상사고,0,0,2,0,차대차 - 측면충돌,안전운전불이행,건조,맑음,교차로 - 교차로부근,승용,남,55세,상해없음,승용,남,48세,경상
2016022000100475,2016년 2월 20일 18시,토요일,대전광역시 서구 도안동,경상사고,0,0,3,0,차대차 - 추돌,안전운전불이행,건조,맑음,단일로 - 기타,승용,남,26세,상해없음,승용,남,34세,경상
2016022000100515,2016년 2월 20일 19시,토요일,대전광역시 대덕구 오정동,중상사고,0,1,0,1,차대사람 - 횡단중,신호위반,건조,맑음,단일로 - 횡단보도상,승용,남,48세,상해없음,보행자,여,29세,중상
2016022000100516,2016년 2월 20일 19시,토요일,대전광역시 서구 탄방동,중상사고,0,1,0,0,차대사람 - 횡단중,안전운전불이행,건조,맑음,단일로 - 기타,승용,여,26세,상해없음,보행자,남,67세,중상
2016022000100517,2016년 2월 20일 19시,토요일,대전광역시 유성구 구암동,중상사고,0,1,0,0,차대차 - 기타,중앙선침범,건조,맑음,단일로 - 기타,승용,남,55세,상해없음,원동기,남,40세,중상
2016022000100570,2016년 2월 20일 21시,토요일,대전광역시 서구 둔산동,경상사고,0,0,1,0,차대사람 - 기타,안전운전불이행,건조,맑음,교차로 - 교차로부근,승용,남,48세,상해없음,보행자,남,51세,경상
2016022000100571,2016년 2월 20일 21시,토요일,대전광역시 유성구 노은동,경상사고,0,0,1,0,차대차 - 측면충돌,신호위반,건조,맑음,교차로 - 교차로안,승용,남,29세,상해없음,승합,남,49세,경상
2016022000100594,2016년 2월 20일 22시,토요일,대전광역시 동구 가양동,경상사고,0,0,1,0,차대사람 - 횡단중,신호위반,건조,맑음,단일로 - 횡단보도상,승합,기타불명,기타불명,기타불명,보행자,여,60세,경상
2016022000100614,2016년 2월 20일 23시,토요일,대전광역시 중구 대흥동,경상사고,0,0,2,0,차대사람 - 횡단중,안전운전불이행,건조,맑음,교차로 - 교차로안,승용,여,36세,상해없음,보행자,남,29세,경상
2016022000100615,2016년 2월 20일 23시,토요일,대전광역시 유성구 장대동,경상사고,0,0,1,0,차대사람 - 길가장자리구역통행중,안전운전불이행,건조,맑음,단일로 - 기타,승용,남,49세,상해없음,보행자,남,51세,경상
2016022000100616,2016년 2월 20일 23시,토요일,대전광역시 유성구 관평동,경상사고,0,0,1,0,차대사람 - 횡단중,안전운전불이행,건조,맑음,단일로 - 기타,승용,남,41세,상해없음,보행자,남,45세,경상
2016022100100025,2016년 2월 21일 00시,일요일,대전광역시 서구 탄방동,경상사고,0,0,1,0,차대차 - 측면충돌,신호위반,건조,맑음,교차로 - 교차로안,승용,남,44세,상해없음,승용,남,56세,경상
2016022100100045,2016년 2월 21일 02시,일요일,대전광역시 서구 둔산동,경상사고,0,0,2,0,차대차 - 측면충돌,안전운전불이행,건조,맑음,교차로 - 교차로안,승용,남,37세,상해없음,승용,여,19세,경상
2016022100100058,2016년 2월 21일 03시,일요일,대전광역시 서구 관저동,경상사고,0,0,2,0,차대차 - 추돌,안전거리미확보,건조,맑음,교차로 - 교차로부근,승용,남,26세,상해없음,승용,남,45세,경상
2016022100100059,2016년 2월 21일 03시,일요일,대전광역시 서구 둔산동,경상사고,0,0,1,0,차대사람 - 기타,안전운전불이행,건조,맑음,단일로 - 기타,승용,남,58세,상해없음,보행자,남,28세,경상
2016022100100096,2016년 2월 21일 08시,일요일,대전광역시 대덕구 송촌동,경상사고,0,0,1,0,차대차 - 측면충돌,교차로운행방법위반,건조,맑음,교차로 - 교차로안,승용,여,49세,상해없음,승용,남,37세,경상
2016022100100139,2016년 2월 21일 10시,일요일,대전광역시 유성구 송강동,중상사고,0,1,4,0,차대차 - 측면충돌,안전운전불이행,건조,맑음,교차로 - 교차로부근,승용,여,37세,상해없음,화물,남,54세,상해없음
2016022100100181,2016년 2월 21일 12시,일요일,대전광역시 동구 가양동,경상사고,0,0,3,0,차대차 - 측면충돌,기타,건조,맑음,교차로 - 교차로안,승용,남,40세,상해없음,승용,남,61세,경상
2016022100100182,2016년 2월 21일 12시,일요일,대전광역시 서구 관저동,중상사고,0,1,0,0,차대차 - 측면직각충돌,신호위반,건조,맑음,교차로 - 교차로안,승합,남,71세,상해없음,이륜,남,22세,중상
2016022100100209,2016년 2월 21일 13시,일요일,대전광역시 유성구 노은동,경상사고,0,0,2,0,차대차 - 측면충돌,신호위반,건조,맑음,교차로 - 교차로안,승용,남,51세,상해없음,승용,여,51세,경상
2016022100100262,2016년 2월 21일 15시,일요일,대전광역시 동구 원동,경상사고,0,0,2,0,차대차 - 측면충돌,교차로운행방법위반,건조,맑음,교차로 - 교차로안,승용,남,44세,상해없음,승용,여,25세,경상
2016022100100263,2016년 2월 21일 15시,일요일,대전광역시 동구 구도동,경상사고,0,0,3,0,차대차 - 추돌,안전거리미확보,건조,맑음,교차로 - 교차로부근,화물,남,44세,상해없음,승용,여,34세,경상
2016022100100286,2016년 2월 21일 16시,일요일,대전광역시 동구 성남동,경상사고,0,0,1,0,차대차 - 추돌,안전거리미확보,건조,맑음,교차로 - 교차로부근,승합,남,56세,상해없음,승합,남,46세,상해없음
2016022100100313,2016년 2월 21일 17시,일요일,대전광역시 중구 유천동,경상사고,0,0,3,0,차대차 - 측면직각충돌,차로위반,건조,맑음,단일로 - 기타,승용,여,23세,경상,승용,남,51세,경상
2016022100100314,2016년 2월 21일 17시,일요일,대전광역시 동구 중동,중상사고,0,1,0,0,차대차 - 측면충돌,신호위반,건조,맑음,단일로 - 기타,승용,남,33세,상해없음,이륜,남,56세,중상
2016022100100404,2016년 2월 21일 20시,일요일,대전광역시 중구 문화동,경상사고,0,0,4,0,차대차 - 정면충돌,신호위반,건조,맑음,교차로 - 교차로안,승용,남,47세,상해없음,승용,남,52세,경상
2016022100100447,2016년 2월 21일 22시,일요일,대전광역시 서구 월평동,경상사고,0,0,1,0,차대차 - 측면직각충돌,안전운전불이행,건조,맑음,교차로 - 교차로부근,승용,여,40세,상해없음,이륜,여,61세,경상
2016022200100012,2016년 2월 22일 01시,월요일,대전광역시 중구 대사동,경상사고,0,0,1,0,차량단독 - 전도전복,안전운전불이행,건조,맑음,단일로 - 기타,승용,남,31세,경상,,,,
2016022200100123,2016년 2월 22일 09시,월요일,대전광역시 동구 가오동,경상사고,0,0,1,0,차대차 - 측면직각충돌,안전거리미확보,건조,맑음,교차로 - 교차로부근,승합,남,54세,상해없음,승용,남,55세,상해없음
2016022200100183,2016년 2월 22일 12시,월요일,대전광역시 서구 월평동,경상사고,0,0,1,0,차대차 - 추돌,안전운전불이행,건조,맑음,교차로 - 교차로안,승용,여,31세,상해없음,승용,남,61세,경상
2016022200100255,2016년 2월 22일 15시,월요일,대전광역시 유성구 원내동,경상사고,0,0,1,0,차대차 - 기타,안전운전불이행,건조,맑음,단일로 - 기타,승용,남,59세,상해없음,화물,남,32세,경상
2016022200100302,2016년 2월 22일 17시,월요일,대전광역시 중구 문화동,경상사고,0,0,1,0,차대차 - 추돌,안전운전불이행,건조,맑음,단일로 - 기타,승용,남,60세,상해없음,승용,여,30세,경상
2016022200100341,2016년 2월 22일 18시,월요일,대전광역시 대덕구 신일동,중상사고,0,1,0,0,차대사람 - 횡단중,보행자보호의무위반,건조,맑음,교차로 - 교차로안,승용,남,35세,상해없음,보행자,남,32세,중상
2016022200100382,2016년 2월 22일 19시,월요일,대전광역시 서구 둔산동,경상사고,0,0,1,0,차대차 - 추돌,교차로운행방법위반,건조,맑음,교차로 - 교차로안,승용,여,62세,상해없음,승용,여,28세,경상
2016022200100412,2016년 2월 22일 21시,월요일,대전광역시 서구 갈마동,경상사고,0,0,1,0,차대사람 - 횡단중,안전운전불이행,건조,맑음,교차로 - 교차로안,화물,남,54세,상해없음,보행자,남,56세,경상
2016022200100437,2016년 2월 22일 22시,월요일,대전광역시 중구 대흥동,경상사고,0,0,1,0,차대사람 - 차도통행중,안전운전불이행,건조,맑음,단일로 - 기타,승용,남,45세,상해없음,보행자,남,35세,경상
2016022200100438,2016년 2월 22일 22시,월요일,대전광역시 서구 도마동,경상사고,0,0,2,0,차대차 - 추돌,안전운전불이행,건조,맑음,교차로 - 교차로부근,승용,남,45세,상해없음,승용,여,54세,경상
2016022200100439,2016년 2월 22일 22시,월요일,대전광역시 대덕구 법동,사망사고,1,0,0,0,차대차 - 추돌,안전운전불이행,건조,맑음,교차로 - 교차로부근,이륜,남,68세,사망,승용,남,46세,상해없음
2016022300100101,2016년 2월 23일 07시,화요일,대전광역시 중구 선화동,경상사고,0,0,1,0,차대차 - 측면직각충돌,차로위반,습기,흐림,단일로 - 기타,승용,남,55세,상해없음,원동기,남,60세,경상
2016022300100131,2016년 2월 23일 08시,화요일,대전광역시 유성구 상대동,경상사고,0,0,2,0,차대차 - 측면충돌,교차로운행방법위반,건조,맑음,교차로 - 교차로안,승용,여,45세,상해없음,승용,여,36세,경상