사고번호,사고일시,요일,시군구,사고내용,사망자수,중상자수,경상자수,부상신고자수,사고유형,법규위반,노면상태,기상상태,도로형태,가해운전자 차종,가해운전자 성별,가해운전자 연령,가해운전자 상해정도,피해운전자 차종,피해운전자 성별,피해운전자 연령,피해운전자 상해정도
2016031400100263,2016년 3월 14일 13시,월요일,대전광역시 유성구 노은동,경상사고,0,0,2,0,차대차 - 기타,안전운전불이행,건조,맑음,단일로 - 횡단보도부근,승용,여,47세,상해없음,승용,여,50세,경상
2016031400100292,2016년 3월 14일 14시,월요일,대전광역시 유성구 구암동,중상사고,0,2,2,0,차대차 - 측면직각충돌,안전운전불이행,건조,맑음,단일로 - 기타,화물,남,51세,상해없음,승용,남,59세,중상
2016031400100404,2016년 3월 14일 17시,월요일,대전광역시 중구 안영동,경상사고,0,0,2,0,차대차 - 측면직각충돌,차로위반,건조,맑음,단일로 - 기타,승합,남,31세,경상,화물,남,61세,경상
2016031400100405,2016년 3월 14일 17시,월요일,대전광역시 대덕구 오정동,경상사고,0,0,1,0,차대차 - 추돌,안전운전불이행,건조,맑음,교차로 - 교차로부근,화물,남,59세,기타불명,승용,여,33세,경상
2016031400100482,2016년 3월 14일 19시,월요일,대전광역시 중구 문화동,중상사고,0,1,0,0,차대차 - 정면충돌,안전운전불이행,건조,맑음,단일로 - 기타,승용,여,34세,상해없음,원동기,남,46세,중상
2016031400100483,2016년 3월 14일 19시,월요일,대전광역시 동구 대동,경상사고,0,0,1,0,차대차 - 측면충돌,안전운전불이행,건조,맑음,단일로 - 기타,승용,남,53세,상해없음,자전거,남,13세,경상
2016031400100484,2016년 3월 14일 19시,월요일,대전광역시 서구 가장동,경상사고,0,0,1,0,차대차 - 측면직각충돌,안전운전불이행,건조,맑음,단일로 - 기타,승용,남,50세,상해없음,자전거,남,61세,경상
2016031400100485,2016년 3월 14일 19시,월요일,대전광역시 서구 둔산동,경상사고,0,0,1,0,차대차 - 추돌,안전운전불이행,건조,맑음,교차로 - 교차로부근,승용,여,43세,상해없음,승용,남,37세,경상
2016031400100513,2016년 3월 14일 20시,월요일,대전광역시 중구 문화동,경상사고,0,0,1,0,차대차 - 측면충돌,안전거리미확보,건조,맑음,교차로 - 교차로안,승용,남,56세,상해없음,승용,남,54세,경상
2016031400100514,2016년 3월 14일 20시,월요일,대전광역시 유성구 장대동,경상사고,0,0,1,0,차대차 - 추돌,안전운전불이행,건조,맑음,단일로 - 기타,승용,여,57세,상해없음,승용,남,33세,경상
2016031400100515,2016년 3월 14일 20시,월요일,대전광역시 유성구 죽동,경상사고,0,0,1,0,차대차 - 추돌,안전운전불이행,건조,맑음,단일로 - 기타,기타불명,기타불명,기타불명,기타불명,승용,남,36세,경상
2016031400100543,2016년 3월 14일 21시,월요일,대전광역시 대덕구 비래동,경상사고,0,0,3,0,차대차 - 추돌,중앙선침범,건조,맑음,단일로 - 기타,원동기,남,15세,상해없음,화물,남,67세,경상
2016031400100544,2016년 3월 14일 21시,월요일,대전광역시 서구 월평동,경상사고,0,0,1,0,차대차 - 기타,안전거리미확보,건조,맑음,단일로 - 기타,승용,여,64세,상해없음,승용,남,35세,경상
2016031400100545,2016년 3월 14일 21시,월요일,대전광역시 유성구 봉명동,중상사고,0,1,6,0,차대차 - 측면충돌,신호위반,건조,맑음,교차로 - 교차로부근,승용,남,44세,상해없음,승합,남,51세,경상
2016031400100589,2016년 3월 14일 23시,월요일,대전광역시 서구 만년동,중상사고,0,1,0,0,차대차 - 측면직각충돌,안전운전불이행,건조,맑음,교차로 - 교차로안,승용,남,47세,상해없음,이륜,남,30세,중상
2016031500100014,2016년 3월 15일 00시,화요일,대전광역시 중구 문화동,경상사고,0,0,2,0,차대차 - 측면충돌,안전운전불이행,습기,맑음,단일로 - 기타,승용,여,43세,상해없음,승용,여,54세,경상
2016031500100056,2016년 3월 15일 05시,화요일,대전광역시 유성구 송강동,중상사고,0,2,2,0,차대차 - 측면충돌,신호위반,건조,맑음,교차로 - 교차로안,승용,남,23세,경상,승용,남,71세,중상
2016031500100107,2016년 3월 15일 07시,화요일,대전광역시 중구 대사동,경상사고,0,0,1,0,차대차 - 측면충돌,신호위반,건조,맑음,교차로 - 교차로안,승용,남,53세,상해없음,승용,남,63세,경상
2016031500100152,2016년 3월 15일 08시,화요일,대전광역시 서구 괴정동,중상사고,0,1,0,0,차대사람 - 횡단중,보행자보호의무위반,건조,맑음,단일로 - 횡단보도상,승용,여,35세,상해없음,보행자,남,82세,중상
2016031500100188,2016년 3월 15일 09시,화요일,대전광역시 유성구 금고동,중상사고,0,1,0,0,차대차 - 추돌,안전운전불이행,건조,맑음,단일로 - 기타,승용,남,68세,상해없음,원동기,여,58세,중상
2016031500100245,2016년 3월 15일 11시,화요일,대전광역시 유성구 봉명동,경상사고,0,0,1,0,차대차 - 측면충돌,신호위반,건조,맑음,교차로 - 교차로안,승용,남,34세,상해없음,승용,남,73세,경상
2016031500100265,2016년 3월 15일 12시,화요일,대전광역시 유성구 장대동,경상사고,0,0,2,0,차대차 - 측면충돌,교차로운행방법위반,건조,맑음,교차로 - 교차로안,승용,남,51세,상해없음,승용,남,49세,경상
2016031500100340,2016년 3월 15일 15시,화요일,대전광역시 동구 삼성동,중상사고,0,1,0,0,차대차 - 측면충돌,안전운전불이행,건조,맑음,단일로 - 횡단보도상,화물,남,38세,상해없음,자전거,여,73세,중상
2016031500100341,2016년 3월 15일 15시,화요일,대전광역시 유성구 장대동,경상사고,0,0,3,1,차대차 - 추돌,안전운전불이행,건조,맑음,교차로 - 교차로안,승용,남,59세,상해없음,승용,여,32세,경상
2016031500100373,2016년 3월 15일 16시,화요일,대전광역시 유성구 장대동,부상신고사고,0,0,0,1,차대사람 - 횡단중,안전운전불이행,건조,맑음,단일로 - 기타,승용,여,47세,상해없음,보행자,남,7세,부상신고
2016031500100406,2016년 3월 15일 17시,화요일,대전광역시 중구 선화동,중상사고,0,1,0,0,차대차 - 기타,안전운전불이행,건조,맑음,교차로 - 교차로부근,승용,여,60세,상해없음,승용,여,49세,중상
2016031500100407,2016년 3월 15일 17시,화요일,대전광역시 동구 효동,경상사고,0,0,1,0,차대차 - 추돌,안전운전불이행,건조,맑음,단일로 - 기타,화물,남,60세,상해없음,승용,남,39세,경상
2016031500100408,2016년 3월 15일 17시,화요일,대전광역시 서구 가장동,경상사고,0,0,2,0,차대사람 - 보도통행중,안전운전불이행,건조,맑음,단일로 - 기타,승용,남,33세,상해없음,보행자,여,20세,경상
2016031500100437,2016년 3월 15일 18시,화요일,대전광역시 대덕구 법동,중상사고,0,1,0,0,차대차 - 측면직각충돌,교차로운행방법위반,건조,맑음,단일로 - 기타,승용,여,43세,기타불명,이륜,남,17세,중상
2016031500100486,2016년 3월 15일 19시,화요일,대전광역시 서구 변동,경상사고,0,0,1,0,차대차 - 추돌,안전거리미확보,건조,맑음,단일로 - 기타,승용,기타불명,기타불명,기타불명,승용,여,68세,경상
2016031500100487,2016년 3월 15일 19시,화요일,대전광역시 서구 둔산동,경상사고,0,0,2,0,차대차 - 정면충돌,교차로운행방법위반,건조,맑음,교차로 - 교차로안,승용,여,34세,경상,승용,여,26세,경상
2016031500100514,2016년 3월 15일 20시,화요일,대전광역시 중구 대흥동,중상사고,0,1,0,0,차대사람 - 길가장자리구역통행중,안전운전불이행,건조,맑음,단일로 - 기타,승용,남,33세,상해없음,보행자,남,46세,중상
2016031500100544,2016년 3월 15일 21시,화요일,대전광역시 서구 도마동,경상사고,0,0,1,0,차대차 - 추돌,안전거리미확보,건조,맑음,교차로 - 교차로부근,승용,남,37세,상해없음,승용,여,26세,경상
2016031500100545,2016년 3월 15일 21시,화요일,대전광역시 대덕구 석봉동,경상사고,0,0,1,0,차대차 - 측면충돌,신호위반,건조,맑음,교차로 - 교차로안,승용,남,34세,상해없음,화물,여,54세,경상
2016031500100546,2016년 3월 15일 21시,화요일,대전광역시 유성구 봉명동,경상사고,0,0,2,0,차대차 - 추돌,안전운전불이행,건조,맑음,단일로 - 기타,승용,남,61세,상해없음,승용,남,35세,경상
2016031500100564,2016년 3월 15일 22시,화요일,대전광역시 동구 용운동,경상사고,0,0,2,0,차대차 - 기타,안전운전불이행,건조,맑음,교차로 - 교차로안,승용,여,59세,상해없음,승용,여,49세,경상
2016031500100583,2016년 3월 15일 23시,화요일,대전광역시 대덕구 중리동,경상사고,0,0,2,0,차대차 - 추돌,안전운전불이행,건조,맑음,교차로 - 교차로부근,승용,남,56세,상해없음,승용,남,51세,경상
2016031600100012,2016년 3월 16일 00시,수요일,대전광역시 유성구 하기동,경상사고,0,0,4,0,차대차 - 기타,안전운전불이행,건조,맑음,교차로 - 교차로부근,승용,남,25세,경상,승용,남,26세,경상
2016031600100049,2016년 3월 16일 03시,수요일,대전광역시 중구 대사동,중상사고,0,1,0,0,차대사람 - 횡단중,안전운전불이행,건조,맑음,교차로 - 교차로안,승용,남,60세,상해없음,보행자,남,62세,중상
2016031600100068,2016년 3월 16일 05시,수요일,대전광역시 유성구 봉명동,중상사고,0,1,0,0,차대차 - 측면직각충돌,신호위반,건조,맑음,교차로 - 교차로안,건설기계,남,58세,상해없음,승용,남,32세,중상
2016031600100093,2016년 3월 16일 07시,수요일,대전광역시 중구 산성동,경상사고,0,0,1,0,차대사람 - 차도통행중,안전운전불이행,건조,맑음,교차로 - 교차로안,화물,남,40세,상해없음,보행자,여,16세,경상
2016031600100094,2016년 3월 16일 07시,수요일,대전광역시 서구 도마동,중상사고,0,1,0,0,차대차 - 기타,안전운전불이행,건조,맑음,단일로 - 기타,화물,남,43세,상해없음,자전거,남,12세,중상
2016031600100139,2016년 3월 16일 08시,수요일,대전광역시 서구 도마동,경상사고,0,0,1,0,차대차 - 추돌,안전거리미확보,건조,맑음,교차로 - 교차로부근,승용,남,55세,상해없음,승용,여,49세,상해없음
2016031600100140,2016년 3월 16일 08시,수요일,대전광역시 대덕구 덕암동,경상사고,0,0,1,0,차대차 - 측면충돌,신호위반,건조,맑음,교차로 - 교차로안,승용,남,38세,상해없음,승용,남,41세,경상
2016031600100141,2016년 3월 16일 08시,수요일,대전광역시 서구 둔산동,경상사고,0,0,2,0,차대차 - 추돌,안전운전불이행,건조,맑음,교차로 - 교차로부근,화물,남,53세,상해없음,승용,여,27세,경상
2016031600100142,2016년 3월 16일 08시,수요일,대전광역시 유성구 노은동,경상사고,0,0,1,0,차대차 - 측면직각충돌,신호위반,건조,맑음,교차로 - 교차로안,승용,남,73세,상해없음,승용,남,38세,경상
2016031600100169,2016년 3월 16일 09시,수요일,대전광역시 동구 자양동,경상사고,0,0,2,0,차대차 - 측면충돌,교차로운행방법위반,건조,맑음,교차로 - 교차로안,승용,여,58세,상해없음,승합,남,44세,경상
2016031600100193,2016년 3월 16일 10시,수요일,대전광역시 대덕구 오정동,경상사고,0,0,2,0,차대차 - 측면충돌,교차로운행방법위반,건조,맑음,교차로 - 교차로부근,승합,여,63세,상해없음,승용,남,34세,경상
2016031600100194,2016년 3월 16일 10시,수요일,대전광역시 서구 둔산동,경상사고,0,0,1,0,차대사람 - 횡단중,보행자보호의무위반,건조,맑음,교차로 - 교차로안,승용,남,41세,기타불명,보행자,남,44세,경상
2016031600100229,2016년 3월 16일 11시,수요일,대전광역시 유성구 학하동,경상사고,0,0,1,0,차대차 - 측면충돌,신호위반,건조,맑음,교차로 - 교차로안,승용,남,53세,상해없음,승용,여,58세,경상
2016031600100230,2016년 3월 16일 11시,수요일,대전광역시 유성구 장대동,중상사고,0,1,0,0,차대차 - 측면직각충돌,교차로운행방법위반,건조,맑음,교차로 - 교차로안,화물,여,55세,상해없음,원동기,남,63세,중상
2016031600100254,2016년 3월 16일 12시,수요일,대전광역시 중구 유천동,중상사고,0,1,0,0,차대사람 - 횡단중,안전운전불이행,건조,맑음,단일로 - 기타,승용,남,53세,상해없음,보행자,여,54세,중상
2016031600100255,2016년 3월 16일 12시,수요일,대전광역시 동구 자양동,중상사고,0,1,0,0,차대사람 - 길가장자리구역통행중,안전운전불이행,건조,맑음,단일로 - 기타,원동기,남,23세,상해없음,보행자,남,23세,중상
2016031600100312,2016년 3월 16일 14시,수요일,대전광역시 유성구 장대동,경상사고,0,0,1,0,차대차 - 기타,안전운전불이행,건조,맑음,단일로 - 기타,승용,남,64세,기타불명,자전거,남,11세,경상
2016031600100373,2016년 3월 16일 16시,수요일,대전광역시 동구 대동,경상사고,0,0,1,0,차대사람 - 횡단중,안전운전불이행,건조,맑음,단일로 - 횡단보도상,이륜,남,68세,상해없음,보행자,여,19세,경상
2016031600100506,2016년 3월 16일 19시,수요일,대전광역시 대덕구 석봉동,경상사고,0,0,1,0,차대차 - 측면직각충돌,안전운전불이행,건조,맑음,단일로 - 기타,승용,남,68세,상해없음,승용,남,60세,경상
2016031600100542,2016년 3월 16일 20시,수요일,대전광역시 유성구 봉명동,중상사고,0,1,0,0,차량단독 - 기타,기타,건조,맑음,단일로 - 기타,승합,남,59세,상해없음,,,,
2016031600100576,2016년 3월 16일 21시,수요일,대전광역시 서구 둔산동,경상사고,0,0,1,0,차대사람 - 기타,안전운전불이행,건조,맑음,교차로 - 교차로안,화물,남,55세,상해없음,보행자,남,52세,경상
2016031600100622,2016년 3월 16일 23시,수요일,대전광역시 유성구 지족동,중상사고,0,1,0,0,차대차 - 측면충돌,안전운전불이행,건조,맑음,단일로 - 기타,승용,여,55세,중상,화물,남,42세,기타불명
2016031700100021,2016년 3월 17일 00시,목요일,대전광역시 동구 정동,중상사고,0,1,0,0,차대사람 - 횡단중,과속,건조,맑음,단일로 - 횡단보도상,승용,남,61세,상해없음,보행자,남,58세,중상
2016031700100034,2016년 3월 17일 01시,목요일,대전광역시 서구 탄방동,경상사고,0,0,1,0,차대차 - 정면충돌,안전운전불이행,건조,맑음,교차로 - 교차로안,승용,남,30세,상해없음,승용,여,59세,경상
2016031700100035,2016년 3월 17일 01시,목요일,대전광역시 유성구 궁동,경상사고,0,0,1,0,차대차 - 기타,안전운전불이행,건조,맑음,단일로 - 기타,승용,남,28세,상해없음,승용,여,26세,경상
2016031700100113,2016년 3월 17일 07시,목요일,대전광역시 동구 삼성동,경상사고,0,0,1,0,차대차 - 측면충돌,신호위반,건조,맑음,교차로 - 교차로안,승용,남,38세,상해없음,승용,남,29세,경상
2016031700100114,2016년 3월 17일 07시,목요일,대전광역시 서구 도마동,중상사고,0,1,0,0,차대차 - 측면충돌,신호위반,건조,맑음,교차로 - 교차로안,승합,남,35세,상해없음,자전거,남,70세,중상
2016031700100115,2016년 3월 17일 07시,목요일,대전광역시 대덕구 오정동,경상사고,0,0,1,0,차대차 - 측면충돌,안전운전불이행,건조,맑음,단일로 - 기타,승용,남,72세,상해없음,승용,남,54세,상해없음
2016031700100116,2016년 3월 17일 07시,목요일,대전광역시 유성구 관평동,경상사고,0,0,2,0,차대차 - 측면직각충돌,신호위반,건조,맑음,교차로 - 교차로안,승용,남,38세,경상,승용,남,34세,경상
2016031700100167,2016년 3월 17일 08시,목요일,대전광역시 대덕구 와동,중상사고,0,1,1,0,차대차 - 추돌,안전운전불이행,건조,맑음,단일로 - 기타,건설기계,남,53세,상해없음,승용,남,38세,경상
2016031700100168,2016년 3월 17일 08시,목요일,대전광역시 대덕구 읍내동,경상사고,0,0,3,0,차대차 - 추돌,안전거리미확보,건조,맑음,단일로 - 기타,승용,남,63세,경상,승용,남,29세,경상
2016031700100195,2016년 3월 17일 09시,목요일,대전광역시 동구 홍도동,경상사고,0,0,1,0,차대차 - 측면직각충돌,안전운전불이행,건조,맑음,교차로 - 교차로안,화물,남,36세,상해없음,승용,남,38세,경상
2016031700100258,2016년 3월 17일 11시,목요일,대전광역시 중구 산성동,중상사고,0,1,0,0,차대차 - 측면직각충돌,안전운전불이행,건조,맑음,교차로 - 교차로부근,승용,여,53세,상해없음,원동기,남,79세,중상
2016031700100259,2016년 3월 17일 11시,목요일,대전광역시 중구 선화동,경상사고,0,0,1,0,차대사람 - 횡단중,안전운전불이행,건조,맑음,교차로 - 교차로부근,승용,여,52세,상해없음,보행자,여,29세,경상
2016031700100260,2016년 3월 17일 11시,목요일,대전광역시 중구 은행동,경상사고,0,0,1,0,차대차 - 측면직각충돌,안전운전불이행,건조,맑음,교차로 - 교차로부근,화물,남,59세,상해없음,자전거,남,69세,경상
2016031700100347,2016년 3월 17일 14시,목요일,대전광역시 유성구 탑립동,중상사고,0,1,0,0,차대차 - 측면충돌,신호위반,건조,맑음,교차로 - 교차로안,승용,남,22세,상해없음,승용,여,29세,중상
2016031700100416,2016년 3월 17일 16시,목요일,대전광역시 서구 월평동,경상사고,0,0,4,0,차대차 - 추돌,안전운전불이행,건조,맑음,단일로 - 기타,승용,남,23세,상해없음,승용,남,53세,경상
2016031700100454,2016년 3월 17일 17시,목요일,대전광역시 서구 둔산동,경상사고,0,0,1,0,차대차 - 추돌,안전거리미확보,건조,맑음,교차로 - 교차로부근,승용,남,51세,기타불명,승용,남,53세,경상
2016031700100489,2016년 3월 17일 18시,목요일,대전광역시 서구 둔산동,경상사고,0,0,1,0,차대차 - 추돌,안전운전불이행,건조,맑음,교차로 - 교차로부근,승용,남,56세,상해없음,승용,여,38세,경상
2016031700100526,2016년 3월 17일 19시,목요일,대전광역시 서구 탄방동,경상사고,0,0,1,0,차대사람 - 횡단중,안전운전불이행,건조,맑음,단일로 - 기타,승용,여,34세,상해없음,보행자,여,34세,경상
2016031700100527,2016년 3월 17일 19시,목요일,대전광역시 유성구 장대동,경상사고,0,0,1,0,차대차 - 측면직각충돌,교차로운행방법위반,건조,맑음,교차로 - 교차로안,화물,남,63세,상해없음,승용,여,58세,경상
2016031700100555,2016년 3월 17일 20시,목요일,대전광역시 동구 가양동,경상사고,0,0,1,0,차대차 - 측면충돌,안전운전불이행,건조,맑음,단일로 - 기타,이륜,남,20세,상해없음,승용,남,61세,경상
2016031700100556,2016년 3월 17일 20시,목요일,대전광역시 유성구 장대동,경상사고,0,0,4,0,차대차 - 기타,안전운전불이행,건조,맑음,단일로 - 기타,승용,남,60세,상해없음,승용,남,34세,경상
2016031700100557,2016년 3월 17일 20시,목요일,대전광역시 유성구 송강동,경상사고,0,0,1,0,차대차 - 추돌,안전운전불이행,건조,맑음,교차로 - 교차로부근,승용,남,33세,상해없음,승용,남,46세,경상
2016031700100593,2016년 3월 17일 21시,목요일,대전광역시 대덕구 신탄진동,경상사고,0,0,1,0,차대사람 - 횡단중,안전운전불이행,건조,맑음,단일로 - 기타,승용,남,47세,상해없음,보행자,남,51세,경상
2016031700100594,2016년 3월 17일 21시,목요일,대전광역시 서구 갈마동,중상사고,0,1,5,0,차대차 - 추돌,안전운전불이행,건조,맑음,교차로 - 교차로부근,승용,남,69세,상해없음,승용,남,26세,경상
2016031700100628,2016년 3월 17일 22시,목요일,대전광역시 중구 중촌동,중상사고,0,1,0,0,차대사람 - 횡단중,안전운전불이행,건조,맑음,단일로 - 기타,승용,남,25세,상해없음,보행자,여,6세,중상
2016031700100651,2016년 3월 17일 23시,목요일,대전광역시 중구 태평동,경상사고,0,0,3,0,차대차 - 측면충돌,신호위반,건조,맑음,교차로 - 교차로안,승용,남,58세,상해없음,승용,남,44세,경상
2016031700100652,2016년 3월 17일 23시,목요일,대전광역시 서구 갈마동,경상사고,0,0,1,0,차대사람 - 길가장자리구역통행중,안전운전불이행,건조,맑음,단일로 - 기타,승용,남,20세,상해없음,보행자,남,28세,경상
2016031700100653,2016년 3월 17일 23시,목요일,대전광역시 유성구 봉명동,경상사고,0,0,1,0,차대차 - 측면충돌,신호위반,건조,맑음,교차로 - 교차로안,승용,남,37세,상해없음,승용,남,39세,경상
2016031800100013,2016년 3월 18일 00시,금요일,대전광역시 서구 괴정동,경상사고,0,0,2,0,차대차 - 추돌,안전운전불이행,건조,맑음,단일로 - 기타,승용,남,30세,상해없음,승용,남,32세,경상
2016031800100014,2016년 3월 18일 00시,금요일,대전광역시 유성구 관평동,경상사고,0,0,2,0,차대차 - 기타,안전운전불이행,건조,맑음,단일로 - 기타,승용,남,35세,상해없음,승용,남,27세,경상
2016031800100025,2016년 3월 18일 01시,금요일,대전광역시 중구 사정동,경상사고,0,0,1,0,차대차 - 추돌,안전운전불이행,건조,맑음,교차로 - 교차로부근,승용,남,36세,상해없음,승용,여,53세,경상
2016031800100046,2016년 3월 18일 03시,금요일,대전광역시 대덕구 법동,경상사고,0,0,1,0,차대차 - 추돌,안전운전불이행,습기,흐림,단일로 - 기타,승용,남,40세,상해없음,승용,남,55세,상해없음
2016031800100066,2016년 3월 18일 05시,금요일,대전광역시 동구 비룡동,중상사고,0,3,0,0,차대차 - 정면충돌,안전운전불이행,습기,기타,기타 - 기타,승용,남,27세,중상,화물,남,45세,중상
2016031800100085,2016년 3월 18일 06시,금요일,대전광역시 대덕구 법동,경상사고,0,0,1,0,차대사람 - 횡단중,안전운전불이행,습기,비,교차로 - 교차로안,승용,남,55세,상해없음,보행자,여,63세,경상
2016031800100104,2016년 3월 18일 07시,금요일,대전광역시 유성구 궁동,경상사고,0,0,1,0,차대차 - 추돌,안전운전불이행,건조,맑음,교차로 - 교차로부근,승용,남,67세,상해없음,승용,여,41세,경상
2016031800100147,2016년 3월 18일 08시,금요일,대전광역시 서구 둔산동,중상사고,0,1,1,0,차대차 - 측면직각충돌,안전운전불이행,습기,비,교차로 - 교차로안,승용,남,64세,중상,승용,남,41세,경상
2016031800100179,2016년 3월 18일 09시,금요일,대전광역시 중구 석교동,경상사고,0,0,2,0,차대차 - 추돌,안전거리미확보,습기,비,단일로 - 기타,화물,남,46세,상해없음,승용,여,49세,경상
2016031800100180,2016년 3월 18일 09시,금요일,대전광역시 유성구 봉명동,경상사고,0,0,1,0,차대차 - 측면직각충돌,기타,습기,비,단일로 - 기타,승용,여,59세,상해없음,승합,여,34세,상해없음
2016031800100257,2016년 3월 18일 12시,금요일,대전광역시 유성구 지족동,경상사고,0,0,1,0,차대차 - 기타,안전운전불이행,습기,비,교차로 - 교차로부근,승용,여,38세,기타불명,자전거,남,81세,경상
2016031800100258,2016년 3월 18일 12시,금요일,대전광역시 유성구 궁동,중상사고,0,1,3,0,차대차 - 추돌,안전운전불이행,습기,비,미분류 - 미분류,화물,남,46세,상해없음,승용,남,34세,경상
2016031800100282,2016년 3월 18일 13시,금요일,대전광역시 중구 유천동,경상사고,0,0,3,0,차대차 - 측면직각충돌,안전거리미확보,건조,맑음,단일로 - 기타,승용,여,64세,상해없음,승합,남,55세,경상
2016031800100283,2016년 3월 18일 13시,금요일,대전광역시 유성구 관평동,경상사고,0,0,2,0,차대차 - 기타,안전운전불이행,습기,비,교차로 - 교차로부근,승용,여,54세,상해없음,승용,남,58세,경상
2016031800100306,2016년 3월 18일 14시,금요일,대전광역시 대덕구 법동,경상사고,0,0,1,0,차대차 - 기타,안전운전불이행,건조,맑음,단일로 - 기타,승용,여,60세,상해없음,승용,남,53세,경상
2016031800100336,2016년 3월 18일 15시,금요일,대전광역시 대덕구 석봉동,경상사고,0,0,1,0,차대차 - 추돌,안전운전불이행,습기,기타,단일로 - 기타,화물,남,57세,상해없음,승용,남,56세,경상
2016031800100337,2016년 3월 18일 15시,금요일,대전광역시 대덕구 대화동,경상사고,0,0,1,0,차대차 - 추돌,안전운전불이행,건조,맑음,교차로 - 교차로부근,승용,여,27세,상해없음,승용,여,32세,경상
2016031800100338,2016년 3월 18일 15시,금요일,대전광역시 서구 둔산동,경상사고,0,0,1,0,차대차 - 추돌,안전거리미확보,습기,비,단일로 - 기타,승용,남,55세,상해없음,승용,남,51세,상해없음
2016031800100339,2016년 3월 18일 15시,금요일,대전광역시 유성구 장대동,경상사고,0,0,3,0,차대차 - 기타,안전운전불이행,습기,비,교차로 - 교차로부근,승합,남,55세,상해없음,화물,남,64세,경상
2016031800100372,2016년 3월 18일 16시,금요일,대전광역시 동구 용전동,경상사고,0,0,1,0,차대차 - 추돌,안전운전불이행,건조,맑음,단일로 - 기타,승용,남,26세,상해없음,승용,남,56세,경상
2016031800100373,2016년 3월 18일 16시,금요일,대전광역시 유성구 봉명동,경상사고,0,0,1,0,차대차 - 측면직각충돌,안전거리미확보,습기,비,단일로 - 기타,승용,남,25세,상해없음,화물,남,25세,경상
2016031800100465,2016년 3월 18일 18시,금요일,대전광역시 유성구 탑립동,중상사고,0,1,0,0,차량단독 - 전도전복,안전운전불이행,습기,흐림,단일로 - 기타,이륜,남,24세,중상,,,,
2016031800100466,2016년 3월 18일 18시,금요일,대전광역시 유성구 관평동,경상사고,0,0,1,0,차대차 - 기타,안전운전불이행,건조,맑음,단일로 - 기타,승합,남,55세,상해없음,승합,남,57세,경상
2016031800100511,2016년 3월 18일 19시,금요일,대전광역시 중구 중촌동,중상사고,0,1,0,0,차대사람 - 횡단중,안전운전불이행,건조,맑음,단일로 - 기타,승용,남,75세,상해없음,보행자,남,16세,중상
2016031800100512,2016년 3월 18일 19시,금요일,대전광역시 서구 관저동,중상사고,0,1,1,0,차대차 - 추돌,안전운전불이행,건조,맑음,단일로 - 기타,승용,남,21세,상해없음,승용,남,26세,경상
2016031800100513,2016년 3월 18일 19시,금요일,대전광역시 서구 탄방동,경상사고,0,0,3,0,차대차 - 측면직각충돌,신호위반,건조,맑음,교차로 - 교차로부근,승용,남,66세,기타불명,승용,여,29세,경상
2016031800100581,2016년 3월 18일 21시,금요일,대전광역시 서구 관저동,경상사고,0,0,1,0,차대차 - 측면직각충돌,안전운전불이행,습기,안개,단일로 - 기타,승용,남,50세,상해없음,이륜,남,51세,경상
2016031800100639,2016년 3월 18일 23시,금요일,대전광역시 중구 대흥동,경상사고,0,0,1,0,차대차 - 측면직각충돌,신호위반,건조,맑음,교차로 - 교차로안,승용,남,25세,상해없음,승용,남,66세,경상
2016031900100017,2016년 3월 19일 00시,토요일,대전광역시 동구 용전동,부상신고사고,0,0,0,1,차대차 - 추돌,안전운전불이행,습기,안개,단일로 - 기타,승용,남,40세,상해없음,승용,남,51세,부상신고
2016031900100018,2016년 3월 19일 00시,토요일,대전광역시 동구 대동,경상사고,0,0,1,0,차대차 - 추돌,불법유턴,건조,맑음,단일로 - 기타,승용,여,42세,상해없음,원동기,남,20세,경상
2016031900100019,2016년 3월 19일 00시,토요일,대전광역시 동구 천동,중상사고,0,2,0,0,차대차 - 정면충돌,중앙선침범,습기,안개,단일로 - 기타,승용,남,28세,상해없음,승용,남,69세,중상
2016031900100020,2016년 3월 19일 00시,토요일,대전광역시 서구 갈마동,경상사고,0,0,2,0,차대차 - 측면직각충돌,신호위반,습기,흐림,교차로 - 교차로안,승용,남,55세,상해없음,승용,남,45세,상해없음
2016031900100040,2016년 3월 19일 01시,토요일,대전광역시 대덕구 오정동,중상사고,0,1,1,0,차대차 - 측면충돌,차로위반,습기,안개,단일로 - 기타,승용,남,24세,상해없음,승용,남,41세,중상
2016031900100058,2016년 3월 19일 02시,토요일,대전광역시 유성구 봉명동,경상사고,0,0,2,0,차대차 - 추돌,안전운전불이행,건조,맑음,단일로 - 기타,승합,남,42세,상해없음,승용,남,30세,경상
2016031900100171,2016년 3월 19일 09시,토요일,대전광역시 대덕구 중리동,경상사고,0,0,1,0,차대사람 - 차도통행중,안전운전불이행,건조,맑음,교차로 - 교차로안,승용,남,52세,상해없음,보행자,남,22세,경상
2016031900100228,2016년 3월 19일 11시,토요일,대전광역시 동구 성남동,경상사고,0,0,1,0,차대차 - 추돌,안전거리미확보,건조,맑음,단일로 - 기타,승용,남,48세,상해없음,승용,남,35세,경상