사고번호,사고일시,요일,시군구,사고내용,사망자수,중상자수,경상자수,부상신고자수,사고유형,법규위반,노면상태,기상상태,도로형태,가해운전자 차종,가해운전자 성별,가해운전자 연령,가해운전자 상해정도,피해운전자 차종,피해운전자 성별,피해운전자 연령,피해운전자 상해정도
2016032600100535,2016년 3월 26일 18시,토요일,대전광역시 서구 관저동,경상사고,0,0,1,0,차대차 - 측면충돌,안전운전불이행,건조,맑음,교차로 - 교차로부근,기타불명,기타불명,기타불명,기타불명,승용,여,27세,경상
2016032600100571,2016년 3월 26일 19시,토요일,대전광역시 동구 홍도동,경상사고,0,0,1,0,차대차 - 측면직각충돌,신호위반,건조,맑음,교차로 - 교차로안,승용,남,54세,상해없음,원동기,남,33세,경상
2016032600100572,2016년 3월 26일 19시,토요일,대전광역시 유성구 봉명동,경상사고,0,0,1,0,차대차 - 측면충돌,안전운전불이행,건조,맑음,단일로 - 기타,승용,남,48세,상해없음,이륜,남,22세,경상
2016032600100573,2016년 3월 26일 19시,토요일,대전광역시 유성구 봉명동,경상사고,0,0,3,0,차대차 - 측면충돌,안전운전불이행,건조,맑음,교차로 - 교차로부근,승용,남,55세,상해없음,승용,여,26세,경상
2016032600100606,2016년 3월 26일 20시,토요일,대전광역시 서구 관저동,중상사고,0,1,1,0,차대차 - 정면충돌,신호위반,건조,맑음,교차로 - 교차로안,승용,남,48세,상해없음,승용,여,27세,중상
2016032600100685,2016년 3월 26일 23시,토요일,대전광역시 동구 용전동,경상사고,0,0,1,0,차대차 - 추돌,안전거리미확보,건조,맑음,단일로 - 기타,승용,남,51세,상해없음,승용,남,54세,상해없음
2016032700100023,2016년 3월 27일 01시,일요일,대전광역시 유성구 궁동,사망사고,1,1,0,0,차대사람 - 횡단중,안전운전불이행,건조,맑음,단일로 - 기타,승용,남,29세,상해없음,보행자,남,18세,사망
2016032700100033,2016년 3월 27일 02시,일요일,대전광역시 중구 은행동,중상사고,0,1,1,0,차대차 - 추돌,안전운전불이행,건조,맑음,교차로 - 교차로안,승용,남,27세,기타불명,승용,남,24세,중상
2016032700100068,2016년 3월 27일 05시,일요일,대전광역시 중구 유천동,중상사고,0,1,2,0,차대차 - 정면충돌,중앙선침범,건조,맑음,교차로 - 교차로안,승용,남,31세,기타불명,승용,남,66세,중상
2016032700100183,2016년 3월 27일 12시,일요일,대전광역시 서구 월평동,경상사고,0,0,4,0,차대차 - 추돌,안전운전불이행,건조,맑음,단일로 - 기타,승용,기타불명,기타불명,기타불명,승용,여,21세,경상
2016032700100215,2016년 3월 27일 13시,일요일,대전광역시 동구 삼성동,경상사고,0,0,1,0,차대차 - 추돌,교차로운행방법위반,건조,맑음,교차로 - 교차로안,화물,남,58세,상해없음,이륜,남,34세,경상
2016032700100275,2016년 3월 27일 15시,일요일,대전광역시 동구 원동,경상사고,0,0,2,0,차대차 - 측면직각충돌,교차로운행방법위반,건조,맑음,교차로 - 교차로안,승용,남,60세,상해없음,승용,남,28세,경상
2016032700100316,2016년 3월 27일 16시,일요일,대전광역시 동구 용전동,경상사고,0,0,1,0,차대차 - 측면충돌,교차로운행방법위반,건조,맑음,교차로 - 교차로안,승용,남,46세,상해없음,이륜,남,24세,경상
2016032700100342,2016년 3월 27일 17시,일요일,대전광역시 유성구 자운동,경상사고,0,0,2,0,차대차 - 추돌,안전운전불이행,건조,맑음,단일로 - 기타,승합,남,53세,상해없음,승용,여,35세,경상
2016032700100435,2016년 3월 27일 21시,일요일,대전광역시 중구 대사동,경상사고,0,0,2,0,차대차 - 추돌,안전거리미확보,건조,맑음,교차로 - 교차로부근,승용,남,56세,상해없음,승용,남,39세,상해없음
2016032700100436,2016년 3월 27일 21시,일요일,대전광역시 서구 괴정동,경상사고,0,0,1,0,차대차 - 기타,안전운전불이행,건조,맑음,단일로 - 기타,승용,남,61세,상해없음,이륜,남,31세,경상
2016032700100450,2016년 3월 27일 22시,일요일,대전광역시 중구 오류동,경상사고,0,0,2,0,차대차 - 추돌,안전운전불이행,건조,맑음,교차로 - 교차로부근,승용,남,58세,상해없음,승용,남,68세,경상
2016032800100045,2016년 3월 28일 05시,월요일,대전광역시 대덕구 목상동,경상사고,0,0,1,0,차대차 - 측면충돌,신호위반,습기,흐림,교차로 - 교차로안,승용,남,67세,상해없음,승용,남,31세,경상
2016032800100088,2016년 3월 28일 07시,월요일,대전광역시 동구 용전동,경상사고,0,0,1,0,차대차 - 추돌,안전운전불이행,건조,맑음,교차로 - 교차로부근,승용,남,51세,상해없음,승용,남,29세,경상
2016032800100089,2016년 3월 28일 07시,월요일,대전광역시 서구 도안동,경상사고,0,0,1,0,차대차 - 추돌,안전거리미확보,건조,맑음,단일로 - 기타,승용,여,41세,상해없음,승용,여,41세,경상
2016032800100090,2016년 3월 28일 07시,월요일,대전광역시 서구 둔산동,경상사고,0,0,1,0,차대차 - 측면직각충돌,신호위반,건조,맑음,교차로 - 교차로안,승용,남,57세,상해없음,승합,남,44세,경상
2016032800100091,2016년 3월 28일 07시,월요일,대전광역시 유성구 지족동,부상신고사고,0,0,0,1,차대차 - 측면직각충돌,안전거리미확보,건조,맑음,단일로 - 기타,자전거,남,12세,부상신고,승용,남,57세,상해없음
2016032800100142,2016년 3월 28일 08시,월요일,대전광역시 중구 용두동,경상사고,0,0,2,0,차대차 - 측면직각충돌,직진우회전진행방해,건조,맑음,교차로 - 교차로안,승용,남,37세,상해없음,승용,남,70세,경상
2016032800100143,2016년 3월 28일 08시,월요일,대전광역시 서구 복수동,경상사고,0,0,1,0,차대사람 - 횡단중,신호위반,건조,맑음,교차로 - 교차로안,승용,남,70세,상해없음,보행자,여,7세,경상
2016032800100230,2016년 3월 28일 10시,월요일,대전광역시 중구 산성동,중상사고,0,1,0,0,차대사람 - 횡단중,안전운전불이행,건조,맑음,교차로 - 교차로부근,건설기계,남,46세,상해없음,보행자,여,87세,중상
2016032800100231,2016년 3월 28일 10시,월요일,대전광역시 서구 관저동,경상사고,0,0,2,0,차대차 - 추돌,안전운전불이행,건조,맑음,교차로 - 교차로부근,화물,남,67세,상해없음,승용,남,69세,경상
2016032800100232,2016년 3월 28일 10시,월요일,대전광역시 유성구 노은동,경상사고,0,0,1,0,차대차 - 정면충돌,신호위반,건조,맑음,교차로 - 교차로부근,승용,남,31세,상해없음,화물,남,18세,경상
2016032800100264,2016년 3월 28일 11시,월요일,대전광역시 중구 목동,경상사고,0,0,1,0,차대차 - 측면충돌,신호위반,건조,맑음,교차로 - 교차로안,승용,여,42세,상해없음,승용,남,45세,경상
2016032800100265,2016년 3월 28일 11시,월요일,대전광역시 유성구 구암동,경상사고,0,0,2,0,차대차 - 측면충돌,중앙선침범,건조,맑음,교차로 - 교차로부근,승용,남,65세,상해없음,승용,여,49세,경상
2016032800100266,2016년 3월 28일 11시,월요일,대전광역시 유성구 구암동,중상사고,0,1,0,0,차대사람 - 횡단중,보행자보호의무위반,건조,맑음,교차로 - 교차로부근,화물,남,56세,상해없음,보행자,여,79세,중상
2016032800100290,2016년 3월 28일 12시,월요일,대전광역시 서구 월평동,중상사고,0,1,0,0,차대사람 - 차도통행중,안전운전불이행,건조,맑음,단일로 - 기타,승용,남,25세,상해없음,보행자,여,80세,중상
2016032800100291,2016년 3월 28일 12시,월요일,대전광역시 유성구 노은동,경상사고,0,0,1,0,차대차 - 기타,신호위반,건조,맑음,교차로 - 교차로안,원동기,남,52세,상해없음,승용,남,50세,경상
2016032800100292,2016년 3월 28일 12시,월요일,대전광역시 유성구 봉명동,경상사고,0,0,1,0,차량단독 - 기타,기타,건조,맑음,단일로 - 기타,승합,남,56세,상해없음,,,,
2016032800100293,2016년 3월 28일 12시,월요일,대전광역시 유성구 장대동,경상사고,0,0,2,0,차대차 - 기타,안전거리미확보,건조,맑음,단일로 - 기타,승용,남,47세,상해없음,승용,남,33세,경상
2016032800100348,2016년 3월 28일 14시,월요일,대전광역시 서구 가수원동,경상사고,0,0,1,0,차대사람 - 횡단중,기타,건조,맑음,단일로 - 기타,승용,여,35세,상해없음,보행자,남,6세,경상
2016032800100465,2016년 3월 28일 17시,월요일,대전광역시 대덕구 비래동,경상사고,0,0,1,0,차대차 - 측면직각충돌,안전운전불이행,건조,맑음,단일로 - 기타,승용,남,67세,상해없음,승용,여,55세,경상
2016032800100466,2016년 3월 28일 17시,월요일,대전광역시 대덕구 대화동,경상사고,0,0,1,0,차량단독 - 전도전복,안전운전불이행,건조,맑음,단일로 - 교량,화물,남,43세,상해없음,,,,
2016032800100467,2016년 3월 28일 17시,월요일,대전광역시 서구 둔산동,중상사고,0,1,0,0,차대차 - 기타,신호위반,건조,맑음,단일로 - 횡단보도상,승용,여,59세,상해없음,자전거,여,46세,중상
2016032800100497,2016년 3월 28일 18시,월요일,대전광역시 서구 정림동,경상사고,0,0,2,0,차대차 - 추돌,안전거리미확보,건조,맑음,단일로 - 기타,승용,남,58세,상해없음,승용,여,29세,경상
2016032800100551,2016년 3월 28일 19시,월요일,대전광역시 유성구 봉명동,경상사고,0,0,1,0,차대사람 - 횡단중,중앙선침범,건조,맑음,단일로 - 횡단보도부근,승용,남,46세,상해없음,보행자,남,57세,경상
2016032800100590,2016년 3월 28일 20시,월요일,대전광역시 동구 가양동,경상사고,0,0,1,0,차대차 - 기타,안전운전불이행,건조,맑음,단일로 - 횡단보도상,승용,여,61세,상해없음,자전거,남,58세,경상
2016032800100591,2016년 3월 28일 20시,월요일,대전광역시 서구 탄방동,경상사고,0,0,7,0,차대차 - 추돌,안전운전불이행,건조,맑음,교차로 - 교차로안,승용,남,38세,상해없음,승합,남,36세,상해없음
2016032800100592,2016년 3월 28일 20시,월요일,대전광역시 유성구 상대동,부상신고사고,0,0,0,1,차량단독 - 공작물충돌,안전운전불이행,건조,맑음,교차로 - 교차로안,승용,남,50세,부상신고,,,,
2016032800100626,2016년 3월 28일 21시,월요일,대전광역시 유성구 봉명동,경상사고,0,0,1,0,차대차 - 측면충돌,안전운전불이행,건조,맑음,단일로 - 기타,기타불명,기타불명,기타불명,기타불명,승용,여,30세,경상
2016032800100651,2016년 3월 28일 22시,월요일,대전광역시 유성구 장대동,경상사고,0,0,1,0,차대차 - 측면충돌,신호위반,건조,맑음,교차로 - 교차로안,승용,남,53세,상해없음,승용,남,38세,경상
2016032900100133,2016년 3월 29일 08시,화요일,대전광역시 유성구 궁동,경상사고,0,0,1,0,차대차 - 측면직각충돌,안전거리미확보,건조,맑음,단일로 - 기타,승용,남,42세,상해없음,승용,남,65세,상해없음
2016032900100177,2016년 3월 29일 10시,화요일,대전광역시 유성구 지족동,경상사고,0,0,3,0,차대차 - 추돌,교차로운행방법위반,건조,맑음,교차로 - 교차로안,기타불명,기타불명,기타불명,기타불명,승용,여,35세,경상
2016032900100178,2016년 3월 29일 10시,화요일,대전광역시 유성구 용산동,중상사고,0,1,0,0,차대차 - 기타,안전운전불이행,건조,맑음,교차로 - 교차로안,승용,남,38세,상해없음,이륜,남,68세,중상
2016032900100277,2016년 3월 29일 14시,화요일,대전광역시 서구 정림동,경상사고,0,0,1,0,차대사람 - 기타,불법유턴,건조,맑음,단일로 - 기타,화물,남,24세,상해없음,보행자,여,59세,경상
2016032900100343,2016년 3월 29일 16시,화요일,대전광역시 동구 삼성동,중상사고,0,1,0,0,차대차 - 측면직각충돌,안전운전불이행,건조,맑음,단일로 - 기타,승합,남,52세,상해없음,자전거,남,66세,중상
2016032900100344,2016년 3월 29일 16시,화요일,대전광역시 서구 내동,중상사고,0,1,0,0,차대사람 - 횡단중,안전운전불이행,건조,맑음,교차로 - 교차로안,승용,여,31세,상해없음,보행자,여,82세,중상
2016032900100345,2016년 3월 29일 16시,화요일,대전광역시 대덕구 와동,경상사고,0,0,4,0,차대차 - 측면직각충돌,안전운전불이행,건조,맑음,단일로 - 기타,승용,남,54세,상해없음,승용,여,35세,경상
2016032900100376,2016년 3월 29일 17시,화요일,대전광역시 대덕구 법동,경상사고,0,0,1,0,차대사람 - 길가장자리구역통행중,안전운전불이행,건조,맑음,단일로 - 기타,승용,여,47세,상해없음,보행자,남,76세,경상
2016032900100420,2016년 3월 29일 18시,화요일,대전광역시 서구 변동,경상사고,0,0,1,0,차대차 - 측면직각충돌,신호위반,건조,맑음,교차로 - 교차로안,승용,남,48세,상해없음,승용,여,52세,경상
2016032900100464,2016년 3월 29일 19시,화요일,대전광역시 서구 도안동,경상사고,0,0,1,0,차대차 - 추돌,안전운전불이행,건조,맑음,단일로 - 기타,승용,남,47세,상해없음,승용,남,37세,경상
2016032900100465,2016년 3월 29일 19시,화요일,대전광역시 대덕구 석봉동,중상사고,0,1,0,0,차대차 - 추돌,신호위반,건조,맑음,교차로 - 교차로부근,이륜,남,20세,상해없음,이륜,남,62세,중상
2016032900100543,2016년 3월 29일 22시,화요일,대전광역시 중구 산성동,경상사고,0,0,1,0,차대사람 - 횡단중,안전운전불이행,건조,맑음,교차로 - 교차로부근,화물,남,51세,상해없음,보행자,여,51세,경상
2016032900100544,2016년 3월 29일 22시,화요일,대전광역시 동구 용전동,중상사고,0,1,0,0,차대사람 - 횡단중,안전운전불이행,건조,맑음,단일로 - 기타,승합,남,25세,상해없음,보행자,남,53세,중상
2016032900100545,2016년 3월 29일 22시,화요일,대전광역시 유성구 전민동,중상사고,0,2,2,0,차대차 - 추돌,안전운전불이행,건조,맑음,교차로 - 교차로부근,승용,남,27세,상해없음,승용,남,62세,중상
2016032900100546,2016년 3월 29일 22시,화요일,대전광역시 유성구 장대동,중상사고,0,1,0,0,차대차 - 측면충돌,신호위반,건조,맑음,교차로 - 교차로안,승용,남,44세,상해없음,승용,남,46세,중상
2016033000100021,2016년 3월 30일 01시,수요일,대전광역시 중구 문화동,경상사고,0,0,1,0,차대차 - 추돌,안전운전불이행,건조,맑음,교차로 - 교차로부근,승용,남,31세,상해없음,승용,남,64세,경상
2016033000100064,2016년 3월 30일 06시,수요일,대전광역시 동구 판암동,중상사고,0,1,0,0,차대차 - 측면직각충돌,안전운전불이행,건조,맑음,교차로 - 교차로안,승용,남,51세,상해없음,자전거,남,65세,중상
2016033000100084,2016년 3월 30일 07시,수요일,대전광역시 유성구 금고동,경상사고,0,0,1,0,차량단독 - 전도전복,안전운전불이행,건조,맑음,기타 - 기타,화물,남,46세,상해없음,,,,
2016033000100118,2016년 3월 30일 08시,수요일,대전광역시 중구 산성동,중상사고,0,1,3,1,차대차 - 추돌,안전거리미확보,건조,맑음,단일로 - 기타,승용,여,54세,중상,승용,여,37세,경상
2016033000100119,2016년 3월 30일 08시,수요일,대전광역시 대덕구 송촌동,경상사고,0,0,1,0,차대차 - 추돌,안전거리미확보,건조,맑음,교차로 - 교차로부근,승용,여,43세,상해없음,승용,남,67세,경상
2016033000100120,2016년 3월 30일 08시,수요일,대전광역시 서구 갈마동,경상사고,0,0,3,0,차대차 - 추돌,안전운전불이행,건조,맑음,교차로 - 교차로부근,승용,남,23세,상해없음,승합,남,59세,경상
2016033000100121,2016년 3월 30일 08시,수요일,대전광역시 서구 갈마동,경상사고,0,0,2,0,차대차 - 추돌,안전운전불이행,건조,맑음,교차로 - 교차로안,승합,남,36세,상해없음,승용,남,69세,경상
2016033000100122,2016년 3월 30일 08시,수요일,대전광역시 유성구 노은동,경상사고,0,0,1,0,차대차 - 추돌,안전거리미확보,건조,맑음,교차로 - 교차로부근,승용,여,29세,상해없음,승용,여,46세,경상
2016033000100123,2016년 3월 30일 08시,수요일,대전광역시 유성구 용계동,경상사고,0,0,1,0,차대차 - 추돌,안전거리미확보,건조,맑음,단일로 - 기타,승용,남,24세,상해없음,승용,여,39세,경상
2016033000100193,2016년 3월 30일 10시,수요일,대전광역시 동구 가양동,중상사고,0,1,2,0,차대차 - 측면직각충돌,안전운전불이행,건조,맑음,교차로 - 교차로안,승용,여,32세,경상,원동기,남,73세,경상
2016033000100222,2016년 3월 30일 11시,수요일,대전광역시 동구 삼성동,경상사고,0,0,1,0,차대사람 - 횡단중,안전운전불이행,건조,맑음,단일로 - 횡단보도상,승용,여,59세,상해없음,보행자,남,54세,경상
2016033000100249,2016년 3월 30일 12시,수요일,대전광역시 유성구 봉명동,경상사고,0,0,3,0,차대차 - 측면충돌,신호위반,건조,맑음,교차로 - 교차로안,승용,남,59세,기타불명,승용,여,46세,경상
2016033000100362,2016년 3월 30일 15시,수요일,대전광역시 서구 가수원동,경상사고,0,0,1,0,차대차 - 측면직각충돌,신호위반,건조,맑음,교차로 - 교차로안,승합,남,46세,상해없음,승용,남,41세,경상
2016033000100402,2016년 3월 30일 16시,수요일,대전광역시 대덕구 덕암동,경상사고,0,0,3,0,차대차 - 추돌,안전운전불이행,건조,맑음,단일로 - 기타,승용,남,60세,상해없음,승용,여,52세,경상
2016033000100468,2016년 3월 30일 18시,수요일,대전광역시 중구 유천동,중상사고,0,1,0,0,차대차 - 추돌,안전운전불이행,건조,맑음,단일로 - 기타,승용,남,63세,상해없음,승합,남,57세,상해없음
2016033000100500,2016년 3월 30일 19시,수요일,대전광역시 중구 대흥동,경상사고,0,0,1,0,차대사람 - 횡단중,보행자보호의무위반,건조,맑음,단일로 - 횡단보도상,화물,남,40세,상해없음,보행자,남,37세,경상
2016033000100501,2016년 3월 30일 19시,수요일,대전광역시 중구 선화동,중상사고,0,1,0,0,차대차 - 측면충돌,교차로운행방법위반,건조,맑음,교차로 - 교차로안,승용,여,35세,상해없음,원동기,남,22세,중상
2016033000100502,2016년 3월 30일 19시,수요일,대전광역시 서구 복수동,경상사고,0,0,2,0,차대차 - 추돌,안전운전불이행,건조,맑음,단일로 - 기타,승용,남,40세,상해없음,승용,여,60세,경상
2016033000100556,2016년 3월 30일 21시,수요일,대전광역시 서구 관저동,경상사고,0,0,1,0,차대사람 - 횡단중,안전운전불이행,건조,맑음,교차로 - 교차로안,승용,남,46세,상해없음,보행자,여,22세,경상
2016033000100580,2016년 3월 30일 22시,수요일,대전광역시 중구 부사동,경상사고,0,0,3,0,차대차 - 측면직각충돌,안전거리미확보,건조,맑음,단일로 - 기타,승용,여,53세,상해없음,승용,여,24세,경상
2016033000100581,2016년 3월 30일 22시,수요일,대전광역시 동구 삼성동,경상사고,0,0,1,0,차대사람 - 횡단중,보행자보호의무위반,건조,맑음,단일로 - 횡단보도상,승용,남,63세,상해없음,보행자,여,31세,경상
2016033000100582,2016년 3월 30일 22시,수요일,대전광역시 대덕구 신탄진동,부상신고사고,0,0,0,1,차대차 - 측면충돌,안전운전불이행,건조,맑음,단일로 - 기타,승용,남,46세,상해없음,이륜,남,27세,부상신고
2016033000100602,2016년 3월 30일 23시,수요일,대전광역시 중구 유천동,경상사고,0,0,1,0,차량단독 - 기타,안전운전불이행,건조,맑음,단일로 - 기타,승용,남,64세,상해없음,,,,
2016033100100014,2016년 3월 31일 00시,목요일,대전광역시 중구 대흥동,경상사고,0,0,1,0,차대차 - 측면충돌,신호위반,건조,맑음,교차로 - 교차로안,기타불명,기타불명,기타불명,기타불명,화물,남,22세,경상
2016033100100015,2016년 3월 31일 00시,목요일,대전광역시 서구 둔산동,경상사고,0,0,5,0,차대차 - 측면직각충돌,안전운전불이행,건조,맑음,단일로 - 기타,승용,남,19세,경상,승용,남,42세,경상
2016033100100032,2016년 3월 31일 02시,목요일,대전광역시 대덕구 중리동,경상사고,0,0,1,0,차대사람 - 횡단중,신호위반,건조,맑음,교차로 - 교차로안,승용,남,62세,상해없음,보행자,남,30세,경상
2016033100100034,2016년 3월 31일 03시,목요일,대전광역시 유성구 자운동,중상사고,0,1,0,0,차대차 - 정면충돌,차로위반,건조,맑음,단일로 - 기타,화물,남,67세,상해없음,화물,남,41세,중상
2016033100100119,2016년 3월 31일 08시,목요일,대전광역시 대덕구 덕암동,경상사고,0,0,1,0,차대차 - 측면직각충돌,교차로운행방법위반,건조,맑음,교차로 - 교차로안,승용,남,28세,상해없음,승용,남,39세,경상
2016033100100120,2016년 3월 31일 08시,목요일,대전광역시 유성구 봉명동,경상사고,0,0,1,0,차대차 - 추돌,안전거리미확보,건조,맑음,단일로 - 기타,승용,남,68세,상해없음,승용,남,34세,경상
2016033100100147,2016년 3월 31일 09시,목요일,대전광역시 서구 월평동,경상사고,0,0,1,0,차대차 - 추돌,안전운전불이행,건조,맑음,단일로 - 기타,승용,남,45세,기타불명,승용,남,35세,경상
2016033100100148,2016년 3월 31일 09시,목요일,대전광역시 유성구 복용동,경상사고,0,0,1,0,차대차 - 측면충돌,안전거리미확보,건조,맑음,단일로 - 기타,승용,남,76세,상해없음,승용,남,23세,경상
2016033100100149,2016년 3월 31일 09시,목요일,대전광역시 유성구 복용동,중상사고,0,1,0,0,차대차 - 추돌,안전운전불이행,건조,맑음,단일로 - 기타,화물,남,42세,상해없음,승용,남,34세,중상
2016033100100180,2016년 3월 31일 10시,목요일,대전광역시 서구 복수동,경상사고,0,0,3,0,차대차 - 측면직각충돌,신호위반,건조,맑음,교차로 - 교차로부근,승용,남,75세,상해없음,승용,남,72세,경상
2016033100100230,2016년 3월 31일 12시,목요일,대전광역시 대덕구 송촌동,경상사고,0,0,1,0,차대사람 - 기타,기타,건조,맑음,단일로 - 기타,화물,남,45세,상해없음,보행자,여,63세,경상
2016033100100281,2016년 3월 31일 14시,목요일,대전광역시 동구 판암동,경상사고,0,0,1,0,차대차 - 측면직각충돌,안전운전불이행,건조,맑음,단일로 - 기타,화물,여,55세,상해없음,승용,남,45세,경상
2016033100100318,2016년 3월 31일 15시,목요일,대전광역시 유성구 지족동,부상신고사고,0,0,0,1,차대차 - 추돌,안전운전불이행,건조,맑음,교차로 - 교차로부근,승용,여,69세,상해없음,승용,여,37세,부상신고
2016033100100358,2016년 3월 31일 16시,목요일,대전광역시 중구 은행동,중상사고,0,1,0,0,차대사람 - 횡단중,보행자보호의무위반,건조,맑음,단일로 - 기타,승용,남,24세,상해없음,보행자,여,53세,중상
2016033100100393,2016년 3월 31일 17시,목요일,대전광역시 중구 용두동,경상사고,0,0,1,0,차대차 - 측면직각충돌,안전운전불이행,건조,맑음,교차로 - 교차로안,승용,남,75세,상해없음,자전거,남,54세,경상
2016033100100394,2016년 3월 31일 17시,목요일,대전광역시 중구 대사동,중상사고,0,1,0,0,차대차 - 측면직각충돌,신호위반,건조,맑음,단일로 - 기타,승용,여,64세,상해없음,자전거,남,48세,중상
2016033100100395,2016년 3월 31일 17시,목요일,대전광역시 대덕구 덕암동,중상사고,0,1,0,0,차대사람 - 횡단중,교차로운행방법위반,건조,맑음,교차로 - 교차로안,화물,남,48세,상해없음,보행자,여,72세,중상
2016033100100396,2016년 3월 31일 17시,목요일,대전광역시 대덕구 중리동,경상사고,0,0,1,0,차대차 - 기타,안전운전불이행,건조,맑음,단일로 - 기타,승용,남,65세,상해없음,이륜,남,22세,경상
2016033100100428,2016년 3월 31일 18시,목요일,대전광역시 중구 선화동,경상사고,0,0,4,0,차대차 - 추돌,교차로운행방법위반,건조,맑음,교차로 - 교차로안,원동기,남,22세,상해없음,승용,남,47세,경상
2016033100100429,2016년 3월 31일 18시,목요일,대전광역시 중구 산성동,경상사고,0,0,1,0,차대차 - 정면충돌,중앙선침범,건조,맑음,교차로 - 교차로부근,승용,남,59세,상해없음,승용,남,29세,경상
2016033100100430,2016년 3월 31일 18시,목요일,대전광역시 유성구 용계동,경상사고,0,0,1,0,차대차 - 기타,신호위반,건조,맑음,교차로 - 교차로안,화물,남,52세,상해없음,승용,남,60세,상해없음
2016033100100531,2016년 3월 31일 21시,목요일,대전광역시 중구 문화동,경상사고,0,0,1,0,차대차 - 추돌,신호위반,건조,맑음,교차로 - 교차로안,승용,여,42세,상해없음,원동기,남,25세,경상
2016033100100554,2016년 3월 31일 22시,목요일,대전광역시 중구 산성동,경상사고,0,0,1,0,차대차 - 추돌,안전운전불이행,건조,맑음,교차로 - 교차로부근,화물,남,37세,상해없음,승합,남,44세,경상
2016033100100577,2016년 3월 31일 23시,목요일,대전광역시 유성구 지족동,경상사고,0,0,1,0,차대차 - 추돌,안전운전불이행,건조,맑음,단일로 - 기타,승용,남,38세,상해없음,승용,여,31세,상해없음
2016040100100051,2016년 4월 1일 03시,금요일,대전광역시 대덕구 법동,경상사고,0,0,2,0,차대차 - 추돌,안전운전불이행,건조,맑음,교차로 - 교차로부근,승용,여,59세,상해없음,승용,남,61세,경상
2016040100100057,2016년 4월 1일 04시,금요일,대전광역시 서구 둔산동,경상사고,0,0,2,0,차대차 - 측면충돌,중앙선침범,건조,맑음,단일로 - 기타,승용,남,25세,상해없음,승용,남,53세,경상
2016040100100158,2016년 4월 1일 08시,금요일,대전광역시 중구 대흥동,경상사고,0,0,2,0,차대차 - 측면직각충돌,안전운전불이행,건조,맑음,단일로 - 기타,승용,여,64세,상해없음,승합,남,30세,경상
2016040100100159,2016년 4월 1일 08시,금요일,대전광역시 중구 선화동,경상사고,0,0,1,0,차대차 - 측면직각충돌,안전거리미확보,건조,맑음,단일로 - 기타,승용,여,27세,상해없음,승합,남,52세,경상
2016040100100160,2016년 4월 1일 08시,금요일,대전광역시 서구 가장동,중상사고,0,1,3,0,차대사람 - 횡단중,안전운전불이행,건조,맑음,단일로 - 기타,승용,여,68세,경상,보행자,여,78세,중상
2016040100100161,2016년 4월 1일 08시,금요일,대전광역시 서구 둔산동,경상사고,0,0,1,0,차대차 - 측면충돌,안전운전불이행,건조,맑음,교차로 - 교차로안,승용,남,78세,상해없음,승용,여,43세,경상
2016040100100190,2016년 4월 1일 09시,금요일,대전광역시 중구 은행동,경상사고,0,0,1,0,차대차 - 추돌,안전운전불이행,건조,맑음,교차로 - 교차로부근,승용,남,60세,상해없음,승용,여,30세,상해없음
2016040100100191,2016년 4월 1일 09시,금요일,대전광역시 유성구 궁동,경상사고,0,0,1,0,차대차 - 기타,안전운전불이행,건조,맑음,단일로 - 기타,승용,남,56세,상해없음,승용,여,32세,경상
2016040100100192,2016년 4월 1일 09시,금요일,대전광역시 유성구 궁동,경상사고,0,0,3,0,차대차 - 추돌,안전운전불이행,건조,맑음,단일로 - 기타,승용,여,38세,상해없음,승용,남,62세,경상
2016040100100193,2016년 4월 1일 09시,금요일,대전광역시 유성구 관평동,경상사고,0,0,1,0,차량단독 - 전도전복,안전운전불이행,건조,맑음,단일로 - 기타,승합,남,54세,상해없음,,,,
2016040100100223,2016년 4월 1일 10시,금요일,대전광역시 중구 오류동,경상사고,0,0,1,0,차대사람 - 횡단중,신호위반,건조,맑음,교차로 - 교차로부근,원동기,여,61세,상해없음,보행자,남,60세,경상
2016040100100273,2016년 4월 1일 12시,금요일,대전광역시 중구 옥계동,경상사고,0,0,5,0,차대차 - 추돌,안전운전불이행,건조,맑음,기타 - 기타,화물,남,65세,상해없음,승용,남,68세,경상
2016040100100274,2016년 4월 1일 12시,금요일,대전광역시 서구 복수동,경상사고,0,0,1,0,차대차 - 추돌,안전운전불이행,건조,맑음,교차로 - 교차로안,화물,남,40세,상해없음,승합,여,34세,경상
2016040100100304,2016년 4월 1일 13시,금요일,대전광역시 유성구 노은동,경상사고,0,0,1,0,차대차 - 기타,안전운전불이행,건조,맑음,교차로 - 교차로부근,승용,여,55세,상해없음,승용,남,49세,경상
2016040100100305,2016년 4월 1일 13시,금요일,대전광역시 유성구 궁동,경상사고,0,0,1,0,차대사람 - 기타,안전운전불이행,건조,맑음,단일로 - 기타,화물,남,51세,상해없음,보행자,남,35세,경상
2016040100100340,2016년 4월 1일 14시,금요일,대전광역시 중구 옥계동,경상사고,0,0,1,0,차량단독 - 기타,안전운전불이행,건조,맑음,단일로 - 기타,승용,남,60세,상해없음,,,,
2016040100100374,2016년 4월 1일 15시,금요일,대전광역시 중구 석교동,부상신고사고,0,0,0,1,차대차 - 측면충돌,안전운전불이행,건조,맑음,교차로 - 교차로부근,화물,남,46세,상해없음,원동기,남,73세,부상신고