사고번호,사고일시,요일,시군구,사고내용,사망자수,중상자수,경상자수,부상신고자수,사고유형,법규위반,노면상태,기상상태,도로형태,가해운전자 차종,가해운전자 성별,가해운전자 연령,가해운전자 상해정도,피해운전자 차종,피해운전자 성별,피해운전자 연령,피해운전자 상해정도
2016040100100375,2016년 4월 1일 15시,금요일,대전광역시 중구 목동,경상사고,0,0,1,0,차대사람 - 기타,기타,건조,맑음,단일로 - 횡단보도부근,승용,남,57세,상해없음,보행자,여,46세,경상
2016040100100422,2016년 4월 1일 16시,금요일,대전광역시 중구 은행동,경상사고,0,0,1,0,차대사람 - 횡단중,보행자보호의무위반,건조,맑음,교차로 - 교차로부근,화물,남,59세,상해없음,보행자,여,63세,경상
2016040100100423,2016년 4월 1일 16시,금요일,대전광역시 서구 가장동,부상신고사고,0,0,0,1,차대사람 - 길가장자리구역통행중,안전운전불이행,건조,맑음,단일로 - 기타,승용,남,63세,기타불명,보행자,여,2세,부상신고
2016040100100466,2016년 4월 1일 17시,금요일,대전광역시 중구 선화동,중상사고,0,1,0,0,차대사람 - 횡단중,기타,건조,맑음,단일로 - 기타,승용,남,39세,상해없음,보행자,여,8세,중상
2016040100100510,2016년 4월 1일 18시,금요일,대전광역시 동구 가양동,경상사고,0,0,1,0,차대사람 - 횡단중,신호위반,건조,맑음,단일로 - 횡단보도상,원동기,남,28세,상해없음,보행자,여,9세,경상
2016040100100511,2016년 4월 1일 18시,금요일,대전광역시 서구 가수원동,경상사고,0,0,1,0,차대차 - 추돌,안전운전불이행,건조,맑음,단일로 - 기타,승용,남,36세,상해없음,승용,여,51세,경상
2016040100100512,2016년 4월 1일 18시,금요일,대전광역시 서구 갈마동,경상사고,0,0,1,0,차대차 - 측면직각충돌,안전운전불이행,건조,맑음,단일로 - 기타,자전거,남,12세,경상,승용,남,32세,상해없음
2016040100100513,2016년 4월 1일 18시,금요일,대전광역시 서구 갈마동,경상사고,0,0,1,0,차대차 - 기타,안전운전불이행,건조,맑음,교차로 - 교차로부근,기타불명,기타불명,기타불명,기타불명,이륜,남,32세,경상
2016040100100514,2016년 4월 1일 18시,금요일,대전광역시 유성구 송강동,경상사고,0,0,1,0,차대차 - 정면충돌,안전운전불이행,건조,맑음,단일로 - 기타,승용,남,71세,상해없음,승용,남,58세,경상
2016040100100571,2016년 4월 1일 19시,금요일,대전광역시 서구 만년동,중상사고,0,1,3,0,차대차 - 추돌,안전운전불이행,건조,맑음,단일로 - 교량,승용,남,23세,상해없음,승용,남,58세,중상
2016040200100044,2016년 4월 2일 01시,토요일,대전광역시 대덕구 법동,중상사고,0,1,0,0,차대차 - 기타,안전운전불이행,건조,맑음,단일로 - 기타,승용,남,48세,기타불명,기타불명,여,24세,중상
2016040200100073,2016년 4월 2일 03시,토요일,대전광역시 유성구 봉명동,경상사고,0,0,1,0,차량단독 - 기타,안전운전불이행,건조,맑음,교차로 - 교차로안,승용,남,73세,상해없음,,,,
2016040200100107,2016년 4월 2일 06시,토요일,대전광역시 유성구 구암동,경상사고,0,0,1,0,차대차 - 측면충돌,교차로운행방법위반,건조,맑음,교차로 - 교차로안,승용,남,50세,상해없음,승용,남,61세,경상
2016040200100192,2016년 4월 2일 09시,토요일,대전광역시 유성구 궁동,경상사고,0,0,1,0,차대차 - 추돌,안전거리미확보,건조,맑음,단일로 - 기타,화물,남,43세,상해없음,승용,남,60세,경상
2016040200100217,2016년 4월 2일 10시,토요일,대전광역시 유성구 구암동,경상사고,0,0,2,0,차대차 - 측면충돌,교차로운행방법위반,건조,맑음,교차로 - 교차로안,승용,남,55세,상해없음,승용,남,66세,경상
2016040200100338,2016년 4월 2일 13시,토요일,대전광역시 동구 가오동,경상사고,0,0,3,0,차대차 - 측면직각충돌,차로위반,건조,맑음,교차로 - 교차로부근,승용,남,57세,상해없음,승용,남,60세,경상
2016040200100388,2016년 4월 2일 14시,토요일,대전광역시 대덕구 비래동,중상사고,0,1,0,0,차대사람 - 보도통행중,보행자보호의무위반,건조,맑음,단일로 - 기타,승합,남,50세,상해없음,보행자,여,60세,중상
2016040200100435,2016년 4월 2일 15시,토요일,대전광역시 동구 삼성동,경상사고,0,0,1,0,차대사람 - 길가장자리구역통행중,안전운전불이행,건조,맑음,단일로 - 기타,승용,여,22세,상해없음,보행자,남,68세,경상
2016040200100436,2016년 4월 2일 15시,토요일,대전광역시 서구 만년동,경상사고,0,0,1,0,차대차 - 추돌,신호위반,건조,맑음,교차로 - 교차로안,승용,여,68세,상해없음,승용,남,56세,경상
2016040200100472,2016년 4월 2일 16시,토요일,대전광역시 중구 선화동,경상사고,0,0,1,0,차대사람 - 횡단중,안전운전불이행,건조,흐림,단일로 - 기타,승용,여,21세,상해없음,보행자,남,4세,경상
2016040200100473,2016년 4월 2일 16시,토요일,대전광역시 유성구 원내동,경상사고,0,0,1,0,차대사람 - 횡단중,보행자보호의무위반,건조,맑음,단일로 - 횡단보도부근,승용,여,20세,상해없음,보행자,남,36세,경상
2016040200100512,2016년 4월 2일 17시,토요일,대전광역시 유성구 관평동,중상사고,0,1,1,0,차대차 - 기타,안전운전불이행,건조,맑음,기타 - 기타,승용,여,60세,상해없음,승용,남,33세,경상
2016040200100513,2016년 4월 2일 17시,토요일,대전광역시 유성구 봉명동,부상신고사고,0,0,0,1,차대사람 - 길가장자리구역통행중,안전운전불이행,건조,맑음,단일로 - 기타,승용,남,53세,상해없음,보행자,여,22세,부상신고
2016040200100647,2016년 4월 2일 21시,토요일,대전광역시 동구 대동,경상사고,0,0,1,0,차대차 - 측면충돌,안전운전불이행,건조,맑음,교차로 - 교차로부근,승용,남,27세,상해없음,자전거,남,55세,경상
2016040300100023,2016년 4월 3일 00시,일요일,대전광역시 중구 유천동,경상사고,0,0,1,0,차대차 - 추돌,안전운전불이행,건조,맑음,교차로 - 교차로부근,원동기,남,28세,경상,승용,남,54세,상해없음
2016040300100050,2016년 4월 3일 01시,일요일,대전광역시 서구 둔산동,경상사고,0,0,1,0,차대사람 - 기타,안전운전불이행,건조,맑음,교차로 - 교차로부근,승용,남,72세,상해없음,보행자,여,39세,경상
2016040300100066,2016년 4월 3일 02시,일요일,대전광역시 동구 가양동,중상사고,0,1,0,0,차대차 - 추돌,안전운전불이행,건조,맑음,단일로 - 기타,승용,남,26세,상해없음,승합,남,56세,기타불명
2016040300100067,2016년 4월 3일 02시,일요일,대전광역시 유성구 봉명동,중상사고,0,2,0,2,차대차 - 측면직각충돌,신호위반,건조,맑음,교차로 - 교차로안,승용,남,54세,상해없음,승용,남,27세,중상
2016040300100087,2016년 4월 3일 03시,일요일,대전광역시 중구 안영동,중상사고,0,1,0,0,차량단독 - 주차차량충돌,안전운전불이행,건조,맑음,교차로 - 교차로안,원동기,남,19세,중상,,,,
2016040300100122,2016년 4월 3일 06시,일요일,대전광역시 동구 소제동,경상사고,0,0,1,0,차대차 - 측면직각충돌,신호위반,건조,맑음,교차로 - 교차로안,승합,남,69세,상해없음,승용,여,50세,경상
2016040300100179,2016년 4월 3일 10시,일요일,대전광역시 동구 가오동,경상사고,0,0,1,0,차대차 - 측면충돌,안전운전불이행,건조,맑음,교차로 - 교차로안,승용,여,44세,상해없음,화물,남,42세,경상
2016040300100204,2016년 4월 3일 11시,일요일,대전광역시 대덕구 중리동,경상사고,0,0,1,0,차대차 - 추돌,안전운전불이행,건조,맑음,교차로 - 교차로부근,승용,남,44세,기타불명,승용,남,38세,경상
2016040300100272,2016년 4월 3일 13시,일요일,대전광역시 서구 괴정동,경상사고,0,0,1,0,차대차 - 기타,중앙선침범,건조,맑음,단일로 - 기타,승용,남,50세,기타불명,승용,남,48세,경상
2016040300100297,2016년 4월 3일 14시,일요일,대전광역시 서구 가수원동,경상사고,0,0,3,0,차대차 - 측면충돌,신호위반,습기,비,교차로 - 교차로부근,승용,남,59세,상해없음,승합,남,50세,경상
2016040300100298,2016년 4월 3일 14시,일요일,대전광역시 대덕구 신탄진동,경상사고,0,0,1,0,차량단독 - 전도전복,기타,건조,맑음,단일로 - 기타,승합,남,55세,상해없음,,,,
2016040300100299,2016년 4월 3일 14시,일요일,대전광역시 서구 둔산동,경상사고,0,0,3,0,차대차 - 측면직각충돌,교차로운행방법위반,습기,비,교차로 - 교차로안,승용,남,31세,경상,승용,여,43세,경상
2016040300100334,2016년 4월 3일 15시,일요일,대전광역시 중구 대흥동,경상사고,0,0,1,0,차대사람 - 기타,안전운전불이행,건조,맑음,단일로 - 기타,승합,여,37세,상해없음,보행자,남,52세,경상
2016040300100335,2016년 4월 3일 15시,일요일,대전광역시 중구 은행동,중상사고,0,1,0,0,차량단독 - 기타,기타,건조,맑음,단일로 - 기타,승합,남,49세,상해없음,,,,
2016040300100336,2016년 4월 3일 15시,일요일,대전광역시 동구 소제동,경상사고,0,0,2,2,차대차 - 측면직각충돌,교차로운행방법위반,건조,맑음,교차로 - 교차로안,승용,남,69세,상해없음,승용,남,35세,부상신고
2016040300100337,2016년 4월 3일 15시,일요일,대전광역시 대덕구 송촌동,경상사고,0,0,1,0,차대차 - 추돌,안전운전불이행,습기,비,단일로 - 기타,화물,남,47세,상해없음,승용,여,49세,경상
2016040300100338,2016년 4월 3일 15시,일요일,대전광역시 대덕구 읍내동,경상사고,0,0,1,0,차대사람 - 보도통행중,기타,건조,맑음,단일로 - 횡단보도부근,승용,남,44세,상해없음,보행자,여,69세,경상
2016040300100378,2016년 4월 3일 16시,일요일,대전광역시 서구 갈마동,경상사고,0,0,2,0,차대차 - 추돌,안전운전불이행,건조,맑음,단일로 - 기타,승용,여,49세,상해없음,승용,남,32세,경상
2016040300100436,2016년 4월 3일 18시,일요일,대전광역시 중구 용두동,중상사고,0,1,0,0,차대사람 - 횡단중,안전운전불이행,습기,비,단일로 - 기타,원동기,남,55세,상해없음,보행자,여,76세,중상
2016040300100437,2016년 4월 3일 18시,일요일,대전광역시 동구 대동,경상사고,0,0,2,0,차대차 - 추돌,안전거리미확보,습기,비,단일로 - 기타,승용,남,61세,기타불명,승용,남,48세,상해없음
2016040300100438,2016년 4월 3일 18시,일요일,대전광역시 동구 가양동,중상사고,0,1,0,0,차대차 - 측면직각충돌,안전운전불이행,습기,비,단일로 - 기타,승용,남,61세,상해없음,이륜,남,23세,중상
2016040300100510,2016년 4월 3일 20시,일요일,대전광역시 서구 내동,경상사고,0,0,1,0,차대사람 - 횡단중,안전운전불이행,습기,비,단일로 - 기타,승용,남,33세,기타불명,보행자,남,70세,경상
2016040300100538,2016년 4월 3일 21시,일요일,대전광역시 동구 가양동,경상사고,0,0,2,0,차대차 - 정면충돌,안전운전불이행,건조,맑음,단일로 - 기타,승용,여,51세,경상,승용,남,28세,경상
2016040300100566,2016년 4월 3일 22시,일요일,대전광역시 대덕구 덕암동,경상사고,0,0,1,0,차대차 - 추돌,안전운전불이행,습기,비,교차로 - 교차로안,승용,여,53세,상해없음,원동기,남,22세,경상
2016040400100010,2016년 4월 4일 00시,월요일,대전광역시 동구 판암동,경상사고,0,0,3,0,차대차 - 정면충돌,신호위반,습기,맑음,교차로 - 교차로안,화물,남,41세,상해없음,승용,남,22세,경상
2016040400100109,2016년 4월 4일 07시,월요일,대전광역시 중구 산성동,경상사고,0,0,1,0,차대차 - 측면충돌,안전운전불이행,건조,흐림,교차로 - 교차로부근,승용,남,68세,상해없음,자전거,남,56세,경상
2016040400100110,2016년 4월 4일 07시,월요일,대전광역시 중구 선화동,경상사고,0,0,1,0,차대차 - 기타,교차로운행방법위반,습기,맑음,교차로 - 교차로안,승용,남,74세,상해없음,자전거,남,16세,경상
2016040400100111,2016년 4월 4일 07시,월요일,대전광역시 중구 선화동,경상사고,0,0,2,0,차대차 - 측면충돌,교차로운행방법위반,건조,맑음,교차로 - 교차로안,승용,남,42세,상해없음,승용,남,38세,경상
2016040400100152,2016년 4월 4일 08시,월요일,대전광역시 동구 신흥동,중상사고,0,1,1,0,차대차 - 측면충돌,신호위반,건조,맑음,교차로 - 교차로안,승용,남,46세,기타불명,승용,남,65세,중상
2016040400100323,2016년 4월 4일 13시,월요일,대전광역시 동구 가양동,중상사고,0,1,0,0,차대차 - 기타,안전운전불이행,건조,맑음,단일로 - 기타,승용,남,65세,상해없음,원동기,남,36세,중상
2016040400100358,2016년 4월 4일 14시,월요일,대전광역시 동구 용전동,경상사고,0,0,2,0,차대차 - 정면충돌,신호위반,건조,맑음,단일로 - 기타,승용,여,47세,상해없음,승용,여,40세,경상
2016040400100359,2016년 4월 4일 14시,월요일,대전광역시 유성구 구암동,경상사고,0,0,1,0,차대차 - 기타,안전운전불이행,건조,맑음,교차로 - 교차로부근,화물,남,48세,상해없음,승용,여,44세,경상
2016040400100389,2016년 4월 4일 15시,월요일,대전광역시 대덕구 대화동,중상사고,0,1,1,0,차대차 - 추돌,안전거리미확보,건조,맑음,단일로 - 기타,승용,남,40세,상해없음,승합,남,26세,중상
2016040400100424,2016년 4월 4일 16시,월요일,대전광역시 서구 괴정동,중상사고,0,1,0,0,차대사람 - 길가장자리구역통행중,안전운전불이행,건조,맑음,단일로 - 기타,승용,남,29세,상해없음,보행자,여,76세,중상
2016040400100473,2016년 4월 4일 17시,월요일,대전광역시 중구 오류동,경상사고,0,0,1,0,차대사람 - 횡단중,안전운전불이행,건조,맑음,교차로 - 교차로안,승용,여,57세,상해없음,보행자,여,65세,경상
2016040400100509,2016년 4월 4일 18시,월요일,대전광역시 서구 월평동,경상사고,0,0,2,0,차대차 - 추돌,안전운전불이행,건조,맑음,단일로 - 기타,승용,여,49세,상해없음,승용,남,41세,경상
2016040400100538,2016년 4월 4일 19시,월요일,대전광역시 중구 선화동,중상사고,0,1,0,0,차대사람 - 횡단중,안전운전불이행,건조,맑음,단일로 - 기타,이륜,남,40세,상해없음,보행자,여,19세,중상
2016040400100579,2016년 4월 4일 20시,월요일,대전광역시 중구 대사동,경상사고,0,0,2,0,차대차 - 정면충돌,안전운전불이행,건조,맑음,단일로 - 기타,승용,여,33세,기타불명,승용,남,50세,경상
2016040400100580,2016년 4월 4일 20시,월요일,대전광역시 동구 성남동,경상사고,0,0,2,0,차대차 - 추돌,안전운전불이행,건조,맑음,단일로 - 기타,승용,남,29세,상해없음,승용,여,33세,경상
2016040400100603,2016년 4월 4일 21시,월요일,대전광역시 서구 가수원동,경상사고,0,0,2,0,차대차 - 측면충돌,안전운전불이행,건조,맑음,교차로 - 교차로부근,승용,남,77세,상해없음,승용,여,60세,경상
2016040400100604,2016년 4월 4일 21시,월요일,대전광역시 서구 둔산동,중상사고,0,1,0,0,차대차 - 측면충돌,불법유턴,건조,맑음,교차로 - 교차로부근,자전거,남,52세,중상,승용,남,33세,상해없음
2016040500100017,2016년 4월 5일 00시,화요일,대전광역시 동구 용전동,경상사고,0,0,1,0,차대차 - 측면충돌,교차로운행방법위반,건조,맑음,교차로 - 교차로안,승용,남,45세,상해없음,승용,남,52세,경상
2016040500100028,2016년 4월 5일 02시,화요일,대전광역시 대덕구 중리동,중상사고,0,1,0,0,차량단독 - 전도전복,안전운전불이행,건조,맑음,단일로 - 기타,이륜,남,28세,중상,,,,
2016040500100037,2016년 4월 5일 03시,화요일,대전광역시 서구 갈마동,경상사고,0,0,1,0,차대차 - 추돌,안전운전불이행,건조,맑음,단일로 - 기타,승용,남,33세,상해없음,승용,남,27세,기타불명
2016040500100057,2016년 4월 5일 06시,화요일,대전광역시 서구 갈마동,중상사고,0,1,1,0,차대차 - 기타,신호위반,건조,맑음,교차로 - 교차로안,승용,남,63세,상해없음,승용,남,49세,중상
2016040500100092,2016년 4월 5일 07시,화요일,대전광역시 동구 인동,경상사고,0,0,1,0,차대사람 - 차도통행중,안전운전불이행,건조,맑음,단일로 - 기타,승합,남,65세,상해없음,보행자,남,71세,경상
2016040500100144,2016년 4월 5일 08시,화요일,대전광역시 중구 유천동,경상사고,0,0,2,0,차대차 - 측면충돌,안전운전불이행,건조,맑음,교차로 - 교차로부근,승용,여,57세,상해없음,승용,남,54세,경상
2016040500100145,2016년 4월 5일 08시,화요일,대전광역시 대덕구 중리동,경상사고,0,0,1,0,차대차 - 측면충돌,교차로운행방법위반,건조,맑음,교차로 - 교차로안,승용,남,24세,기타불명,승용,남,47세,경상
2016040500100146,2016년 4월 5일 08시,화요일,대전광역시 대덕구 대화동,경상사고,0,0,2,0,차량단독 - 전도전복,안전운전불이행,건조,맑음,단일로 - 기타,승합,남,54세,상해없음,,,,
2016040500100147,2016년 4월 5일 08시,화요일,대전광역시 서구 둔산동,경상사고,0,0,2,0,차대차 - 추돌,안전거리미확보,건조,맑음,교차로 - 교차로안,승용,남,42세,상해없음,승용,남,53세,경상
2016040500100148,2016년 4월 5일 08시,화요일,대전광역시 서구 둔산동,중상사고,0,1,2,0,차대차 - 측면충돌,교차로운행방법위반,건조,맑음,교차로 - 교차로안,승용,여,46세,상해없음,승용,남,59세,중상
2016040500100149,2016년 4월 5일 08시,화요일,대전광역시 유성구 방동,경상사고,0,0,4,0,차대차 - 추돌,안전거리미확보,건조,맑음,단일로 - 기타,승용,남,40세,상해없음,승합,남,69세,경상
2016040500100189,2016년 4월 5일 09시,화요일,대전광역시 중구 목동,경상사고,0,0,2,0,차대차 - 측면충돌,교차로운행방법위반,건조,맑음,교차로 - 교차로안,승용,남,58세,경상,승합,남,38세,경상
2016040500100190,2016년 4월 5일 09시,화요일,대전광역시 동구 용전동,중상사고,0,1,0,0,차대사람 - 횡단중,안전운전불이행,건조,맑음,단일로 - 기타,승용,여,53세,상해없음,보행자,여,44세,중상
2016040500100224,2016년 4월 5일 10시,화요일,대전광역시 서구 도마동,중상사고,0,1,0,0,차대차 - 측면직각충돌,불법유턴,건조,맑음,교차로 - 교차로안,자전거,여,75세,중상,승용,여,61세,상해없음
2016040500100266,2016년 4월 5일 11시,화요일,대전광역시 서구 탄방동,중상사고,0,1,0,0,차대사람 - 횡단중,안전운전불이행,건조,맑음,단일로 - 기타,승용,여,40세,상해없음,보행자,여,83세,중상
2016040500100268,2016년 4월 5일 11시,화요일,대전광역시 유성구 도룡동,중상사고,0,1,0,0,차대차 - 기타,직진우회전진행방해,건조,맑음,교차로 - 교차로안,승용,남,30세,상해없음,이륜,남,44세,중상
2016040500100325,2016년 4월 5일 13시,화요일,대전광역시 서구 도안동,중상사고,0,1,2,0,차대차 - 측면직각충돌,신호위반,건조,맑음,교차로 - 교차로안,승용,남,63세,상해없음,승용,남,36세,경상
2016040500100389,2016년 4월 5일 15시,화요일,대전광역시 중구 문화동,경상사고,0,0,2,0,차대사람 - 횡단중,안전운전불이행,건조,맑음,단일로 - 기타,승용,남,62세,기타불명,보행자,남,9세,경상
2016040500100390,2016년 4월 5일 15시,화요일,대전광역시 서구 탄방동,경상사고,0,0,1,0,차대사람 - 횡단중,안전운전불이행,건조,맑음,단일로 - 기타,승용,남,55세,상해없음,보행자,여,81세,경상
2016040500100391,2016년 4월 5일 15시,화요일,대전광역시 유성구 덕명동,부상신고사고,0,0,0,1,차대차 - 기타,안전거리미확보,건조,맑음,교차로 - 교차로부근,화물,남,34세,상해없음,승용,남,58세,상해없음
2016040500100438,2016년 4월 5일 16시,화요일,대전광역시 유성구 방동,중상사고,0,1,3,1,차대차 - 기타,안전거리미확보,건조,맑음,단일로 - 기타,승용,여,56세,중상,승용,남,26세,경상
2016040500100481,2016년 4월 5일 17시,화요일,대전광역시 대덕구 송촌동,경상사고,0,0,1,0,차량단독 - 기타,안전운전불이행,건조,맑음,교차로 - 교차로안,승용,남,49세,상해없음,,,,
2016040500100483,2016년 4월 5일 17시,화요일,대전광역시 유성구 원신흥동,부상신고사고,0,0,0,1,차대차 - 기타,안전운전불이행,건조,맑음,단일로 - 기타,승용,여,53세,상해없음,자전거,남,5세,부상신고
2016040500100522,2016년 4월 5일 18시,화요일,대전광역시 서구 복수동,중상사고,0,1,0,0,차대차 - 추돌,안전운전불이행,건조,맑음,교차로 - 교차로안,승용,남,61세,상해없음,이륜,남,19세,중상
2016040500100523,2016년 4월 5일 18시,화요일,대전광역시 서구 둔산동,경상사고,0,0,2,0,차대차 - 측면직각충돌,안전운전불이행,건조,맑음,교차로 - 교차로안,이륜,남,18세,상해없음,이륜,남,33세,경상
2016040500100525,2016년 4월 5일 18시,화요일,대전광역시 유성구 상대동,경상사고,0,0,4,0,차대차 - 기타,중앙선침범,건조,맑음,교차로 - 교차로부근,승용,남,62세,상해없음,승용,남,30세,경상
2016040500100585,2016년 4월 5일 20시,화요일,대전광역시 유성구 학하동,중상사고,0,1,1,0,차대차 - 기타,신호위반,건조,맑음,교차로 - 교차로안,화물,남,42세,중상,승용,남,25세,경상
2016040500100617,2016년 4월 5일 21시,화요일,대전광역시 대덕구 신대동,경상사고,0,0,1,0,차대차 - 추돌,안전운전불이행,건조,맑음,단일로 - 기타,승용,여,24세,상해없음,승용,남,28세,경상
2016040500100639,2016년 4월 5일 22시,화요일,대전광역시 유성구 죽동,경상사고,0,0,1,0,차대차 - 측면직각충돌,안전거리미확보,건조,맑음,단일로 - 기타,승용,남,61세,상해없음,승용,여,53세,경상
2016040500100670,2016년 4월 5일 23시,화요일,대전광역시 유성구 봉명동,중상사고,0,1,1,0,차대차 - 기타,신호위반,건조,맑음,교차로 - 교차로안,승용,남,25세,상해없음,승용,남,29세,경상
2016040600100034,2016년 4월 6일 03시,수요일,대전광역시 유성구 장대동,경상사고,0,0,2,0,차대차 - 기타,안전운전불이행,건조,맑음,교차로 - 교차로안,화물,남,40세,상해없음,승용,남,34세,경상
2016040600100044,2016년 4월 6일 04시,수요일,대전광역시 서구 탄방동,경상사고,0,0,1,0,차대차 - 추돌,안전운전불이행,건조,맑음,교차로 - 교차로부근,승용,남,18세,상해없음,화물,남,54세,경상
2016040600100105,2016년 4월 6일 08시,수요일,대전광역시 유성구 화암동,경상사고,0,0,1,0,차대차 - 기타,안전거리미확보,건조,맑음,단일로 - 기타,승용,여,37세,상해없음,승용,여,29세,경상
2016040600100116,2016년 4월 6일 08시,수요일,대전광역시 서구 도마동,경상사고,0,0,1,0,차대사람 - 횡단중,보행자보호의무위반,건조,맑음,단일로 - 횡단보도상,기타불명,기타불명,기타불명,기타불명,보행자,남,56세,경상
2016040600100117,2016년 4월 6일 08시,수요일,대전광역시 서구 만년동,중상사고,0,1,13,7,차대차 - 기타,안전거리미확보,건조,맑음,단일로 - 기타,승용,남,58세,상해없음,승합,남,49세,상해없음
2016040600100152,2016년 4월 6일 09시,수요일,대전광역시 서구 괴정동,경상사고,0,0,1,0,차대차 - 측면직각충돌,중앙선침범,건조,맑음,교차로 - 교차로부근,승용,남,53세,상해없음,이륜,남,28세,경상
2016040600100153,2016년 4월 6일 09시,수요일,대전광역시 유성구 구암동,경상사고,0,0,2,0,차대차 - 측면충돌,안전거리미확보,건조,맑음,교차로 - 교차로부근,자전거,남,21세,경상,원동기,여,65세,경상
2016040600100207,2016년 4월 6일 11시,수요일,대전광역시 대덕구 중리동,부상신고사고,0,0,0,1,차대차 - 정면충돌,교차로운행방법위반,건조,맑음,교차로 - 교차로부근,자전거,남,59세,기타불명,이륜,남,72세,부상신고
2016040600100239,2016년 4월 6일 12시,수요일,대전광역시 서구 정림동,경상사고,0,0,1,0,차대차 - 측면직각충돌,안전운전불이행,건조,맑음,단일로 - 기타,승용,남,76세,상해없음,승합,남,51세,경상
2016040600100475,2016년 4월 6일 18시,수요일,대전광역시 중구 선화동,경상사고,0,0,1,0,차대차 - 측면충돌,신호위반,습기,비,교차로 - 교차로안,승용,남,61세,상해없음,승용,남,42세,경상
2016040600100476,2016년 4월 6일 18시,수요일,대전광역시 서구 복수동,경상사고,0,0,2,0,차대차 - 추돌,안전운전불이행,건조,맑음,교차로 - 교차로안,승용,남,54세,상해없음,승용,남,34세,경상
2016040600100522,2016년 4월 6일 19시,수요일,대전광역시 동구 판암동,중상사고,0,1,5,0,차대차 - 측면직각충돌,안전거리미확보,습기,비,교차로 - 교차로안,승용,남,19세,상해없음,승용,여,56세,중상
2016040600100523,2016년 4월 6일 19시,수요일,대전광역시 유성구 지족동,경상사고,0,0,1,0,차대차 - 정면충돌,직진우회전진행방해,건조,흐림,교차로 - 교차로안,승용,여,31세,상해없음,이륜,남,41세,경상
2016040600100524,2016년 4월 6일 19시,수요일,대전광역시 유성구 노은동,경상사고,0,0,1,0,차대차 - 정면충돌,신호위반,습기,비,교차로 - 교차로안,승용,여,45세,상해없음,승용,남,48세,경상
2016040600100525,2016년 4월 6일 19시,수요일,대전광역시 유성구 장대동,경상사고,0,0,2,0,차대차 - 정면충돌,안전거리미확보,습기,비,단일로 - 기타,기타불명,기타불명,기타불명,기타불명,승용,남,58세,기타불명
2016040600100563,2016년 4월 6일 20시,수요일,대전광역시 서구 복수동,경상사고,0,0,1,0,차대차 - 측면직각충돌,안전운전불이행,습기,비,교차로 - 교차로안,승용,남,23세,상해없음,이륜,남,41세,경상
2016040600100564,2016년 4월 6일 20시,수요일,대전광역시 서구 괴정동,경상사고,0,0,1,0,차대사람 - 횡단중,신호위반,습기,비,교차로 - 교차로부근,승용,여,58세,상해없음,보행자,여,38세,경상
2016040600100616,2016년 4월 6일 21시,수요일,대전광역시 동구 가양동,경상사고,0,0,2,0,차량단독 - 기타,안전운전불이행,습기,비,단일로 - 기타,승합,남,56세,상해없음,,,,
2016040600100617,2016년 4월 6일 21시,수요일,대전광역시 서구 둔산동,중상사고,0,1,0,0,차대차 - 추돌,안전운전불이행,습기,비,교차로 - 교차로부근,승용,남,31세,상해없음,승용,여,36세,중상
2016040600100664,2016년 4월 6일 22시,수요일,대전광역시 중구 유천동,중상사고,0,1,0,0,차대사람 - 횡단중,안전운전불이행,습기,비,단일로 - 횡단보도상,승합,남,59세,상해없음,보행자,남,24세,중상
2016040600100665,2016년 4월 6일 22시,수요일,대전광역시 중구 부사동,중상사고,0,2,0,0,차대차 - 측면충돌,신호위반,습기,비,교차로 - 교차로안,승용,여,46세,상해없음,승용,남,23세,중상
2016040600100666,2016년 4월 6일 22시,수요일,대전광역시 서구 내동,경상사고,0,0,1,0,차대차 - 추돌,안전운전불이행,습기,비,교차로 - 교차로부근,승용,남,42세,상해없음,승용,남,39세,경상
2016040600100667,2016년 4월 6일 22시,수요일,대전광역시 대덕구 신일동,중상사고,0,1,0,0,차대차 - 정면충돌,교차로운행방법위반,습기,비,교차로 - 교차로안,승합,남,53세,상해없음,자전거,여,31세,중상
2016040600100668,2016년 4월 6일 22시,수요일,대전광역시 대덕구 비래동,경상사고,0,0,1,0,차대차 - 정면충돌,안전운전불이행,습기,비,교차로 - 교차로안,화물,남,44세,상해없음,승용,남,24세,경상
2016040600100727,2016년 4월 6일 23시,수요일,대전광역시 중구 사정동,경상사고,0,0,1,0,차대차 - 측면충돌,안전운전불이행,습기,비,교차로 - 교차로안,승용,남,56세,상해없음,승합,남,54세,상해없음
2016040600100728,2016년 4월 6일 23시,수요일,대전광역시 서구 둔산동,경상사고,0,0,1,0,차대차 - 기타,안전운전불이행,습기,비,교차로 - 교차로부근,승용,남,29세,상해없음,승용,남,29세,경상
2016040700100036,2016년 4월 7일 00시,목요일,대전광역시 유성구 장대동,경상사고,0,0,1,0,차대차 - 측면충돌,교차로운행방법위반,습기,비,교차로 - 교차로안,승용,남,33세,기타불명,승용,남,58세,경상
2016040700100138,2016년 4월 7일 06시,목요일,대전광역시 서구 가수원동,중상사고,0,1,0,0,차대사람 - 횡단중,보행자보호의무위반,습기,비,교차로 - 교차로부근,승용,남,51세,상해없음,보행자,남,37세,중상
2016040700100169,2016년 4월 7일 07시,목요일,대전광역시 서구 탄방동,경상사고,0,0,2,0,차대차 - 정면충돌,신호위반,습기,비,교차로 - 교차로안,승용,여,40세,상해없음,승용,남,62세,경상
2016040700100207,2016년 4월 7일 08시,목요일,대전광역시 동구 대동,경상사고,0,0,1,0,차대사람 - 보도통행중,안전운전불이행,습기,비,교차로 - 교차로안,승용,기타불명,기타불명,기타불명,보행자,여,13세,경상