사고번호,사고일시,요일,시군구,사고내용,사망자수,중상자수,경상자수,부상신고자수,사고유형,법규위반,노면상태,기상상태,도로형태,가해운전자 차종,가해운전자 성별,가해운전자 연령,가해운전자 상해정도,피해운전자 차종,피해운전자 성별,피해운전자 연령,피해운전자 상해정도
2016040700100243,2016년 4월 7일 09시,목요일,대전광역시 서구 둔산동,경상사고,0,0,1,0,차대차 - 기타,안전운전불이행,건조,맑음,교차로 - 교차로부근,승용,남,53세,상해없음,승용,여,39세,경상
2016040700100281,2016년 4월 7일 10시,목요일,대전광역시 유성구 노은동,경상사고,0,0,1,0,차대차 - 측면직각충돌,안전거리미확보,습기,비,단일로 - 기타,승용,남,72세,기타불명,승용,여,35세,경상
2016040700100310,2016년 4월 7일 11시,목요일,대전광역시 서구 탄방동,경상사고,0,0,1,0,차대사람 - 길가장자리구역통행중,안전운전불이행,건조,맑음,교차로 - 교차로안,승용,남,35세,상해없음,보행자,여,29세,경상
2016040700100335,2016년 4월 7일 12시,목요일,대전광역시 서구 도마동,경상사고,0,0,1,0,차대차 - 추돌,안전거리미확보,건조,맑음,단일로 - 기타,승용,남,27세,상해없음,승용,여,57세,경상
2016040700100354,2016년 4월 7일 13시,목요일,대전광역시 중구 선화동,중상사고,0,1,0,0,차대차 - 측면직각충돌,신호위반,건조,맑음,교차로 - 교차로안,승용,여,53세,상해없음,이륜,남,50세,중상
2016040700100355,2016년 4월 7일 13시,목요일,대전광역시 동구 가양동,경상사고,0,0,1,0,차대차 - 기타,안전거리미확보,건조,맑음,단일로 - 기타,승용,여,64세,상해없음,승합,남,51세,상해없음
2016040700100383,2016년 4월 7일 14시,목요일,대전광역시 동구 용전동,경상사고,0,0,1,0,차대차 - 정면충돌,신호위반,건조,맑음,단일로 - 기타,승용,남,44세,상해없음,이륜,남,21세,경상
2016040700100414,2016년 4월 7일 15시,목요일,대전광역시 중구 대흥동,경상사고,0,0,2,0,차대차 - 추돌,안전거리미확보,건조,맑음,단일로 - 기타,승용,남,37세,상해없음,승용,남,33세,경상
2016040700100480,2016년 4월 7일 17시,목요일,대전광역시 대덕구 오정동,경상사고,0,0,2,1,차대차 - 추돌,안전운전불이행,건조,맑음,단일로 - 기타,승용,남,54세,상해없음,승용,남,49세,경상
2016040700100481,2016년 4월 7일 17시,목요일,대전광역시 유성구 궁동,경상사고,0,0,1,0,차대차 - 기타,안전운전불이행,건조,맑음,단일로 - 기타,승용,여,49세,기타불명,승용,남,34세,경상
2016040700100518,2016년 4월 7일 18시,목요일,대전광역시 유성구 궁동,경상사고,0,0,1,0,차대차 - 정면충돌,중앙선침범,건조,맑음,단일로 - 기타,자전거,여,23세,경상,승용,남,55세,기타불명
2016040700100553,2016년 4월 7일 19시,목요일,대전광역시 유성구 장대동,중상사고,0,2,0,0,차대차 - 추돌,안전거리미확보,건조,맑음,단일로 - 기타,화물,남,39세,상해없음,승용,여,59세,중상
2016040700100554,2016년 4월 7일 19시,목요일,대전광역시 유성구 지족동,경상사고,0,0,1,0,차대차 - 측면충돌,안전거리미확보,건조,맑음,단일로 - 기타,승용,남,60세,상해없음,승용,남,25세,경상
2016040700100555,2016년 4월 7일 19시,목요일,대전광역시 유성구 봉명동,경상사고,0,0,4,0,차대차 - 추돌,안전운전불이행,건조,맑음,교차로 - 교차로부근,화물,남,26세,상해없음,승용,남,26세,경상
2016040700100591,2016년 4월 7일 20시,목요일,대전광역시 중구 대흥동,경상사고,0,0,1,0,차대차 - 측면직각충돌,안전운전불이행,건조,맑음,교차로 - 교차로부근,화물,남,67세,상해없음,이륜,남,32세,경상
2016040700100647,2016년 4월 7일 22시,목요일,대전광역시 서구 만년동,경상사고,0,0,1,0,차대차 - 추돌,안전거리미확보,건조,맑음,단일로 - 기타,승용,남,39세,상해없음,승용,여,39세,상해없음
2016040800100048,2016년 4월 8일 03시,금요일,대전광역시 서구 둔산동,경상사고,0,0,1,0,차대사람 - 기타,안전운전불이행,건조,맑음,단일로 - 기타,승용,남,63세,상해없음,보행자,남,24세,경상
2016040800100173,2016년 4월 8일 09시,금요일,대전광역시 서구 둔산동,경상사고,0,0,2,0,차대차 - 추돌,신호위반,건조,맑음,교차로 - 교차로안,승용,여,57세,상해없음,승용,남,66세,경상
2016040800100174,2016년 4월 8일 09시,금요일,대전광역시 유성구 봉명동,경상사고,0,0,1,0,차대차 - 추돌,안전운전불이행,건조,맑음,단일로 - 기타,승용,남,33세,상해없음,승용,여,41세,경상
2016040800100175,2016년 4월 8일 09시,금요일,대전광역시 유성구 봉명동,경상사고,0,0,1,0,차대차 - 측면직각충돌,불법유턴,건조,맑음,단일로 - 횡단보도상,자전거,여,39세,경상,승용,여,28세,상해없음
2016040800100207,2016년 4월 8일 10시,금요일,대전광역시 유성구 구암동,경상사고,0,0,3,0,차대차 - 추돌,안전운전불이행,건조,맑음,단일로 - 기타,승용,여,43세,기타불명,승용,여,64세,경상
2016040800100228,2016년 4월 8일 11시,금요일,대전광역시 서구 둔산동,경상사고,0,0,1,0,차대사람 - 기타,기타,건조,맑음,단일로 - 기타,승합,남,46세,상해없음,보행자,남,60세,경상
2016040800100323,2016년 4월 8일 14시,금요일,대전광역시 유성구 봉명동,경상사고,0,0,2,0,차대차 - 측면충돌,안전거리미확보,건조,맑음,단일로 - 기타,승용,남,52세,상해없음,승용,남,32세,경상
2016040800100395,2016년 4월 8일 16시,금요일,대전광역시 유성구 지족동,경상사고,0,0,1,0,차대차 - 측면직각충돌,안전거리미확보,건조,맑음,단일로 - 기타,승용,여,62세,상해없음,승용,여,47세,상해없음
2016040800100396,2016년 4월 8일 16시,금요일,대전광역시 유성구 장대동,경상사고,0,0,2,0,차대차 - 추돌,안전운전불이행,건조,맑음,단일로 - 기타,이륜,남,25세,상해없음,승용,남,54세,경상
2016040800100446,2016년 4월 8일 17시,금요일,대전광역시 동구 가오동,경상사고,0,0,2,0,차대차 - 측면충돌,교차로운행방법위반,건조,맑음,교차로 - 교차로안,승용,남,43세,상해없음,승용,남,45세,경상
2016040800100540,2016년 4월 8일 19시,금요일,대전광역시 동구 신흥동,중상사고,0,1,0,0,차대사람 - 횡단중,안전운전불이행,건조,맑음,교차로 - 교차로안,승용,여,39세,상해없음,보행자,여,54세,중상
2016040800100541,2016년 4월 8일 19시,금요일,대전광역시 유성구 장대동,경상사고,0,0,4,0,차대차 - 측면직각충돌,신호위반,건조,맑음,교차로 - 교차로안,승용,남,43세,상해없음,승용,남,39세,경상
2016040800100587,2016년 4월 8일 20시,금요일,대전광역시 중구 중촌동,중상사고,0,1,0,0,차대사람 - 횡단중,보행자보호의무위반,건조,맑음,교차로 - 교차로부근,승용,여,59세,상해없음,보행자,여,68세,중상
2016040800100588,2016년 4월 8일 20시,금요일,대전광역시 서구 내동,경상사고,0,0,1,0,차대사람 - 횡단중,보행자보호의무위반,건조,맑음,단일로 - 횡단보도상,승용,남,45세,상해없음,보행자,여,12세,경상
2016040800100649,2016년 4월 8일 22시,금요일,대전광역시 서구 가장동,경상사고,0,0,1,0,차대차 - 측면충돌,안전운전불이행,건조,맑음,교차로 - 교차로부근,승용,남,58세,상해없음,승용,남,67세,경상
2016040800100650,2016년 4월 8일 22시,금요일,대전광역시 서구 탄방동,경상사고,0,0,1,0,차대차 - 기타,중앙선침범,건조,맑음,교차로 - 교차로부근,원동기,여,29세,상해없음,원동기,남,48세,경상
2016040800100685,2016년 4월 8일 23시,금요일,대전광역시 유성구 송강동,부상신고사고,0,0,0,1,차대사람 - 기타,안전운전불이행,건조,맑음,기타 - 기타,승용,기타불명,기타불명,기타불명,보행자,여,24세,부상신고
2016040900100073,2016년 4월 9일 03시,토요일,대전광역시 서구 월평동,경상사고,0,0,2,0,차대차 - 기타,안전운전불이행,건조,맑음,교차로 - 교차로안,기타불명,기타불명,기타불명,기타불명,승용,남,61세,경상
2016040900100085,2016년 4월 9일 04시,토요일,대전광역시 유성구 상대동,중상사고,0,1,0,0,차대차 - 측면직각충돌,안전운전불이행,건조,맑음,단일로 - 기타,승용,남,44세,중상,건설기계,남,53세,기타불명
2016040900100113,2016년 4월 9일 06시,토요일,대전광역시 동구 신상동,경상사고,0,0,2,0,차대차 - 기타,안전운전불이행,건조,맑음,단일로 - 기타,승용,남,29세,상해없음,화물,남,68세,경상
2016040900100121,2016년 4월 9일 06시,토요일,대전광역시 서구 월평동,중상사고,0,1,1,0,차대차 - 정면충돌,신호위반,건조,맑음,교차로 - 교차로안,승용,남,34세,상해없음,승용,여,56세,경상
2016040900100122,2016년 4월 9일 06시,토요일,대전광역시 유성구 봉명동,경상사고,0,0,5,0,차대차 - 정면충돌,안전운전불이행,건조,맑음,교차로 - 교차로안,승용,여,25세,상해없음,승합,남,31세,경상
2016040900100142,2016년 4월 9일 07시,토요일,대전광역시 중구 호동,중상사고,0,1,13,0,차대차 - 추돌,안전운전불이행,건조,맑음,단일로 - 기타,승용,남,26세,상해없음,승합,남,58세,경상
2016040900100227,2016년 4월 9일 10시,토요일,대전광역시 중구 중촌동,중상사고,0,1,0,0,차대차 - 정면충돌,안전운전불이행,건조,맑음,단일로 - 기타,화물,남,36세,상해없음,자전거,여,64세,중상
2016040900100263,2016년 4월 9일 11시,토요일,대전광역시 유성구 반석동,경상사고,0,0,2,0,차대차 - 추돌,안전운전불이행,건조,맑음,교차로 - 교차로부근,승용,남,28세,상해없음,승용,남,42세,경상
2016040900100304,2016년 4월 9일 12시,토요일,대전광역시 중구 유천동,경상사고,0,0,1,0,차대차 - 측면충돌,신호위반,건조,맑음,단일로 - 기타,승용,남,66세,상해없음,이륜,남,54세,경상
2016040900100305,2016년 4월 9일 12시,토요일,대전광역시 서구 도마동,중상사고,0,1,0,0,차대사람 - 보도통행중,안전운전불이행,건조,맑음,단일로 - 기타,자전거,남,36세,상해없음,보행자,여,73세,중상
2016040900100306,2016년 4월 9일 12시,토요일,대전광역시 서구 둔산동,중상사고,0,1,0,0,차대차 - 측면충돌,직진우회전진행방해,건조,맑음,교차로 - 교차로안,승용,남,46세,상해없음,이륜,남,57세,중상
2016040900100405,2016년 4월 9일 15시,토요일,대전광역시 서구 월평동,부상신고사고,0,0,0,1,차대사람 - 횡단중,신호위반,건조,맑음,교차로 - 교차로안,화물,남,62세,상해없음,보행자,남,8세,부상신고
2016040900100406,2016년 4월 9일 15시,토요일,대전광역시 서구 월평동,경상사고,0,0,1,0,차대사람 - 횡단중,보행자보호의무위반,건조,맑음,단일로 - 기타,승용,여,33세,상해없음,보행자,남,5세,경상
2016040900100436,2016년 4월 9일 16시,토요일,대전광역시 서구 정림동,경상사고,0,0,1,0,차대차 - 추돌,기타,건조,맑음,단일로 - 횡단보도상,승용,남,53세,상해없음,자전거,남,9세,경상
2016040900100437,2016년 4월 9일 16시,토요일,대전광역시 서구 탄방동,경상사고,0,0,1,0,차대차 - 측면직각충돌,중앙선침범,건조,맑음,단일로 - 기타,승용,남,40세,상해없음,이륜,남,27세,경상
2016040900100551,2016년 4월 9일 19시,토요일,대전광역시 중구 부사동,경상사고,0,0,1,0,차대차 - 측면충돌,안전운전불이행,건조,맑음,교차로 - 교차로부근,승용,여,48세,상해없음,승용,남,53세,경상
2016040900100552,2016년 4월 9일 19시,토요일,대전광역시 중구 유천동,경상사고,0,0,2,0,차대차 - 추돌,안전거리미확보,건조,맑음,교차로 - 교차로안,승용,남,58세,상해없음,승용,남,31세,경상
2016040900100661,2016년 4월 9일 22시,토요일,대전광역시 중구 대흥동,경상사고,0,0,1,0,차대차 - 추돌,안전운전불이행,건조,맑음,단일로 - 기타,승용,남,55세,상해없음,원동기,남,56세,경상
2016040900100662,2016년 4월 9일 22시,토요일,대전광역시 대덕구 덕암동,경상사고,0,0,2,0,차대차 - 정면충돌,중앙선침범,건조,맑음,단일로 - 기타,특수,남,20세,상해없음,승용,남,25세,경상
2016040900100663,2016년 4월 9일 22시,토요일,대전광역시 대덕구 덕암동,중상사고,0,2,2,0,차대차 - 정면충돌,중앙선침범,건조,흐림,단일로 - 교량,승용,남,74세,기타불명,승용,남,37세,중상
2016040900100692,2016년 4월 9일 23시,토요일,대전광역시 서구 도마동,경상사고,0,0,1,0,차대차 - 측면직각충돌,안전거리미확보,건조,맑음,단일로 - 기타,승용,남,64세,상해없음,승용,남,25세,경상
2016041000100012,2016년 4월 10일 00시,일요일,대전광역시 유성구 봉명동,중상사고,0,1,0,0,차대사람 - 횡단중,안전운전불이행,건조,맑음,단일로 - 기타,승용,남,44세,기타불명,보행자,남,34세,중상
2016041000100013,2016년 4월 10일 00시,일요일,대전광역시 유성구 관평동,경상사고,0,0,1,0,차대사람 - 횡단중,보행자보호의무위반,건조,맑음,단일로 - 기타,승용,남,63세,상해없음,보행자,남,49세,경상
2016041000100041,2016년 4월 10일 02시,일요일,대전광역시 대덕구 오정동,중상사고,0,1,0,0,차대사람 - 차도통행중,안전운전불이행,건조,맑음,단일로 - 기타,승용,남,64세,상해없음,보행자,남,49세,중상
2016041000100042,2016년 4월 10일 02시,일요일,대전광역시 유성구 가정동,부상신고사고,0,0,0,1,차량단독 - 기타,안전운전불이행,건조,맑음,교차로 - 교차로안,승용,남,32세,부상신고,,,,
2016041000100066,2016년 4월 10일 04시,일요일,대전광역시 중구 대흥동,중상사고,0,1,1,0,차대차 - 측면직각충돌,신호위반,건조,맑음,교차로 - 교차로안,승용,남,23세,상해없음,승용,남,56세,중상
2016041000100067,2016년 4월 10일 04시,일요일,대전광역시 서구 둔산동,경상사고,0,0,1,0,차대사람 - 기타,안전운전불이행,건조,흐림,단일로 - 기타,승용,여,21세,상해없음,보행자,남,28세,경상
2016041000100068,2016년 4월 10일 04시,일요일,대전광역시 유성구 궁동,경상사고,0,0,2,0,차대차 - 측면직각충돌,직진우회전진행방해,건조,맑음,교차로 - 교차로안,승용,남,18세,상해없음,승용,남,45세,경상
2016041000100148,2016년 4월 10일 10시,일요일,대전광역시 중구 대흥동,경상사고,0,0,1,0,차대사람 - 횡단중,안전운전불이행,건조,맑음,교차로 - 교차로부근,승용,남,48세,상해없음,보행자,여,55세,경상
2016041000100242,2016년 4월 10일 13시,일요일,대전광역시 서구 도마동,중상사고,0,1,0,0,차대차 - 측면충돌,안전운전불이행,건조,맑음,단일로 - 기타,승용,남,43세,상해없음,자전거,여,68세,중상
2016041000100243,2016년 4월 10일 13시,일요일,대전광역시 대덕구 신탄진동,중상사고,0,1,0,0,차대차 - 정면충돌,안전운전불이행,건조,맑음,교차로 - 교차로안,승용,남,27세,상해없음,이륜,남,64세,중상
2016041000100271,2016년 4월 10일 14시,일요일,대전광역시 유성구 노은동,경상사고,0,0,1,0,차대차 - 추돌,안전운전불이행,건조,맑음,교차로 - 교차로부근,승용,여,55세,상해없음,승용,남,33세,경상
2016041000100300,2016년 4월 10일 15시,일요일,대전광역시 동구 성남동,중상사고,0,1,0,0,차대차 - 측면충돌,안전운전불이행,건조,맑음,교차로 - 교차로부근,원동기,남,73세,중상,승용,남,67세,상해없음
2016041000100301,2016년 4월 10일 15시,일요일,대전광역시 대덕구 오정동,경상사고,0,0,2,0,차대차 - 측면충돌,안전운전불이행,건조,맑음,단일로 - 기타,승용,남,47세,상해없음,승용,남,57세,경상
2016041000100302,2016년 4월 10일 15시,일요일,대전광역시 서구 둔산동,경상사고,0,0,1,0,차대차 - 측면직각충돌,안전운전불이행,건조,맑음,단일로 - 기타,승용,남,46세,상해없음,승합,남,37세,상해없음
2016041000100303,2016년 4월 10일 15시,일요일,대전광역시 유성구 상대동,경상사고,0,0,1,0,차대차 - 추돌,안전거리미확보,건조,맑음,단일로 - 기타,승용,남,43세,상해없음,승용,남,58세,경상
2016041000100336,2016년 4월 10일 16시,일요일,대전광역시 대덕구 중리동,경상사고,0,0,2,0,차대차 - 측면직각충돌,중앙선침범,건조,맑음,단일로 - 기타,승용,남,59세,기타불명,승용,남,41세,경상
2016041000100383,2016년 4월 10일 17시,일요일,대전광역시 동구 용전동,경상사고,0,0,2,0,차대차 - 측면충돌,안전운전불이행,건조,맑음,단일로 - 기타,승용,여,53세,상해없음,승용,여,34세,경상
2016041000100384,2016년 4월 10일 17시,일요일,대전광역시 유성구 갑동,경상사고,0,0,2,0,차대차 - 기타,신호위반,건조,맑음,교차로 - 교차로부근,승용,남,44세,상해없음,원동기,남,24세,경상
2016041000100412,2016년 4월 10일 18시,일요일,대전광역시 중구 산성동,경상사고,0,0,1,0,차대사람 - 길가장자리구역통행중,안전운전불이행,건조,맑음,단일로 - 기타,승용,남,47세,상해없음,보행자,남,40세,경상
2016041000100413,2016년 4월 10일 18시,일요일,대전광역시 유성구 복용동,경상사고,0,0,1,0,차대차 - 정면충돌,중앙선침범,건조,맑음,단일로 - 기타,승합,남,65세,상해없음,승용,남,58세,경상
2016041000100440,2016년 4월 10일 19시,일요일,대전광역시 동구 홍도동,경상사고,0,0,1,0,차대사람 - 횡단중,신호위반,건조,맑음,교차로 - 교차로안,승용,남,61세,기타불명,보행자,남,59세,경상
2016041000100441,2016년 4월 10일 19시,일요일,대전광역시 서구 갈마동,경상사고,0,0,1,0,차대사람 - 횡단중,안전운전불이행,건조,맑음,교차로 - 교차로부근,승용,남,31세,상해없음,보행자,남,30세,경상
2016041000100497,2016년 4월 10일 21시,일요일,대전광역시 서구 괴정동,경상사고,0,0,3,0,차대차 - 추돌,안전운전불이행,건조,맑음,단일로 - 기타,승용,여,21세,상해없음,승용,남,39세,경상
2016041000100498,2016년 4월 10일 21시,일요일,대전광역시 대덕구 중리동,경상사고,0,0,1,0,차대사람 - 보도통행중,안전운전불이행,습기,흐림,기타 - 기타,승용,남,59세,상해없음,보행자,남,18세,경상
2016041100100144,2016년 4월 11일 08시,월요일,대전광역시 서구 탄방동,경상사고,0,0,1,0,차대차 - 추돌,신호위반,건조,맑음,교차로 - 교차로안,승용,남,29세,상해없음,승용,여,35세,경상
2016041100100145,2016년 4월 11일 08시,월요일,대전광역시 유성구 탑립동,경상사고,0,0,1,0,차대차 - 기타,중앙선침범,건조,맑음,단일로 - 기타,승용,여,32세,상해없음,승용,여,50세,경상
2016041100100175,2016년 4월 11일 09시,월요일,대전광역시 동구 가양동,경상사고,0,0,1,0,차대차 - 측면충돌,안전운전불이행,건조,맑음,교차로 - 교차로안,승용,남,58세,상해없음,승용,여,55세,경상
2016041100100177,2016년 4월 11일 09시,월요일,대전광역시 유성구 원내동,경상사고,0,0,1,0,차대차 - 정면충돌,신호위반,건조,맑음,교차로 - 교차로안,승용,여,48세,상해없음,승용,여,42세,경상
2016041100100241,2016년 4월 11일 11시,월요일,대전광역시 유성구 노은동,경상사고,0,0,3,0,차대차 - 추돌,안전거리미확보,건조,맑음,단일로 - 기타,승용,여,29세,경상,승용,남,34세,경상
2016041100100274,2016년 4월 11일 12시,월요일,대전광역시 서구 갈마동,경상사고,0,0,3,0,차대차 - 추돌,안전운전불이행,건조,맑음,교차로 - 교차로안,승용,남,54세,상해없음,승용,남,29세,경상
2016041100100345,2016년 4월 11일 14시,월요일,대전광역시 대덕구 신일동,경상사고,0,0,1,0,차대차 - 측면충돌,안전운전불이행,건조,맑음,단일로 - 기타,승용,남,81세,상해없음,승용,남,35세,경상
2016041100100346,2016년 4월 11일 14시,월요일,대전광역시 유성구 궁동,경상사고,0,0,2,0,차대차 - 측면직각충돌,안전운전불이행,건조,맑음,단일로 - 기타,승용,남,47세,상해없음,승용,여,23세,경상
2016041100100384,2016년 4월 11일 15시,월요일,대전광역시 서구 내동,경상사고,0,0,1,0,차대차 - 기타,안전운전불이행,건조,맑음,단일로 - 기타,승합,남,48세,상해없음,자전거,남,74세,경상
2016041100100385,2016년 4월 11일 15시,월요일,대전광역시 서구 월평동,경상사고,0,0,1,0,차대차 - 추돌,신호위반,건조,맑음,교차로 - 교차로안,승용,여,40세,상해없음,이륜,남,65세,경상
2016041100100463,2016년 4월 11일 17시,월요일,대전광역시 동구 상소동,중상사고,0,4,1,0,차대차 - 정면충돌,중앙선침범,건조,맑음,단일로 - 기타,승용,여,58세,중상,승용,남,56세,중상
2016041100100464,2016년 4월 11일 17시,월요일,대전광역시 대덕구 중리동,경상사고,0,0,1,0,차대차 - 측면충돌,교차로운행방법위반,건조,맑음,교차로 - 교차로부근,이륜,남,61세,상해없음,승용,여,47세,경상
2016041100100559,2016년 4월 11일 20시,월요일,대전광역시 대덕구 법동,경상사고,0,0,1,0,차대사람 - 횡단중,안전운전불이행,건조,맑음,단일로 - 기타,승용,남,71세,상해없음,보행자,남,33세,경상
2016041100100581,2016년 4월 11일 21시,월요일,대전광역시 중구 유천동,경상사고,0,0,1,0,차대사람 - 보도통행중,기타,건조,맑음,기타 - 기타,승용,남,51세,상해없음,보행자,여,68세,경상
2016041200100026,2016년 4월 12일 01시,화요일,대전광역시 서구 괴정동,중상사고,0,1,0,0,차대차 - 측면직각충돌,중앙선침범,건조,맑음,단일로 - 기타,승용,남,46세,상해없음,이륜,남,23세,중상
2016041200100093,2016년 4월 12일 07시,화요일,대전광역시 중구 사정동,경상사고,0,0,1,0,차대사람 - 기타,안전운전불이행,건조,맑음,기타 - 기타,승용,남,52세,상해없음,보행자,남,31세,경상
2016041200100094,2016년 4월 12일 07시,화요일,대전광역시 유성구 구암동,중상사고,0,1,0,0,차량단독 - 기타,기타,건조,맑음,단일로 - 기타,승합,남,47세,상해없음,,,,
2016041200100144,2016년 4월 12일 08시,화요일,대전광역시 동구 낭월동,중상사고,0,2,1,0,차대차 - 정면충돌,안전운전불이행,건조,맑음,교차로 - 교차로부근,승합,남,61세,상해없음,승용,남,59세,경상
2016041200100181,2016년 4월 12일 09시,화요일,대전광역시 동구 대동,중상사고,0,1,0,0,차대사람 - 기타,안전운전불이행,건조,맑음,단일로 - 기타,승용,여,61세,상해없음,보행자,남,45세,중상
2016041200100204,2016년 4월 12일 10시,화요일,대전광역시 서구 가수원동,중상사고,0,2,0,0,차대차 - 추돌,안전운전불이행,건조,맑음,단일로 - 기타,승용,남,44세,상해없음,승용,남,59세,중상
2016041200100264,2016년 4월 12일 12시,화요일,대전광역시 유성구 장대동,중상사고,0,1,0,0,차대사람 - 횡단중,기타,건조,맑음,기타 - 기타,이륜,남,51세,상해없음,보행자,여,36세,중상
2016041200100476,2016년 4월 12일 18시,화요일,대전광역시 동구 정동,중상사고,0,1,0,0,차량단독 - 기타,기타,건조,맑음,단일로 - 기타,승합,남,30세,상해없음,,,,
2016041200100513,2016년 4월 12일 19시,화요일,대전광역시 중구 유천동,경상사고,0,0,1,0,차대차 - 추돌,안전운전불이행,건조,맑음,교차로 - 교차로안,승용,남,56세,상해없음,승용,남,71세,경상
2016041200100514,2016년 4월 12일 19시,화요일,대전광역시 서구 월평동,경상사고,0,0,1,0,차대차 - 측면직각충돌,안전운전불이행,건조,흐림,교차로 - 교차로안,승용,남,57세,상해없음,승용,남,38세,경상
2016041200100515,2016년 4월 12일 19시,화요일,대전광역시 유성구 하기동,중상사고,0,1,0,0,차대차 - 추돌,안전거리미확보,건조,맑음,단일로 - 기타,승용,남,18세,상해없음,승용,여,37세,중상
2016041200100516,2016년 4월 12일 19시,화요일,대전광역시 유성구 관평동,경상사고,0,0,2,0,차대차 - 정면충돌,신호위반,건조,맑음,단일로 - 기타,승용,남,27세,상해없음,승용,남,38세,경상
2016041200100559,2016년 4월 12일 20시,화요일,대전광역시 중구 대흥동,경상사고,0,0,1,0,차대사람 - 횡단중,안전운전불이행,건조,맑음,교차로 - 교차로안,승용,남,32세,상해없음,보행자,여,56세,경상
2016041200100591,2016년 4월 12일 21시,화요일,대전광역시 동구 용전동,경상사고,0,0,4,0,차대차 - 측면충돌,안전운전불이행,건조,맑음,교차로 - 교차로안,승용,여,62세,상해없음,승용,여,34세,경상
2016041200100592,2016년 4월 12일 21시,화요일,대전광역시 서구 둔산동,경상사고,0,0,1,0,차대사람 - 횡단중,안전운전불이행,건조,맑음,단일로 - 기타,승용,여,50세,상해없음,보행자,여,11세,경상
2016041200100673,2016년 4월 12일 23시,화요일,대전광역시 중구 태평동,경상사고,0,0,2,0,차대차 - 추돌,안전운전불이행,건조,맑음,교차로 - 교차로부근,승용,남,57세,상해없음,승용,남,57세,경상
2016041200100674,2016년 4월 12일 23시,화요일,대전광역시 대덕구 목상동,사망사고,1,0,0,0,차대사람 - 횡단중,보행자보호의무위반,건조,흐림,교차로 - 교차로부근,승용,여,43세,상해없음,보행자,여,61세,사망
2016041300100049,2016년 4월 13일 01시,수요일,대전광역시 서구 월평동,경상사고,0,0,1,0,차대사람 - 길가장자리구역통행중,안전운전불이행,습기,비,단일로 - 기타,승용,여,58세,상해없음,보행자,남,35세,경상
2016041300100067,2016년 4월 13일 02시,수요일,대전광역시 대덕구 법동,경상사고,0,0,2,0,차대차 - 측면충돌,신호위반,습기,비,교차로 - 교차로안,승용,여,61세,상해없음,승용,남,26세,경상
2016041300100068,2016년 4월 13일 02시,수요일,대전광역시 서구 둔산동,부상신고사고,0,0,0,1,차대사람 - 횡단중,보행자보호의무위반,습기,비,교차로 - 교차로안,승용,남,28세,기타불명,보행자,남,27세,부상신고
2016041300100069,2016년 4월 13일 02시,수요일,대전광역시 유성구 봉명동,중상사고,0,1,0,0,차대사람 - 보도통행중,안전운전불이행,습기,비,단일로 - 기타,자전거,남,19세,기타불명,보행자,여,67세,중상
2016041300100100,2016년 4월 13일 04시,수요일,대전광역시 중구 오류동,경상사고,0,0,2,0,차대차 - 추돌,신호위반,습기,비,교차로 - 교차로안,승용,남,57세,상해없음,승용,여,54세,경상
2016041300100118,2016년 4월 13일 05시,수요일,대전광역시 대덕구 신일동,경상사고,0,0,1,0,차대차 - 측면충돌,안전운전불이행,습기,비,단일로 - 기타,승용,남,60세,상해없음,화물,남,46세,경상
2016041300100277,2016년 4월 13일 11시,수요일,대전광역시 서구 둔산동,중상사고,0,1,0,0,차대차 - 추돌,안전운전불이행,건조,맑음,교차로 - 교차로부근,승용,남,40세,기타불명,승용,남,54세,중상
2016041300100314,2016년 4월 13일 12시,수요일,대전광역시 중구 태평동,중상사고,0,1,0,0,차대차 - 측면직각충돌,안전운전불이행,건조,흐림,교차로 - 교차로부근,자전거,여,43세,중상,승용,남,57세,상해없음
2016041300100315,2016년 4월 13일 12시,수요일,대전광역시 서구 갈마동,경상사고,0,0,1,0,차대차 - 측면직각충돌,교차로운행방법위반,습기,비,교차로 - 교차로부근,승용,남,38세,상해없음,이륜,남,47세,경상
2016041300100339,2016년 4월 13일 13시,수요일,대전광역시 유성구 장대동,중상사고,0,1,2,0,차대차 - 기타,안전거리미확보,건조,맑음,단일로 - 기타,승용,남,67세,상해없음,원동기,남,56세,중상
2016041300100340,2016년 4월 13일 13시,수요일,대전광역시 유성구 상대동,경상사고,0,0,1,0,차대차 - 측면직각충돌,중앙선침범,건조,맑음,단일로 - 기타,승용,남,53세,상해없음,원동기,남,33세,경상
2016041300100436,2016년 4월 13일 16시,수요일,대전광역시 대덕구 비래동,경상사고,0,0,2,0,차대차 - 측면직각충돌,교차로운행방법위반,건조,맑음,교차로 - 교차로안,승용,여,54세,상해없음,승용,여,55세,경상
2016041300100482,2016년 4월 13일 17시,수요일,대전광역시 중구 목동,경상사고,0,0,1,0,차대사람 - 횡단중,기타,건조,맑음,단일로 - 기타,승용,여,26세,상해없음,보행자,여,8세,경상
2016041300100483,2016년 4월 13일 17시,수요일,대전광역시 대덕구 중리동,경상사고,0,0,1,0,차대차 - 추돌,안전거리미확보,건조,맑음,단일로 - 기타,승용,남,32세,상해없음,승용,여,51세,경상
2016041300100527,2016년 4월 13일 18시,수요일,대전광역시 서구 갈마동,경상사고,0,0,1,0,차대차 - 기타,안전운전불이행,건조,맑음,단일로 - 기타,승용,여,47세,상해없음,승용,남,28세,경상