사고번호,사고일시,요일,시군구,사고내용,사망자수,중상자수,경상자수,부상신고자수,사고유형,법규위반,노면상태,기상상태,도로형태,가해운전자 차종,가해운전자 성별,가해운전자 연령,가해운전자 상해정도,피해운전자 차종,피해운전자 성별,피해운전자 연령,피해운전자 상해정도
2016043000100375,2016년 4월 30일 14시,토요일,대전광역시 중구 유천동,중상사고,0,1,2,0,차대차 - 측면직각충돌,교차로운행방법위반,건조,맑음,교차로 - 교차로안,승용,남,42세,상해없음,승용,여,43세,경상
2016043000100448,2016년 4월 30일 16시,토요일,대전광역시 유성구 도룡동,경상사고,0,0,1,0,차대차 - 추돌,안전운전불이행,건조,맑음,단일로 - 교량,승용,여,48세,상해없음,승용,남,33세,경상
2016043000100496,2016년 4월 30일 17시,토요일,대전광역시 중구 오류동,경상사고,0,0,4,0,차대차 - 추돌,교차로운행방법위반,건조,맑음,교차로 - 교차로안,승용,남,49세,상해없음,승용,남,50세,경상
2016043000100531,2016년 4월 30일 18시,토요일,대전광역시 대덕구 중리동,경상사고,0,0,2,0,차대차 - 추돌,안전운전불이행,건조,맑음,교차로 - 교차로부근,승용,남,22세,상해없음,승용,남,33세,경상
2016043000100532,2016년 4월 30일 18시,토요일,대전광역시 서구 갈마동,경상사고,0,0,3,0,차대차 - 정면충돌,안전운전불이행,건조,맑음,단일로 - 기타,승용,남,59세,상해없음,승용,남,30세,경상
2016043000100600,2016년 4월 30일 20시,토요일,대전광역시 유성구 가정동,중상사고,0,1,0,0,차대사람 - 기타,안전운전불이행,건조,맑음,단일로 - 기타,승합,남,44세,상해없음,보행자,남,28세,중상
2016043000100632,2016년 4월 30일 21시,토요일,대전광역시 서구 복수동,경상사고,0,0,1,0,차대차 - 추돌,안전운전불이행,건조,맑음,교차로 - 교차로안,승용,여,48세,상해없음,이륜,남,24세,경상
2016043000100664,2016년 4월 30일 22시,토요일,대전광역시 중구 유천동,경상사고,0,0,1,0,차대차 - 측면충돌,안전운전불이행,건조,맑음,교차로 - 교차로안,승용,여,54세,상해없음,승용,남,50세,경상
2016043000100665,2016년 4월 30일 22시,토요일,대전광역시 유성구 노은동,중상사고,0,1,0,0,차대차 - 측면직각충돌,신호위반,건조,맑음,교차로 - 교차로안,승용,여,48세,상해없음,승용,남,43세,중상
2016043000100689,2016년 4월 30일 23시,토요일,대전광역시 서구 관저동,경상사고,0,0,1,0,차대사람 - 차도통행중,안전운전불이행,건조,맑음,단일로 - 기타,승용,여,56세,상해없음,보행자,남,46세,경상
2016043000100690,2016년 4월 30일 23시,토요일,대전광역시 서구 둔산동,중상사고,0,1,1,0,차대차 - 측면직각충돌,교차로운행방법위반,건조,맑음,교차로 - 교차로안,승용,남,52세,경상,이륜,남,25세,중상
2016050100100020,2016년 5월 1일 00시,일요일,대전광역시 서구 갈마동,중상사고,0,1,0,0,차대사람 - 기타,안전운전불이행,건조,맑음,단일로 - 기타,승용,여,51세,상해없음,보행자,여,37세,중상
2016050100100040,2016년 5월 1일 01시,일요일,대전광역시 중구 문창동,경상사고,0,0,2,0,차대차 - 추돌,안전운전불이행,건조,맑음,단일로 - 기타,승용,남,27세,상해없음,승용,남,64세,경상
2016050100100087,2016년 5월 1일 04시,일요일,대전광역시 서구 둔산동,경상사고,0,0,1,0,차대사람 - 기타,안전운전불이행,건조,맑음,단일로 - 기타,승용,남,24세,기타불명,보행자,남,28세,경상
2016050100100099,2016년 5월 1일 05시,일요일,대전광역시 유성구 장대동,경상사고,0,0,2,0,차대차 - 측면직각충돌,안전운전불이행,건조,맑음,단일로 - 기타,승용,남,24세,상해없음,승용,남,62세,경상
2016050100100119,2016년 5월 1일 07시,일요일,대전광역시 서구 월평동,중상사고,0,1,0,0,차량단독 - 기타,안전운전불이행,건조,맑음,단일로 - 기타,승용,남,53세,상해없음,,,,
2016050100100145,2016년 5월 1일 09시,일요일,대전광역시 중구 문화동,경상사고,0,0,2,0,차대차 - 추돌,안전거리미확보,건조,맑음,단일로 - 기타,승용,여,55세,상해없음,승용,남,43세,경상
2016050100100146,2016년 5월 1일 09시,일요일,대전광역시 동구 천동,부상신고사고,0,0,0,1,차대차 - 추돌,안전운전불이행,건조,맑음,단일로 - 기타,기타불명,기타불명,기타불명,기타불명,승용,여,42세,부상신고
2016050100100165,2016년 5월 1일 10시,일요일,대전광역시 중구 유천동,경상사고,0,0,1,0,차대차 - 기타,안전운전불이행,건조,맑음,교차로 - 교차로안,승용,남,40세,상해없음,화물,여,52세,경상
2016050100100216,2016년 5월 1일 12시,일요일,대전광역시 서구 도마동,중상사고,0,1,3,0,차대차 - 추돌,안전거리미확보,건조,맑음,교차로 - 교차로부근,승용,여,66세,상해없음,승용,여,37세,경상
2016050100100286,2016년 5월 1일 14시,일요일,대전광역시 유성구 장대동,경상사고,0,0,2,0,차대차 - 추돌,안전운전불이행,건조,맑음,단일로 - 기타,승용,남,55세,상해없음,승용,여,48세,경상
2016050100100332,2016년 5월 1일 15시,일요일,대전광역시 중구 태평동,중상사고,0,1,0,0,차대차 - 기타,안전운전불이행,건조,맑음,교차로 - 교차로부근,승용,남,55세,상해없음,승용,여,49세,중상
2016050100100333,2016년 5월 1일 15시,일요일,대전광역시 중구 오류동,경상사고,0,0,1,0,차대사람 - 기타,안전운전불이행,건조,맑음,단일로 - 기타,승용,남,46세,상해없음,보행자,남,42세,경상
2016050100100403,2016년 5월 1일 17시,일요일,대전광역시 서구 갈마동,경상사고,0,0,2,0,차대차 - 측면충돌,안전운전불이행,건조,맑음,단일로 - 기타,승용,남,51세,상해없음,승용,남,22세,경상
2016050100100404,2016년 5월 1일 17시,일요일,대전광역시 유성구 반석동,경상사고,0,0,1,0,차대차 - 측면충돌,차로위반,건조,맑음,교차로 - 교차로안,승용,남,24세,기타불명,화물,남,56세,상해없음
2016050100100436,2016년 5월 1일 18시,일요일,대전광역시 중구 대사동,중상사고,0,1,1,0,차대차 - 측면직각충돌,신호위반,건조,맑음,단일로 - 기타,이륜,남,22세,중상,승용,남,32세,상해없음
2016050100100457,2016년 5월 1일 19시,일요일,대전광역시 대덕구 문평동,경상사고,0,0,1,0,차대차 - 추돌,안전운전불이행,건조,맑음,교차로 - 교차로안,화물,남,54세,상해없음,승용,여,52세,경상
2016050100100458,2016년 5월 1일 19시,일요일,대전광역시 서구 만년동,경상사고,0,0,4,0,차대차 - 추돌,안전운전불이행,건조,맑음,교차로 - 교차로부근,승용,남,42세,상해없음,승용,남,48세,경상
2016050100100493,2016년 5월 1일 20시,일요일,대전광역시 서구 둔산동,경상사고,0,0,2,0,차대차 - 추돌,안전운전불이행,건조,맑음,교차로 - 교차로안,승용,여,34세,상해없음,승용,남,50세,경상
2016050100100540,2016년 5월 1일 22시,일요일,대전광역시 중구 용두동,중상사고,0,1,0,0,차대사람 - 횡단중,안전운전불이행,건조,맑음,교차로 - 교차로안,승용,남,24세,상해없음,보행자,여,64세,중상
2016050100100541,2016년 5월 1일 22시,일요일,대전광역시 동구 정동,중상사고,0,1,1,0,차대사람 - 횡단중,안전운전불이행,건조,맑음,단일로 - 기타,승합,남,54세,상해없음,보행자,남,51세,중상
2016050200100040,2016년 5월 2일 05시,월요일,대전광역시 중구 대사동,경상사고,0,0,1,0,차대차 - 추돌,안전운전불이행,건조,맑음,단일로 - 기타,승용,남,61세,상해없음,승용,남,23세,경상
2016050200100054,2016년 5월 2일 06시,월요일,대전광역시 중구 오류동,경상사고,0,0,2,0,차대차 - 추돌,안전운전불이행,건조,맑음,단일로 - 기타,승용,남,36세,상해없음,승용,남,43세,경상
2016050200100081,2016년 5월 2일 07시,월요일,대전광역시 동구 홍도동,경상사고,0,0,1,0,차대차 - 측면직각충돌,안전운전불이행,건조,맑음,교차로 - 교차로안,원동기,남,22세,상해없음,승용,남,28세,경상
2016050200100082,2016년 5월 2일 07시,월요일,대전광역시 유성구 지족동,경상사고,0,0,1,0,차대차 - 정면충돌,신호위반,건조,맑음,교차로 - 교차로안,승용,남,54세,상해없음,승용,여,23세,경상
2016050200100128,2016년 5월 2일 08시,월요일,대전광역시 서구 용문동,경상사고,0,0,1,0,차대사람 - 길가장자리구역통행중,안전운전불이행,건조,맑음,교차로 - 교차로부근,승용,남,52세,상해없음,보행자,남,28세,경상
2016050200100129,2016년 5월 2일 08시,월요일,대전광역시 서구 월평동,경상사고,0,0,1,0,차대차 - 측면직각충돌,안전운전불이행,건조,맑음,교차로 - 교차로안,승용,남,39세,상해없음,승용,여,47세,경상
2016050200100192,2016년 5월 2일 10시,월요일,대전광역시 동구 삼성동,중상사고,0,1,0,0,차량단독 - 전도전복,안전운전불이행,건조,맑음,미분류 - 미분류,원동기,남,57세,중상,,,,
2016050200100193,2016년 5월 2일 10시,월요일,대전광역시 동구 효동,중상사고,0,1,0,0,차대사람 - 보도통행중,중앙선침범,건조,맑음,단일로 - 기타,승용,여,55세,상해없음,보행자,여,77세,중상
2016050200100241,2016년 5월 2일 12시,월요일,대전광역시 대덕구 문평동,중상사고,0,1,0,0,차대사람 - 차도통행중,안전운전불이행,건조,맑음,교차로 - 교차로부근,승용,여,26세,기타불명,보행자,여,46세,중상
2016050200100278,2016년 5월 2일 13시,월요일,대전광역시 유성구 구암동,부상신고사고,0,0,0,1,차대사람 - 길가장자리구역통행중,안전운전불이행,건조,맑음,단일로 - 기타,승용,여,68세,상해없음,보행자,남,23세,부상신고
2016050200100324,2016년 5월 2일 14시,월요일,대전광역시 중구 대사동,중상사고,0,1,0,0,차대차 - 측면직각충돌,안전운전불이행,건조,맑음,교차로 - 교차로안,승용,여,67세,상해없음,승용,여,50세,중상
2016050200100369,2016년 5월 2일 15시,월요일,대전광역시 동구 자양동,경상사고,0,0,1,0,차대차 - 측면충돌,신호위반,건조,맑음,교차로 - 교차로안,원동기,남,58세,상해없음,승용,남,56세,경상
2016050200100419,2016년 5월 2일 16시,월요일,대전광역시 서구 관저동,경상사고,0,0,1,0,차량단독 - 기타,기타,건조,맑음,단일로 - 기타,승합,남,40세,상해없음,,,,
2016050200100420,2016년 5월 2일 16시,월요일,대전광역시 서구 갈마동,중상사고,0,1,0,0,차대사람 - 횡단중,보행자보호의무위반,건조,맑음,교차로 - 교차로안,화물,남,57세,상해없음,보행자,여,58세,중상
2016050200100421,2016년 5월 2일 16시,월요일,대전광역시 서구 월평동,경상사고,0,0,1,0,차대차 - 정면충돌,신호위반,건조,맑음,교차로 - 교차로부근,기타불명,기타불명,기타불명,기타불명,자전거,남,66세,경상
2016050200100422,2016년 5월 2일 16시,월요일,대전광역시 유성구 원신흥동,중상사고,0,1,1,0,차대차 - 측면직각충돌,신호위반,습기,흐림,교차로 - 교차로안,승용,남,67세,기타불명,승용,여,32세,중상
2016050200100423,2016년 5월 2일 16시,월요일,대전광역시 유성구 봉명동,경상사고,0,0,1,0,차대차 - 추돌,안전운전불이행,건조,맑음,단일로 - 기타,승용,여,40세,기타불명,승용,여,54세,경상
2016050200100506,2016년 5월 2일 18시,월요일,대전광역시 중구 태평동,경상사고,0,0,1,0,차대차 - 추돌,안전거리미확보,건조,맑음,교차로 - 교차로부근,승합,남,60세,상해없음,승용,남,66세,경상
2016050200100552,2016년 5월 2일 19시,월요일,대전광역시 동구 인동,중상사고,0,1,0,0,차대사람 - 횡단중,안전운전불이행,습기,비,단일로 - 기타,원동기,남,23세,상해없음,보행자,여,72세,중상
2016050200100608,2016년 5월 2일 20시,월요일,대전광역시 서구 관저동,중상사고,0,1,2,2,차대차 - 측면직각충돌,교차로운행방법위반,습기,비,교차로 - 교차로안,승용,남,24세,상해없음,승용,여,42세,경상
2016050200100609,2016년 5월 2일 20시,월요일,대전광역시 유성구 봉명동,경상사고,0,0,1,0,차대사람 - 횡단중,안전운전불이행,습기,비,단일로 - 기타,승용,여,50세,상해없음,보행자,여,19세,경상
2016050200100651,2016년 5월 2일 21시,월요일,대전광역시 대덕구 신탄진동,경상사고,0,0,1,0,차대차 - 측면충돌,안전거리미확보,습기,비,교차로 - 교차로부근,승용,남,48세,상해없음,원동기,남,34세,경상
2016050200100697,2016년 5월 2일 22시,월요일,대전광역시 서구 탄방동,중상사고,0,1,2,0,차대차 - 정면충돌,중앙선침범,습기,비,교차로 - 교차로부근,승용,남,32세,상해없음,승용,여,58세,중상
2016050200100698,2016년 5월 2일 22시,월요일,대전광역시 유성구 지족동,경상사고,0,0,1,0,차대차 - 추돌,안전운전불이행,습기,비,단일로 - 기타,승용,남,43세,상해없음,승용,여,53세,경상
2016050200100742,2016년 5월 2일 23시,월요일,대전광역시 서구 괴정동,경상사고,0,0,2,0,차대사람 - 횡단중,신호위반,습기,비,교차로 - 교차로부근,승용,남,32세,상해없음,보행자,남,17세,경상
2016050200100743,2016년 5월 2일 23시,월요일,대전광역시 서구 도마동,경상사고,0,0,1,0,차대사람 - 횡단중,안전운전불이행,습기,비,단일로 - 횡단보도상,승용,남,44세,상해없음,보행자,남,25세,경상
2016050200100744,2016년 5월 2일 23시,월요일,대전광역시 유성구 도룡동,중상사고,0,1,0,0,차대차 - 정면충돌,중앙선침범,습기,비,단일로 - 기타,승용,남,42세,상해없음,승용,남,40세,중상
2016050300100055,2016년 5월 3일 01시,화요일,대전광역시 중구 대흥동,경상사고,0,0,1,0,차대사람 - 횡단중,안전운전불이행,습기,비,단일로 - 기타,승용,남,22세,상해없음,보행자,남,38세,경상
2016050300100056,2016년 5월 3일 01시,화요일,대전광역시 유성구 노은동,중상사고,0,1,0,0,차대차 - 측면직각충돌,안전운전불이행,습기,비,교차로 - 교차로안,승용,남,45세,상해없음,승용,여,37세,중상
2016050300100057,2016년 5월 3일 01시,화요일,대전광역시 유성구 궁동,경상사고,0,0,1,0,차대차 - 추돌,안전운전불이행,습기,흐림,단일로 - 기타,승용,남,34세,상해없음,승용,여,60세,경상
2016050300100109,2016년 5월 3일 06시,화요일,대전광역시 서구 내동,경상사고,0,0,2,0,차대차 - 측면직각충돌,신호위반,건조,맑음,교차로 - 교차로안,승용,남,26세,상해없음,승용,남,55세,경상
2016050300100176,2016년 5월 3일 08시,화요일,대전광역시 대덕구 중리동,경상사고,0,0,1,0,차대차 - 측면충돌,교차로운행방법위반,습기,비,교차로 - 교차로안,승용,남,62세,상해없음,승용,여,34세,경상
2016050300100177,2016년 5월 3일 08시,화요일,대전광역시 서구 둔산동,경상사고,0,0,2,0,차대차 - 추돌,안전운전불이행,습기,비,교차로 - 교차로안,승용,남,61세,상해없음,승용,여,57세,경상
2016050300100178,2016년 5월 3일 08시,화요일,대전광역시 유성구 봉명동,경상사고,0,0,1,0,차대사람 - 횡단중,신호위반,건조,맑음,단일로 - 횡단보도상,승용,남,54세,상해없음,보행자,여,51세,경상
2016050300100234,2016년 5월 3일 09시,화요일,대전광역시 유성구 장대동,경상사고,0,0,1,0,차대차 - 추돌,안전운전불이행,습기,비,단일로 - 기타,승용,남,53세,상해없음,승용,남,60세,경상
2016050300100285,2016년 5월 3일 11시,화요일,대전광역시 서구 만년동,경상사고,0,0,1,0,차대차 - 측면충돌,안전운전불이행,습기,비,단일로 - 기타,승용,남,25세,기타불명,승용,여,53세,경상
2016050300100312,2016년 5월 3일 12시,화요일,대전광역시 중구 용두동,경상사고,0,0,1,0,차대사람 - 횡단중,신호위반,습기,비,교차로 - 교차로안,승용,남,23세,상해없음,보행자,여,14세,경상
2016050300100348,2016년 5월 3일 13시,화요일,대전광역시 유성구 봉명동,경상사고,0,0,1,0,차대차 - 기타,신호위반,습기,비,교차로 - 교차로안,승용,남,43세,상해없음,이륜,남,42세,경상
2016050300100349,2016년 5월 3일 13시,화요일,대전광역시 유성구 신봉동,부상신고사고,0,0,0,1,차대차 - 추돌,안전운전불이행,습기,기타,단일로 - 기타,승용,남,28세,상해없음,승용,남,39세,부상신고
2016050300100381,2016년 5월 3일 14시,화요일,대전광역시 중구 문화동,경상사고,0,0,1,0,차대차 - 측면충돌,직진우회전진행방해,습기,비,교차로 - 교차로안,승용,남,62세,상해없음,승용,남,48세,경상
2016050300100382,2016년 5월 3일 14시,화요일,대전광역시 중구 유천동,경상사고,0,0,1,0,차대차 - 측면충돌,직진우회전진행방해,습기,비,교차로 - 교차로안,승용,여,27세,상해없음,승용,여,36세,경상
2016050300100383,2016년 5월 3일 14시,화요일,대전광역시 대덕구 중리동,경상사고,0,0,1,0,차대차 - 추돌,안전거리미확보,습기,비,단일로 - 기타,승용,남,45세,상해없음,승용,여,46세,경상
2016050300100384,2016년 5월 3일 14시,화요일,대전광역시 유성구 봉명동,경상사고,0,0,2,0,차대차 - 기타,안전운전불이행,습기,비,단일로 - 기타,승용,여,28세,상해없음,승용,여,34세,경상
2016050300100405,2016년 5월 3일 15시,화요일,대전광역시 중구 문화동,경상사고,0,0,1,0,차대차 - 추돌,안전운전불이행,습기,흐림,교차로 - 교차로안,승용,남,54세,상해없음,승용,여,30세,경상
2016050300100445,2016년 5월 3일 16시,화요일,대전광역시 중구 용두동,중상사고,0,1,0,0,차대사람 - 횡단중,안전운전불이행,습기,비,단일로 - 기타,승용,여,38세,상해없음,보행자,여,7세,중상
2016050300100446,2016년 5월 3일 16시,화요일,대전광역시 서구 도마동,경상사고,0,0,3,0,차대차 - 측면충돌,교차로운행방법위반,습기,비,교차로 - 교차로안,승용,남,31세,상해없음,승용,남,63세,경상
2016050300100447,2016년 5월 3일 16시,화요일,대전광역시 서구 만년동,중상사고,0,1,0,0,차량단독 - 전도전복,안전운전불이행,습기,비,단일로 - 기타,승용,여,32세,중상,,,,
2016050300100479,2016년 5월 3일 17시,화요일,대전광역시 유성구 봉명동,부상신고사고,0,0,0,1,차대차 - 측면충돌,안전운전불이행,습기,비,교차로 - 교차로안,원동기,남,25세,부상신고,승용,남,39세,상해없음
2016050300100512,2016년 5월 3일 18시,화요일,대전광역시 유성구 원신흥동,경상사고,0,0,1,0,차대차 - 측면직각충돌,안전운전불이행,건조,맑음,교차로 - 교차로안,승용,남,40세,상해없음,원동기,남,20세,경상
2016050300100675,2016년 5월 3일 22시,화요일,대전광역시 동구 삼정동,경상사고,0,0,1,0,차대차 - 정면충돌,안전운전불이행,습기,비,단일로 - 기타,승용,남,41세,상해없음,화물,남,43세,경상
2016050300100683,2016년 5월 3일 22시,화요일,대전광역시 유성구 상대동,중상사고,0,1,0,0,차대차 - 측면충돌,안전운전불이행,습기,비,단일로 - 기타,승용,여,39세,상해없음,이륜,남,28세,중상
2016050300100715,2016년 5월 3일 23시,화요일,대전광역시 중구 옥계동,경상사고,0,0,1,0,차대차 - 추돌,안전운전불이행,건조,맑음,단일로 - 기타,승용,남,67세,상해없음,승용,남,22세,경상
2016050400100039,2016년 5월 4일 02시,수요일,대전광역시 서구 둔산동,경상사고,0,0,3,0,차대사람 - 기타,안전운전불이행,건조,맑음,단일로 - 기타,승용,남,32세,상해없음,보행자,남,20세,경상
2016050400100071,2016년 5월 4일 06시,수요일,대전광역시 유성구 봉명동,중상사고,0,1,0,0,차대차 - 측면충돌,중앙선침범,건조,맑음,단일로 - 기타,승용,남,34세,상해없음,승용,남,35세,중상
2016050400100144,2016년 5월 4일 08시,수요일,대전광역시 유성구 용산동,경상사고,0,0,1,0,차대차 - 추돌,안전거리미확보,건조,맑음,단일로 - 기타,승용,남,49세,상해없음,승용,남,24세,경상
2016050400100184,2016년 5월 4일 09시,수요일,대전광역시 대덕구 신일동,경상사고,0,0,1,0,차대차 - 기타,안전운전불이행,건조,맑음,단일로 - 기타,화물,남,53세,상해없음,승용,여,42세,경상
2016050400100185,2016년 5월 4일 09시,수요일,대전광역시 서구 탄방동,경상사고,0,0,5,0,차대차 - 측면직각충돌,안전운전불이행,건조,맑음,교차로 - 교차로안,승용,남,29세,경상,승용,남,58세,경상
2016050400100186,2016년 5월 4일 09시,수요일,대전광역시 유성구 어은동,경상사고,0,0,1,0,차대사람 - 횡단중,신호위반,건조,맑음,교차로 - 교차로부근,승용,남,29세,상해없음,보행자,여,25세,경상
2016050400100288,2016년 5월 4일 12시,수요일,대전광역시 대덕구 법동,경상사고,0,0,1,0,차대사람 - 횡단중,안전운전불이행,건조,맑음,단일로 - 횡단보도상,승용,남,43세,상해없음,보행자,여,50세,경상
2016050400100289,2016년 5월 4일 12시,수요일,대전광역시 대덕구 법동,경상사고,0,0,1,0,차대사람 - 횡단중,보행자보호의무위반,건조,맑음,단일로 - 횡단보도상,승용,남,69세,상해없음,보행자,여,20세,경상
2016050400100330,2016년 5월 4일 13시,수요일,대전광역시 서구 가수원동,경상사고,0,0,1,0,차대차 - 측면충돌,안전운전불이행,건조,맑음,단일로 - 기타,농기계,남,61세,경상,승용,남,54세,기타불명
2016050400100429,2016년 5월 4일 15시,수요일,대전광역시 대덕구 오정동,경상사고,0,0,1,0,차대차 - 추돌,안전거리미확보,건조,맑음,교차로 - 교차로부근,승용,남,41세,기타불명,승용,남,52세,경상
2016050400100430,2016년 5월 4일 15시,수요일,대전광역시 유성구 구암동,중상사고,0,1,0,0,차대차 - 측면직각충돌,교차로운행방법위반,건조,맑음,교차로 - 교차로안,이륜,여,55세,중상,승용,여,26세,상해없음
2016050400100431,2016년 5월 4일 15시,수요일,대전광역시 유성구 장대동,경상사고,0,0,2,0,차대차 - 기타,안전운전불이행,건조,맑음,교차로 - 교차로안,승용,남,36세,상해없음,승합,여,53세,경상
2016050400100469,2016년 5월 4일 16시,수요일,대전광역시 중구 문화동,경상사고,0,0,1,0,차대사람 - 횡단중,보행자보호의무위반,건조,맑음,교차로 - 교차로안,화물,남,40세,상해없음,보행자,남,8세,경상
2016050400100470,2016년 5월 4일 16시,수요일,대전광역시 서구 탄방동,경상사고,0,0,1,0,차대사람 - 횡단중,신호위반,건조,맑음,교차로 - 교차로부근,승용,남,61세,상해없음,보행자,남,72세,경상
2016050400100471,2016년 5월 4일 16시,수요일,대전광역시 서구 탄방동,경상사고,0,0,1,0,차대차 - 기타,안전운전불이행,건조,맑음,단일로 - 기타,화물,남,36세,상해없음,승용,남,27세,경상
2016050400100472,2016년 5월 4일 16시,수요일,대전광역시 서구 둔산동,경상사고,0,0,1,0,차대사람 - 횡단중,안전운전불이행,건조,맑음,단일로 - 기타,승용,남,27세,상해없음,보행자,남,5세,경상
2016050400100538,2016년 5월 4일 17시,수요일,대전광역시 유성구 구암동,중상사고,0,1,1,0,차대차 - 측면충돌,신호위반,건조,맑음,교차로 - 교차로안,승용,남,70세,중상,화물,남,56세,경상
2016050400100594,2016년 5월 4일 18시,수요일,대전광역시 중구 선화동,경상사고,0,0,1,0,차대차 - 추돌,안전거리미확보,건조,맑음,단일로 - 기타,승용,여,25세,상해없음,승용,여,38세,경상
2016050400100595,2016년 5월 4일 18시,수요일,대전광역시 중구 안영동,경상사고,0,0,1,0,차대차 - 추돌,안전운전불이행,건조,맑음,교차로 - 교차로안,승용,남,30세,상해없음,승용,남,31세,경상
2016050400100596,2016년 5월 4일 18시,수요일,대전광역시 중구 대사동,경상사고,0,0,2,0,차대차 - 정면충돌,중앙선침범,건조,맑음,단일로 - 기타,승용,여,43세,상해없음,승용,여,42세,경상
2016050400100597,2016년 5월 4일 18시,수요일,대전광역시 동구 용전동,경상사고,0,0,1,0,차대차 - 측면직각충돌,교차로운행방법위반,건조,맑음,교차로 - 교차로안,승용,여,40세,상해없음,원동기,남,42세,경상
2016050400100598,2016년 5월 4일 18시,수요일,대전광역시 유성구 봉명동,경상사고,0,0,1,0,차대차 - 추돌,안전운전불이행,건조,맑음,단일로 - 기타,화물,남,52세,기타불명,승용,여,52세,경상
2016050400100646,2016년 5월 4일 19시,수요일,대전광역시 유성구 원신흥동,경상사고,0,0,1,0,차대차 - 측면충돌,안전운전불이행,건조,맑음,단일로 - 기타,승합,남,72세,상해없음,승용,남,34세,경상
2016050400100689,2016년 5월 4일 20시,수요일,대전광역시 서구 월평동,경상사고,0,0,1,0,차대차 - 측면직각충돌,불법유턴,건조,맑음,단일로 - 기타,승용,남,49세,상해없음,이륜,남,19세,경상
2016050400100690,2016년 5월 4일 20시,수요일,대전광역시 유성구 송강동,경상사고,0,0,1,0,차대사람 - 횡단중,안전운전불이행,건조,맑음,단일로 - 기타,승용,여,29세,상해없음,보행자,여,71세,경상
2016050400100726,2016년 5월 4일 21시,수요일,대전광역시 서구 둔산동,경상사고,0,0,1,0,차대차 - 측면충돌,안전운전불이행,건조,맑음,교차로 - 교차로부근,승용,여,54세,상해없음,자전거,여,48세,경상
2016050400100764,2016년 5월 4일 22시,수요일,대전광역시 대덕구 오정동,중상사고,0,1,0,0,차대차 - 측면직각충돌,안전운전불이행,건조,맑음,교차로 - 교차로안,승용,여,48세,상해없음,승용,남,51세,중상
2016050400100800,2016년 5월 4일 23시,수요일,대전광역시 동구 대성동,경상사고,0,0,1,0,차대차 - 측면충돌,불법유턴,건조,맑음,교차로 - 교차로안,승용,남,56세,상해없음,원동기,남,40세,경상
2016050500100021,2016년 5월 5일 00시,목요일,대전광역시 중구 유천동,중상사고,0,1,2,0,차대차 - 추돌,안전거리미확보,건조,맑음,단일로 - 기타,승용,여,59세,중상,승용,남,22세,경상
2016050500100046,2016년 5월 5일 01시,목요일,대전광역시 서구 갈마동,중상사고,0,2,2,0,차대사람 - 횡단중,과속,건조,맑음,단일로 - 기타,승용,남,35세,상해없음,보행자,남,64세,중상
2016050500100055,2016년 5월 5일 02시,목요일,대전광역시 유성구 반석동,중상사고,0,1,1,0,차대차 - 측면직각충돌,신호위반,건조,맑음,교차로 - 교차로안,승용,여,30세,상해없음,승용,남,64세,중상
2016050500100066,2016년 5월 5일 03시,목요일,대전광역시 서구 갈마동,경상사고,0,0,1,0,차대사람 - 횡단중,안전운전불이행,건조,맑음,교차로 - 교차로안,기타불명,기타불명,기타불명,기타불명,보행자,남,18세,경상
2016050500100162,2016년 5월 5일 09시,목요일,대전광역시 중구 문화동,경상사고,0,0,1,0,차대차 - 추돌,직진우회전진행방해,건조,맑음,교차로 - 교차로안,승용,남,68세,상해없음,자전거,남,13세,경상
2016050500100163,2016년 5월 5일 09시,목요일,대전광역시 중구 선화동,중상사고,0,2,0,0,차대차 - 추돌,안전운전불이행,건조,맑음,교차로 - 교차로부근,승용,남,56세,상해없음,승용,여,49세,중상
2016050500100164,2016년 5월 5일 09시,목요일,대전광역시 유성구 봉명동,사망사고,1,0,0,0,차대차 - 기타,안전운전불이행,건조,맑음,교차로 - 교차로부근,승용,남,24세,상해없음,자전거,남,62세,사망
2016050500100187,2016년 5월 5일 10시,목요일,대전광역시 서구 도안동,경상사고,0,0,1,0,차대차 - 기타,안전거리미확보,건조,맑음,단일로 - 기타,승용,남,57세,상해없음,승용,남,43세,경상
2016050500100219,2016년 5월 5일 11시,목요일,대전광역시 대덕구 신탄진동,경상사고,0,0,1,0,차대차 - 측면충돌,기타,건조,맑음,단일로 - 기타,화물,남,65세,상해없음,이륜,남,21세,경상
2016050500100323,2016년 5월 5일 14시,목요일,대전광역시 동구 삼성동,경상사고,0,0,3,0,차대차 - 추돌,안전운전불이행,건조,맑음,교차로 - 교차로부근,승용,여,29세,상해없음,승용,여,28세,경상
2016050500100356,2016년 5월 5일 15시,목요일,대전광역시 중구 은행동,경상사고,0,0,1,0,차대사람 - 횡단중,보행자보호의무위반,건조,맑음,교차로 - 교차로부근,승용,남,72세,상해없음,보행자,남,40세,경상
2016050500100358,2016년 5월 5일 15시,목요일,대전광역시 서구 둔산동,경상사고,0,0,4,0,차대차 - 측면직각충돌,안전거리미확보,건조,맑음,교차로 - 교차로안,승합,남,46세,상해없음,승용,남,36세,경상
2016050500100393,2016년 5월 5일 16시,목요일,대전광역시 중구 대흥동,경상사고,0,0,1,0,차대사람 - 횡단중,안전운전불이행,건조,맑음,단일로 - 기타,승용,여,29세,상해없음,보행자,여,55세,경상
2016050500100510,2016년 5월 5일 19시,목요일,대전광역시 중구 대흥동,경상사고,0,0,1,0,차대차 - 측면직각충돌,차로위반,건조,맑음,교차로 - 교차로부근,승용,남,20세,상해없음,승용,남,29세,경상