사고번호,사고일시,요일,시군구,사고내용,사망자수,중상자수,경상자수,부상신고자수,사고유형,법규위반,노면상태,기상상태,도로형태,가해운전자 차종,가해운전자 성별,가해운전자 연령,가해운전자 상해정도,피해운전자 차종,피해운전자 성별,피해운전자 연령,피해운전자 상해정도
2016050500100511,2016년 5월 5일 19시,목요일,대전광역시 유성구 상대동,부상신고사고,0,0,0,1,차대차 - 측면직각충돌,안전운전불이행,건조,맑음,단일로 - 기타,승용,기타불명,기타불명,기타불명,자전거,남,8세,부상신고
2016050500100540,2016년 5월 5일 20시,목요일,대전광역시 중구 부사동,중상사고,0,1,0,0,차대사람 - 길가장자리구역통행중,안전운전불이행,건조,맑음,단일로 - 기타,승용,남,64세,상해없음,보행자,남,35세,중상
2016050500100580,2016년 5월 5일 22시,목요일,대전광역시 동구 자양동,중상사고,0,1,0,0,차대차 - 정면충돌,안전운전불이행,건조,맑음,단일로 - 기타,원동기,남,24세,상해없음,자전거,남,56세,중상
2016050600100032,2016년 5월 6일 01시,금요일,대전광역시 서구 월평동,경상사고,0,0,2,0,차대차 - 추돌,안전운전불이행,건조,맑음,단일로 - 교량,승용,남,42세,상해없음,승용,남,37세,경상
2016050600100042,2016년 5월 6일 02시,금요일,대전광역시 중구 목동,중상사고,0,1,0,0,차대사람 - 횡단중,안전운전불이행,건조,맑음,교차로 - 교차로안,승용,남,49세,상해없음,보행자,남,37세,중상
2016050600100113,2016년 5월 6일 08시,금요일,대전광역시 대덕구 비래동,경상사고,0,0,1,0,차대차 - 기타,안전운전불이행,건조,맑음,단일로 - 기타,화물,남,52세,상해없음,승용,남,35세,경상
2016050600100144,2016년 5월 6일 09시,금요일,대전광역시 중구 태평동,경상사고,0,0,3,0,차대차 - 측면직각충돌,신호위반,건조,맑음,교차로 - 교차로안,승용,남,53세,상해없음,승용,여,35세,경상
2016050600100170,2016년 5월 6일 10시,금요일,대전광역시 유성구 계산동,경상사고,0,0,4,0,차대차 - 측면충돌,신호위반,건조,맑음,교차로 - 교차로안,승용,여,53세,상해없음,승용,여,51세,경상
2016050600100208,2016년 5월 6일 11시,금요일,대전광역시 중구 목동,경상사고,0,0,1,0,차대사람 - 횡단중,안전운전불이행,건조,맑음,단일로 - 횡단보도상,자전거,남,54세,상해없음,보행자,남,31세,경상
2016050600100209,2016년 5월 6일 11시,금요일,대전광역시 동구 삼성동,중상사고,0,1,0,0,차대사람 - 횡단중,안전운전불이행,건조,맑음,단일로 - 횡단보도상,승용,남,60세,상해없음,보행자,남,6세,중상
2016050600100210,2016년 5월 6일 11시,금요일,대전광역시 서구 관저동,경상사고,0,0,2,0,차대차 - 측면직각충돌,교차로운행방법위반,건조,맑음,교차로 - 교차로안,특수,남,55세,상해없음,승용,남,44세,상해없음
2016050600100278,2016년 5월 6일 13시,금요일,대전광역시 동구 가오동,경상사고,0,0,1,0,차대차 - 추돌,기타,건조,맑음,단일로 - 기타,승합,남,58세,상해없음,승용,남,57세,경상
2016050600100315,2016년 5월 6일 14시,금요일,대전광역시 중구 은행동,경상사고,0,0,1,0,차대차 - 측면직각충돌,안전운전불이행,건조,맑음,단일로 - 기타,승용,남,38세,상해없음,승용,남,36세,경상
2016050600100316,2016년 5월 6일 14시,금요일,대전광역시 서구 둔산동,경상사고,0,0,1,0,차대차 - 측면직각충돌,교차로운행방법위반,건조,맑음,교차로 - 교차로안,이륜,남,49세,상해없음,승용,여,38세,경상
2016050600100460,2016년 5월 6일 18시,금요일,대전광역시 서구 월평동,부상신고사고,0,0,0,1,차대차 - 추돌,중앙선침범,건조,맑음,단일로 - 기타,승용,남,45세,상해없음,이륜,남,36세,부상신고
2016050600100498,2016년 5월 6일 19시,금요일,대전광역시 동구 가양동,중상사고,0,1,1,0,차대사람 - 횡단중,안전운전불이행,건조,맑음,교차로 - 교차로부근,승용,여,52세,상해없음,보행자,여,60세,중상
2016050600100541,2016년 5월 6일 20시,금요일,대전광역시 서구 만년동,경상사고,0,0,4,0,차대차 - 측면충돌,안전운전불이행,건조,맑음,단일로 - 기타,승용,남,28세,상해없음,승용,남,47세,경상
2016050600100542,2016년 5월 6일 20시,금요일,대전광역시 유성구 신성동,경상사고,0,0,1,0,차대차 - 측면충돌,안전운전불이행,건조,맑음,단일로 - 기타,승용,남,18세,상해없음,승용,여,27세,경상
2016050600100588,2016년 5월 6일 22시,금요일,대전광역시 동구 용전동,경상사고,0,0,1,0,차대차 - 추돌,안전운전불이행,건조,맑음,교차로 - 교차로부근,승합,남,52세,상해없음,승용,남,41세,경상
2016050600100615,2016년 5월 6일 23시,금요일,대전광역시 서구 둔산동,경상사고,0,0,1,0,차대차 - 측면직각충돌,안전운전불이행,건조,맑음,단일로 - 기타,승용,남,24세,기타불명,승용,여,57세,경상
2016050700100038,2016년 5월 7일 01시,토요일,대전광역시 유성구 구암동,경상사고,0,0,2,0,차대차 - 추돌,안전운전불이행,건조,맑음,교차로 - 교차로부근,승용,남,30세,상해없음,승용,남,53세,경상
2016050700100065,2016년 5월 7일 03시,토요일,대전광역시 중구 산성동,경상사고,0,0,2,0,차대차 - 측면직각충돌,안전운전불이행,건조,맑음,교차로 - 교차로안,승용,남,52세,상해없음,승용,여,65세,경상
2016050700100188,2016년 5월 7일 10시,토요일,대전광역시 중구 산성동,경상사고,0,0,1,0,차대사람 - 횡단중,안전운전불이행,건조,맑음,교차로 - 교차로부근,화물,남,54세,상해없음,보행자,여,68세,경상
2016050700100259,2016년 5월 7일 12시,토요일,대전광역시 유성구 봉명동,중상사고,0,1,0,0,차대차 - 기타,안전운전불이행,건조,맑음,교차로 - 교차로안,승용,남,39세,상해없음,원동기,여,60세,중상
2016050700100304,2016년 5월 7일 13시,토요일,대전광역시 서구 둔산동,경상사고,0,0,2,0,차대차 - 측면직각충돌,교차로운행방법위반,건조,맑음,교차로 - 교차로안,이륜,남,29세,상해없음,승용,남,41세,경상
2016050700100338,2016년 5월 7일 14시,토요일,대전광역시 동구 자양동,경상사고,0,0,1,0,차대차 - 기타,안전운전불이행,건조,맑음,단일로 - 기타,승용,남,27세,상해없음,자전거,남,12세,경상
2016050700100339,2016년 5월 7일 14시,토요일,대전광역시 유성구 지족동,경상사고,0,0,2,0,차대차 - 기타,안전운전불이행,건조,맑음,기타 - 기타,자전거,남,53세,경상,자전거,남,47세,경상
2016050700100386,2016년 5월 7일 15시,토요일,대전광역시 동구 용전동,중상사고,0,1,3,0,차대차 - 측면충돌,안전운전불이행,건조,맑음,단일로 - 기타,승용,남,67세,기타불명,승용,여,42세,경상
2016050700100431,2016년 5월 7일 16시,토요일,대전광역시 중구 유천동,경상사고,0,0,1,0,차대사람 - 기타,안전운전불이행,건조,맑음,교차로 - 교차로안,승용,여,53세,상해없음,보행자,여,40세,경상
2016050700100479,2016년 5월 7일 17시,토요일,대전광역시 중구 문화동,경상사고,0,0,1,0,차량단독 - 기타,기타,건조,맑음,단일로 - 기타,승합,남,55세,상해없음,,,,
2016050700100510,2016년 5월 7일 18시,토요일,대전광역시 서구 갈마동,경상사고,0,0,1,0,차대차 - 기타,안전운전불이행,건조,맑음,교차로 - 교차로부근,기타불명,기타불명,기타불명,기타불명,승용,여,60세,경상
2016050700100575,2016년 5월 7일 20시,토요일,대전광역시 동구 가양동,경상사고,0,0,1,0,차대차 - 추돌,교차로운행방법위반,건조,맑음,교차로 - 교차로안,화물,남,53세,상해없음,이륜,남,22세,경상
2016050700100576,2016년 5월 7일 20시,토요일,대전광역시 유성구 죽동,중상사고,0,1,1,0,차대차 - 측면충돌,신호위반,건조,맑음,교차로 - 교차로안,승용,여,48세,상해없음,승용,여,39세,중상
2016050700100604,2016년 5월 7일 21시,토요일,대전광역시 유성구 봉명동,경상사고,0,0,2,0,차대차 - 추돌,안전운전불이행,건조,맑음,단일로 - 기타,승용,남,56세,상해없음,승용,여,46세,경상
2016050700100605,2016년 5월 7일 21시,토요일,대전광역시 유성구 원내동,경상사고,0,0,2,0,차대차 - 추돌,안전운전불이행,건조,맑음,단일로 - 기타,승용,남,30세,기타불명,승용,여,48세,경상
2016050700100637,2016년 5월 7일 22시,토요일,대전광역시 유성구 구암동,경상사고,0,0,1,0,차대사람 - 기타,안전운전불이행,건조,맑음,단일로 - 기타,승용,남,49세,상해없음,보행자,남,20세,경상
2016050700100658,2016년 5월 7일 23시,토요일,대전광역시 서구 둔산동,경상사고,0,0,1,0,차대차 - 기타,안전운전불이행,건조,맑음,단일로 - 기타,승용,남,25세,상해없음,승용,남,27세,경상
2016050700100659,2016년 5월 7일 23시,토요일,대전광역시 서구 탄방동,중상사고,0,1,1,0,차대차 - 측면직각충돌,교차로운행방법위반,건조,맑음,교차로 - 교차로안,승용,여,60세,상해없음,승용,여,39세,중상
2016050800100017,2016년 5월 8일 00시,일요일,대전광역시 대덕구 읍내동,중상사고,0,1,0,0,차대차 - 정면충돌,신호위반,건조,맑음,교차로 - 교차로안,이륜,남,33세,중상,승용,남,47세,상해없음
2016050800100037,2016년 5월 8일 01시,일요일,대전광역시 서구 내동,경상사고,0,0,1,0,차대차 - 측면충돌,안전운전불이행,건조,맑음,교차로 - 교차로안,기타불명,기타불명,기타불명,기타불명,승용,남,43세,경상
2016050800100038,2016년 5월 8일 01시,일요일,대전광역시 서구 월평동,중상사고,0,1,0,0,차대차 - 측면직각충돌,안전운전불이행,건조,맑음,교차로 - 교차로안,이륜,남,29세,중상,승용,남,24세,상해없음
2016050800100048,2016년 5월 8일 02시,일요일,대전광역시 대덕구 비래동,부상신고사고,0,0,0,1,차대차 - 추돌,안전운전불이행,건조,맑음,단일로 - 기타,승용,남,49세,부상신고,승합,남,40세,상해없음
2016050800100062,2016년 5월 8일 04시,일요일,대전광역시 유성구 봉명동,중상사고,0,1,0,0,차대차 - 측면직각충돌,안전운전불이행,건조,맑음,교차로 - 교차로안,승용,남,50세,상해없음,승용,남,33세,중상
2016050800100096,2016년 5월 8일 07시,일요일,대전광역시 유성구 복용동,경상사고,0,0,1,0,차대차 - 측면직각충돌,신호위반,건조,맑음,교차로 - 교차로안,승용,남,25세,상해없음,승용,남,49세,경상
2016050800100183,2016년 5월 8일 11시,일요일,대전광역시 중구 산성동,경상사고,0,0,1,0,차대차 - 측면충돌,교차로운행방법위반,건조,맑음,교차로 - 교차로안,승용,남,58세,상해없음,이륜,남,22세,경상
2016050800100184,2016년 5월 8일 11시,일요일,대전광역시 서구 갈마동,경상사고,0,0,1,0,차대사람 - 횡단중,안전운전불이행,건조,맑음,단일로 - 횡단보도상,승용,남,59세,상해없음,보행자,남,31세,경상
2016050800100304,2016년 5월 8일 14시,일요일,대전광역시 대덕구 목상동,중상사고,0,1,3,0,차대차 - 정면충돌,안전운전불이행,건조,맑음,교차로 - 교차로안,승용,남,41세,상해없음,승용,여,32세,경상
2016050800100408,2016년 5월 8일 17시,일요일,대전광역시 서구 가수원동,경상사고,0,0,1,0,차대차 - 측면직각충돌,신호위반,건조,맑음,교차로 - 교차로부근,승용,남,48세,상해없음,승용,남,34세,경상
2016050800100464,2016년 5월 8일 19시,일요일,대전광역시 중구 석교동,중상사고,0,2,0,0,차대차 - 측면직각충돌,안전거리미확보,건조,맑음,단일로 - 기타,승용,남,67세,상해없음,원동기,남,54세,중상
2016050800100497,2016년 5월 8일 20시,일요일,대전광역시 유성구 봉명동,경상사고,0,0,3,4,차대차 - 기타,신호위반,건조,맑음,교차로 - 교차로안,승합,남,45세,상해없음,승용,남,55세,경상
2016050800100521,2016년 5월 8일 21시,일요일,대전광역시 중구 문창동,경상사고,0,0,1,0,차대차 - 정면충돌,교차로운행방법위반,건조,맑음,교차로 - 교차로안,승용,남,24세,상해없음,원동기,남,38세,경상
2016050800100522,2016년 5월 8일 21시,일요일,대전광역시 유성구 궁동,경상사고,0,0,1,0,차대차 - 기타,안전거리미확보,건조,맑음,단일로 - 기타,승용,남,30세,상해없음,원동기,남,24세,경상
2016050800100523,2016년 5월 8일 21시,일요일,대전광역시 유성구 봉명동,경상사고,0,0,1,0,차대차 - 기타,안전운전불이행,건조,맑음,교차로 - 교차로안,자전거,남,67세,경상,승용,여,49세,상해없음
2016050800100548,2016년 5월 8일 22시,일요일,대전광역시 중구 목동,중상사고,0,1,0,0,차대사람 - 횡단중,안전운전불이행,건조,맑음,교차로 - 교차로안,승용,여,36세,상해없음,보행자,남,35세,중상
2016050900100033,2016년 5월 9일 05시,월요일,대전광역시 동구 가오동,중상사고,0,3,1,0,차대차 - 측면충돌,신호위반,건조,맑음,교차로 - 교차로안,승용,남,19세,상해없음,승용,남,38세,경상
2016050900100062,2016년 5월 9일 07시,월요일,대전광역시 동구 홍도동,경상사고,0,0,2,0,차대차 - 기타,안전운전불이행,건조,맑음,단일로 - 기타,승용,남,36세,상해없음,승용,여,54세,경상
2016050900100063,2016년 5월 9일 07시,월요일,대전광역시 대덕구 오정동,중상사고,0,1,0,0,차대사람 - 차도통행중,안전운전불이행,건조,맑음,단일로 - 기타,화물,남,29세,상해없음,보행자,여,19세,중상
2016050900100103,2016년 5월 9일 08시,월요일,대전광역시 중구 대흥동,경상사고,0,0,2,0,차대차 - 측면충돌,안전운전불이행,건조,맑음,교차로 - 교차로부근,승용,남,75세,상해없음,승용,남,60세,상해없음
2016050900100104,2016년 5월 9일 08시,월요일,대전광역시 중구 용두동,경상사고,0,0,2,0,차대차 - 측면충돌,안전거리미확보,건조,맑음,교차로 - 교차로부근,화물,남,47세,상해없음,승용,남,55세,경상
2016050900100105,2016년 5월 9일 08시,월요일,대전광역시 대덕구 중리동,경상사고,0,0,1,0,차대차 - 추돌,안전운전불이행,건조,맑음,단일로 - 기타,화물,남,35세,상해없음,승용,남,71세,경상
2016050900100134,2016년 5월 9일 09시,월요일,대전광역시 서구 변동,경상사고,0,0,1,0,차대사람 - 횡단중,안전운전불이행,건조,맑음,단일로 - 기타,승용,남,36세,상해없음,보행자,여,63세,경상
2016050900100165,2016년 5월 9일 10시,월요일,대전광역시 서구 용문동,경상사고,0,0,1,0,차대차 - 측면직각충돌,안전거리미확보,건조,맑음,단일로 - 기타,승용,남,33세,상해없음,승용,여,35세,경상
2016050900100195,2016년 5월 9일 11시,월요일,대전광역시 중구 오류동,경상사고,0,0,3,0,차대차 - 측면직각충돌,신호위반,건조,맑음,교차로 - 교차로안,승합,남,29세,상해없음,승용,남,37세,경상
2016050900100216,2016년 5월 9일 12시,월요일,대전광역시 중구 구완동,경상사고,0,0,1,0,차대차 - 기타,안전운전불이행,건조,맑음,기타 - 기타,화물,남,41세,상해없음,승용,여,37세,경상
2016050900100229,2016년 5월 9일 12시,월요일,대전광역시 동구 자양동,경상사고,0,0,1,0,차대사람 - 횡단중,안전운전불이행,건조,맑음,단일로 - 기타,승용,기타불명,기타불명,기타불명,보행자,남,18세,경상
2016050900100267,2016년 5월 9일 13시,월요일,대전광역시 중구 산성동,중상사고,0,1,0,0,차대사람 - 횡단중,안전운전불이행,건조,맑음,단일로 - 횡단보도부근,승합,남,66세,기타불명,보행자,여,69세,중상
2016050900100268,2016년 5월 9일 13시,월요일,대전광역시 동구 대동,경상사고,0,0,1,0,차대사람 - 횡단중,기타,건조,맑음,기타 - 기타,기타불명,기타불명,기타불명,기타불명,보행자,여,62세,경상
2016050900100339,2016년 5월 9일 15시,월요일,대전광역시 유성구 죽동,중상사고,0,1,0,0,차대차 - 추돌,안전운전불이행,건조,맑음,단일로 - 기타,승용,남,48세,상해없음,승용,여,29세,중상
2016050900100379,2016년 5월 9일 16시,월요일,대전광역시 유성구 계산동,경상사고,0,0,1,0,차대사람 - 횡단중,보행자보호의무위반,건조,맑음,단일로 - 횡단보도상,승용,여,34세,상해없음,보행자,남,12세,경상
2016050900100467,2016년 5월 9일 19시,월요일,대전광역시 유성구 봉명동,경상사고,0,0,1,0,차대차 - 기타,안전운전불이행,건조,맑음,단일로 - 기타,승용,여,36세,상해없음,승용,남,35세,경상
2016050900100559,2016년 5월 9일 22시,월요일,대전광역시 동구 홍도동,경상사고,0,0,1,0,차대차 - 추돌,안전운전불이행,건조,맑음,교차로 - 교차로안,승용,기타불명,기타불명,기타불명,승용,남,34세,경상
2016051000100042,2016년 5월 10일 04시,화요일,대전광역시 유성구 도룡동,경상사고,0,0,1,0,차대차 - 측면충돌,안전운전불이행,건조,맑음,교차로 - 교차로부근,승용,남,30세,상해없음,승용,여,59세,경상
2016051000100058,2016년 5월 10일 05시,화요일,대전광역시 서구 탄방동,사망사고,1,0,0,0,차대차 - 측면충돌,안전운전불이행,건조,맑음,교차로 - 교차로안,승용,여,45세,상해없음,자전거,남,67세,사망
2016051000100100,2016년 5월 10일 07시,화요일,대전광역시 대덕구 석봉동,경상사고,0,0,1,0,차대차 - 추돌,안전운전불이행,습기,비,교차로 - 교차로부근,승용,남,69세,상해없음,승용,남,67세,경상
2016051000100144,2016년 5월 10일 08시,화요일,대전광역시 중구 오류동,경상사고,0,0,1,0,차대차 - 측면직각충돌,신호위반,습기,비,교차로 - 교차로안,승용,남,62세,상해없음,승용,남,50세,경상
2016051000100145,2016년 5월 10일 08시,화요일,대전광역시 대덕구 신일동,중상사고,0,1,0,0,차대사람 - 횡단중,안전운전불이행,습기,비,단일로 - 기타,승용,남,23세,상해없음,보행자,여,57세,중상
2016051000100187,2016년 5월 10일 09시,화요일,대전광역시 대덕구 오정동,경상사고,0,0,3,0,차대차 - 추돌,안전거리미확보,습기,비,교차로 - 교차로안,승용,남,71세,상해없음,승용,남,37세,경상
2016051000100219,2016년 5월 10일 10시,화요일,대전광역시 서구 갈마동,경상사고,0,0,1,0,차대차 - 측면직각충돌,안전거리미확보,습기,비,단일로 - 기타,승용,남,32세,상해없음,승용,남,38세,경상
2016051000100220,2016년 5월 10일 10시,화요일,대전광역시 유성구 봉명동,경상사고,0,0,1,0,차대차 - 측면충돌,교차로운행방법위반,습기,비,교차로 - 교차로안,승용,남,56세,상해없음,승용,여,47세,경상
2016051000100243,2016년 5월 10일 11시,화요일,대전광역시 중구 태평동,경상사고,0,0,1,0,차대차 - 측면직각충돌,교차로운행방법위반,습기,비,교차로 - 교차로안,승용,여,35세,상해없음,승용,여,37세,경상
2016051000100244,2016년 5월 10일 11시,화요일,대전광역시 중구 태평동,경상사고,0,0,1,0,차대차 - 측면직각충돌,교차로운행방법위반,습기,비,교차로 - 교차로안,승용,남,60세,상해없음,승용,여,54세,경상
2016051000100245,2016년 5월 10일 11시,화요일,대전광역시 서구 둔산동,중상사고,0,1,0,0,차대사람 - 횡단중,보행자보호의무위반,습기,비,교차로 - 교차로안,화물,남,44세,상해없음,보행자,여,69세,중상
2016051000100312,2016년 5월 10일 13시,화요일,대전광역시 서구 가수원동,경상사고,0,0,2,0,차대차 - 추돌,안전운전불이행,습기,비,단일로 - 기타,승용,남,50세,상해없음,승용,남,66세,경상
2016051000100313,2016년 5월 10일 13시,화요일,대전광역시 유성구 방동,부상신고사고,0,0,0,1,차량단독 - 기타,안전운전불이행,습기,비,단일로 - 기타,화물,남,53세,부상신고,,,,
2016051000100342,2016년 5월 10일 14시,화요일,대전광역시 유성구 관평동,경상사고,0,0,2,0,차대차 - 측면직각충돌,신호위반,습기,비,교차로 - 교차로안,승용,남,26세,상해없음,승용,남,61세,경상
2016051000100343,2016년 5월 10일 14시,화요일,대전광역시 유성구 송강동,경상사고,0,0,2,0,차대차 - 기타,안전운전불이행,습기,비,단일로 - 기타,화물,남,47세,상해없음,승용,여,36세,경상
2016051000100372,2016년 5월 10일 15시,화요일,대전광역시 동구 대성동,경상사고,0,0,2,0,차대차 - 추돌,안전거리미확보,습기,비,단일로 - 기타,승합,남,53세,상해없음,승용,여,49세,경상
2016051000100401,2016년 5월 10일 16시,화요일,대전광역시 서구 가수원동,경상사고,0,0,5,0,차대차 - 측면충돌,차로위반,습기,비,단일로 - 기타,승용,남,46세,상해없음,승용,남,19세,경상
2016051000100463,2016년 5월 10일 18시,화요일,대전광역시 서구 관저동,경상사고,0,0,1,0,차대차 - 추돌,안전운전불이행,습기,비,단일로 - 기타,승용,남,51세,상해없음,승용,여,26세,경상
2016051000100464,2016년 5월 10일 18시,화요일,대전광역시 서구 변동,경상사고,0,0,1,0,차대차 - 측면직각충돌,교차로운행방법위반,습기,비,교차로 - 교차로안,승용,여,55세,상해없음,승용,여,24세,경상
2016051000100465,2016년 5월 10일 18시,화요일,대전광역시 대덕구 오정동,경상사고,0,0,1,0,차량단독 - 기타,기타,습기,비,교차로 - 교차로부근,승합,남,45세,상해없음,,,,
2016051000100466,2016년 5월 10일 18시,화요일,대전광역시 서구 둔산동,경상사고,0,0,1,0,차대차 - 추돌,안전운전불이행,습기,비,단일로 - 기타,승용,여,32세,상해없음,승용,여,32세,기타불명
2016051000100467,2016년 5월 10일 18시,화요일,대전광역시 유성구 노은동,경상사고,0,0,1,0,차대사람 - 횡단중,안전운전불이행,습기,비,단일로 - 기타,승용,남,58세,상해없음,보행자,남,8세,경상
2016051000100505,2016년 5월 10일 19시,화요일,대전광역시 대덕구 송촌동,중상사고,0,1,1,0,차대차 - 측면충돌,중앙선침범,습기,비,단일로 - 기타,승용,남,59세,상해없음,승합,남,45세,경상
2016051000100506,2016년 5월 10일 19시,화요일,대전광역시 서구 둔산동,중상사고,0,1,0,0,차대사람 - 횡단중,보행자보호의무위반,습기,비,단일로 - 횡단보도상,화물,남,42세,상해없음,보행자,남,13세,중상
2016051000100550,2016년 5월 10일 20시,화요일,대전광역시 중구 태평동,중상사고,0,1,0,0,차대차 - 정면충돌,중앙선침범,습기,비,교차로 - 교차로부근,이륜,남,30세,상해없음,이륜,남,42세,중상
2016051000100551,2016년 5월 10일 20시,화요일,대전광역시 서구 관저동,경상사고,0,0,1,0,차대차 - 측면직각충돌,안전거리미확보,습기,비,단일로 - 기타,승용,남,40세,상해없음,이륜,남,29세,경상
2016051000100552,2016년 5월 10일 20시,화요일,대전광역시 서구 둔산동,경상사고,0,0,1,0,차대차 - 추돌,안전운전불이행,습기,비,단일로 - 기타,승용,여,43세,상해없음,이륜,남,40세,경상
2016051000100589,2016년 5월 10일 21시,화요일,대전광역시 중구 산성동,경상사고,0,0,3,0,차대차 - 정면충돌,중앙선침범,건조,맑음,교차로 - 교차로부근,승용,남,38세,기타불명,승합,남,49세,경상
2016051000100620,2016년 5월 10일 22시,화요일,대전광역시 중구 오류동,경상사고,0,0,1,0,차대차 - 추돌,안전운전불이행,건조,맑음,단일로 - 기타,승용,남,49세,상해없음,승용,여,42세,경상
2016051000100645,2016년 5월 10일 23시,화요일,대전광역시 서구 갈마동,중상사고,0,1,0,0,차대사람 - 횡단중,안전운전불이행,건조,맑음,교차로 - 교차로안,승용,남,45세,상해없음,보행자,여,65세,중상
2016051100100010,2016년 5월 11일 00시,수요일,대전광역시 동구 판암동,중상사고,0,1,1,0,차대차 - 측면직각충돌,안전운전불이행,습기,비,단일로 - 기타,승용,남,57세,상해없음,승용,남,38세,중상
2016051100100011,2016년 5월 11일 00시,수요일,대전광역시 서구 둔산동,경상사고,0,0,1,0,차대차 - 추돌,안전거리미확보,습기,비,단일로 - 기타,승용,여,38세,경상,승용,남,31세,상해없음
2016051100100020,2016년 5월 11일 01시,수요일,대전광역시 서구 월평동,경상사고,0,0,2,0,차대차 - 기타,안전운전불이행,습기,비,교차로 - 교차로안,승용,남,31세,상해없음,승용,남,42세,경상
2016051100100021,2016년 5월 11일 01시,수요일,대전광역시 유성구 궁동,경상사고,0,0,1,0,차대차 - 기타,안전운전불이행,습기,비,단일로 - 기타,승용,남,68세,상해없음,승용,남,55세,경상
2016051100100069,2016년 5월 11일 06시,수요일,대전광역시 대덕구 연축동,경상사고,0,0,1,0,차대차 - 추돌,안전운전불이행,습기,맑음,교차로 - 교차로부근,승용,남,42세,상해없음,승용,남,45세,경상
2016051100100133,2016년 5월 11일 08시,수요일,대전광역시 중구 중촌동,부상신고사고,0,0,0,1,차대사람 - 횡단중,안전운전불이행,건조,맑음,단일로 - 기타,승용,남,55세,상해없음,보행자,여,75세,부상신고
2016051100100134,2016년 5월 11일 08시,수요일,대전광역시 동구 가오동,경상사고,0,0,1,0,차대차 - 기타,안전거리미확보,건조,맑음,단일로 - 기타,화물,남,48세,상해없음,이륜,남,24세,경상
2016051100100135,2016년 5월 11일 08시,수요일,대전광역시 서구 괴정동,중상사고,0,1,0,0,차대사람 - 횡단중,안전운전불이행,건조,맑음,단일로 - 기타,승용,남,49세,상해없음,보행자,남,77세,중상
2016051100100205,2016년 5월 11일 10시,수요일,대전광역시 중구 대흥동,중상사고,0,1,0,0,차대차 - 측면충돌,안전운전불이행,건조,맑음,단일로 - 기타,화물,남,48세,상해없음,자전거,남,73세,중상
2016051100100206,2016년 5월 11일 10시,수요일,대전광역시 대덕구 목상동,경상사고,0,0,1,0,차대사람 - 길가장자리구역통행중,안전운전불이행,건조,맑음,단일로 - 기타,승용,여,39세,기타불명,보행자,여,21세,경상
2016051100100229,2016년 5월 11일 11시,수요일,대전광역시 서구 둔산동,경상사고,0,0,1,0,차대차 - 추돌,안전운전불이행,건조,맑음,단일로 - 기타,승용,남,58세,상해없음,승용,남,63세,경상
2016051100100362,2016년 5월 11일 15시,수요일,대전광역시 서구 괴정동,경상사고,0,0,1,0,차대차 - 측면충돌,교차로운행방법위반,건조,맑음,교차로 - 교차로안,승용,여,49세,상해없음,승용,남,63세,경상
2016051100100452,2016년 5월 11일 17시,수요일,대전광역시 유성구 장대동,경상사고,0,0,2,1,차대차 - 추돌,안전운전불이행,건조,맑음,단일로 - 기타,화물,남,49세,상해없음,승용,남,46세,경상
2016051100100499,2016년 5월 11일 18시,수요일,대전광역시 동구 용전동,중상사고,0,1,0,0,차대사람 - 횡단중,보행자보호의무위반,건조,맑음,교차로 - 교차로부근,승용,남,42세,기타불명,보행자,여,53세,중상
2016051100100529,2016년 5월 11일 19시,수요일,대전광역시 유성구 지족동,경상사고,0,0,1,0,차대사람 - 횡단중,중앙선침범,건조,맑음,단일로 - 횡단보도상,승용,남,48세,상해없음,보행자,남,52세,경상
2016051100100602,2016년 5월 11일 21시,수요일,대전광역시 동구 신상동,중상사고,0,1,0,0,차대차 - 측면충돌,불법유턴,건조,맑음,단일로 - 기타,화물,남,58세,상해없음,화물,남,67세,중상
2016051100100634,2016년 5월 11일 22시,수요일,대전광역시 서구 도마동,중상사고,0,1,0,0,차대사람 - 횡단중,안전운전불이행,건조,맑음,교차로 - 교차로안,승용,남,38세,상해없음,보행자,여,42세,중상
2016051100100663,2016년 5월 11일 23시,수요일,대전광역시 서구 둔산동,경상사고,0,0,2,2,차대차 - 추돌,차로위반,건조,맑음,교차로 - 교차로부근,승용,남,46세,상해없음,승합,남,57세,부상신고
2016051200100020,2016년 5월 12일 00시,목요일,대전광역시 유성구 덕명동,중상사고,0,1,0,0,차대차 - 기타,신호위반,건조,맑음,교차로 - 교차로안,승용,남,43세,상해없음,승용,여,55세,중상
2016051200100050,2016년 5월 12일 02시,목요일,대전광역시 중구 유천동,경상사고,0,0,1,0,차량단독 - 기타,안전운전불이행,건조,맑음,기타 - 기타,승용,남,58세,상해없음,,,,
2016051200100051,2016년 5월 12일 02시,목요일,대전광역시 유성구 지족동,경상사고,0,0,1,0,차대차 - 기타,신호위반,건조,맑음,교차로 - 교차로안,승용,남,50세,상해없음,승용,남,66세,경상
2016051200100067,2016년 5월 12일 04시,목요일,대전광역시 서구 복수동,경상사고,0,0,1,0,차대차 - 측면직각충돌,교차로운행방법위반,건조,맑음,교차로 - 교차로안,승용,남,47세,상해없음,승용,남,53세,경상
2016051200100157,2016년 5월 12일 08시,목요일,대전광역시 유성구 원신흥동,경상사고,0,0,1,0,차대차 - 추돌,안전거리미확보,건조,맑음,단일로 - 기타,승용,여,47세,상해없음,승용,여,45세,경상