사고번호,사고일시,요일,시군구,사고내용,사망자수,중상자수,경상자수,부상신고자수,사고유형,법규위반,노면상태,기상상태,도로형태,가해운전자 차종,가해운전자 성별,가해운전자 연령,가해운전자 상해정도,피해운전자 차종,피해운전자 성별,피해운전자 연령,피해운전자 상해정도
2016052400100203,2016년 5월 24일 09시,화요일,대전광역시 서구 둔산동,경상사고,0,0,1,0,차대사람 - 횡단중,보행자보호의무위반,습기,비,교차로 - 교차로안,승용,남,68세,상해없음,보행자,여,61세,경상
2016052400100204,2016년 5월 24일 09시,화요일,대전광역시 서구 월평동,경상사고,0,0,2,0,차대사람 - 기타,안전운전불이행,습기,맑음,교차로 - 교차로부근,승용,남,32세,상해없음,보행자,남,26세,경상
2016052400100205,2016년 5월 24일 09시,화요일,대전광역시 유성구 궁동,경상사고,0,0,1,0,차대차 - 추돌,안전운전불이행,습기,비,교차로 - 교차로부근,승용,여,50세,상해없음,승용,여,28세,경상
2016052400100267,2016년 5월 24일 11시,화요일,대전광역시 서구 변동,중상사고,0,1,1,0,차대차 - 정면충돌,중앙선침범,습기,비,단일로 - 기타,승용,남,44세,상해없음,승용,남,50세,중상
2016052400100268,2016년 5월 24일 11시,화요일,대전광역시 유성구 방동,경상사고,0,0,4,0,차대차 - 추돌,안전거리미확보,습기,비,교차로 - 교차로부근,승용,남,55세,경상,승용,남,38세,경상
2016052400100329,2016년 5월 24일 13시,화요일,대전광역시 동구 삼성동,경상사고,0,0,1,0,차대차 - 측면직각충돌,안전운전불이행,건조,맑음,단일로 - 기타,화물,남,54세,상해없음,승용,여,49세,경상
2016052400100330,2016년 5월 24일 13시,화요일,대전광역시 서구 둔산동,경상사고,0,0,2,0,차대차 - 기타,안전거리미확보,건조,맑음,단일로 - 기타,승용,남,59세,상해없음,승용,여,36세,경상
2016052400100462,2016년 5월 24일 17시,화요일,대전광역시 서구 가수원동,중상사고,0,1,0,0,차대사람 - 횡단중,보행자보호의무위반,건조,맑음,교차로 - 교차로안,승용,남,57세,상해없음,보행자,여,29세,중상
2016052400100463,2016년 5월 24일 17시,화요일,대전광역시 유성구 원내동,경상사고,0,0,1,0,차대차 - 기타,안전운전불이행,건조,맑음,교차로 - 교차로안,승용,남,46세,상해없음,승용,남,59세,경상
2016052400100499,2016년 5월 24일 18시,화요일,대전광역시 중구 선화동,중상사고,0,1,0,0,차대차 - 측면직각충돌,안전운전불이행,건조,맑음,단일로 - 기타,원동기,남,30세,중상,화물,남,41세,상해없음
2016052400100500,2016년 5월 24일 18시,화요일,대전광역시 중구 중촌동,경상사고,0,0,4,0,차대차 - 추돌,안전운전불이행,건조,맑음,교차로 - 교차로부근,승용,남,33세,상해없음,승용,남,56세,경상
2016052400100501,2016년 5월 24일 18시,화요일,대전광역시 유성구 관평동,경상사고,0,0,1,0,차대차 - 측면충돌,안전거리미확보,건조,맑음,단일로 - 기타,승용,남,28세,상해없음,승용,남,20세,상해없음
2016052400100502,2016년 5월 24일 18시,화요일,대전광역시 유성구 장대동,중상사고,0,1,0,0,차대사람 - 횡단중,보행자보호의무위반,건조,맑음,교차로 - 교차로부근,승용,남,68세,상해없음,보행자,여,63세,중상
2016052400100531,2016년 5월 24일 19시,화요일,대전광역시 서구 관저동,중상사고,0,1,0,0,차대차 - 추돌,안전운전불이행,건조,맑음,단일로 - 기타,승용,남,44세,상해없음,이륜,남,42세,중상
2016052400100572,2016년 5월 24일 20시,화요일,대전광역시 대덕구 법동,경상사고,0,0,2,0,차대차 - 추돌,안전운전불이행,건조,맑음,교차로 - 교차로부근,승합,여,53세,상해없음,승용,남,23세,경상
2016052400100594,2016년 5월 24일 21시,화요일,대전광역시 유성구 장대동,경상사고,0,0,2,0,차대차 - 추돌,안전운전불이행,건조,맑음,단일로 - 기타,승용,남,44세,상해없음,승용,남,50세,경상
2016052400100615,2016년 5월 24일 22시,화요일,대전광역시 동구 자양동,경상사고,0,0,1,0,차대차 - 기타,안전운전불이행,건조,맑음,단일로 - 기타,승용,남,37세,기타불명,승용,남,35세,기타불명
2016052400100635,2016년 5월 24일 23시,화요일,대전광역시 서구 월평동,경상사고,0,0,5,0,차대차 - 추돌,안전운전불이행,건조,맑음,단일로 - 기타,승용,남,23세,상해없음,승용,남,42세,경상
2016052500100017,2016년 5월 25일 00시,수요일,대전광역시 서구 관저동,중상사고,0,1,2,0,차대차 - 측면직각충돌,신호위반,건조,맑음,교차로 - 교차로안,승용,남,23세,상해없음,승용,남,46세,경상
2016052500100048,2016년 5월 25일 05시,수요일,대전광역시 대덕구 덕암동,경상사고,0,0,2,0,차대차 - 측면직각충돌,안전운전불이행,건조,맑음,단일로 - 기타,승용,남,63세,기타불명,화물,남,59세,경상
2016052500100049,2016년 5월 25일 05시,수요일,대전광역시 유성구 봉명동,경상사고,0,0,1,0,차대차 - 측면충돌,안전운전불이행,건조,맑음,단일로 - 기타,승용,남,37세,상해없음,승용,남,65세,경상
2016052500100129,2016년 5월 25일 08시,수요일,대전광역시 서구 용문동,중상사고,0,1,0,0,차대차 - 측면직각충돌,신호위반,건조,맑음,교차로 - 교차로부근,승용,남,24세,상해없음,자전거,여,24세,중상
2016052500100161,2016년 5월 25일 09시,수요일,대전광역시 중구 선화동,경상사고,0,0,1,0,차대사람 - 횡단중,안전운전불이행,건조,맑음,단일로 - 기타,승용,남,60세,상해없음,보행자,남,80세,경상
2016052500100162,2016년 5월 25일 09시,수요일,대전광역시 중구 중촌동,경상사고,0,0,1,0,차대차 - 측면충돌,안전운전불이행,건조,맑음,교차로 - 교차로부근,승용,여,51세,상해없음,원동기,남,75세,경상
2016052500100163,2016년 5월 25일 09시,수요일,대전광역시 유성구 노은동,중상사고,0,1,0,0,차대사람 - 횡단중,안전운전불이행,건조,맑음,단일로 - 횡단보도상,승용,남,43세,상해없음,보행자,여,78세,중상
2016052500100196,2016년 5월 25일 10시,수요일,대전광역시 서구 탄방동,경상사고,0,0,1,0,차대사람 - 길가장자리구역통행중,안전운전불이행,건조,맑음,단일로 - 기타,승용,남,66세,상해없음,보행자,여,51세,경상
2016052500100197,2016년 5월 25일 10시,수요일,대전광역시 유성구 궁동,경상사고,0,0,1,0,차대차 - 추돌,안전운전불이행,건조,맑음,단일로 - 기타,승용,남,69세,상해없음,승합,남,45세,경상
2016052500100258,2016년 5월 25일 12시,수요일,대전광역시 유성구 도룡동,경상사고,0,0,1,0,차대차 - 추돌,안전거리미확보,건조,맑음,단일로 - 기타,승용,여,34세,상해없음,승용,여,30세,경상
2016052500100329,2016년 5월 25일 14시,수요일,대전광역시 서구 괴정동,경상사고,0,0,1,0,차대차 - 측면직각충돌,기타,건조,맑음,단일로 - 기타,승용,남,46세,상해없음,이륜,남,45세,경상
2016052500100401,2016년 5월 25일 16시,수요일,대전광역시 서구 내동,경상사고,0,0,1,0,차대사람 - 횡단중,안전운전불이행,건조,맑음,교차로 - 교차로부근,승합,남,58세,상해없음,보행자,여,56세,경상
2016052500100447,2016년 5월 25일 17시,수요일,대전광역시 유성구 어은동,경상사고,0,0,1,0,차대차 - 측면충돌,안전운전불이행,건조,맑음,교차로 - 교차로안,승용,여,59세,상해없음,자전거,남,6세,경상
2016052500100483,2016년 5월 25일 18시,수요일,대전광역시 서구 도마동,경상사고,0,0,1,0,차대사람 - 길가장자리구역통행중,안전운전불이행,건조,맑음,단일로 - 기타,승용,남,58세,상해없음,보행자,여,58세,경상
2016052500100517,2016년 5월 25일 19시,수요일,대전광역시 대덕구 오정동,경상사고,0,0,1,0,차대차 - 추돌,안전운전불이행,건조,맑음,단일로 - 기타,승용,남,25세,기타불명,승용,여,25세,경상
2016052500100518,2016년 5월 25일 19시,수요일,대전광역시 서구 탄방동,경상사고,0,0,1,0,차대차 - 기타,안전거리미확보,건조,맑음,교차로 - 교차로부근,승용,남,32세,상해없음,이륜,남,22세,경상
2016052500100519,2016년 5월 25일 19시,수요일,대전광역시 유성구 지족동,경상사고,0,0,1,0,차대차 - 측면충돌,신호위반,건조,맑음,교차로 - 교차로안,승용,남,34세,상해없음,승용,여,57세,경상
2016052500100573,2016년 5월 25일 21시,수요일,대전광역시 유성구 대정동,중상사고,0,2,0,0,차대차 - 추돌,안전운전불이행,건조,맑음,교차로 - 교차로부근,승용,여,30세,상해없음,승용,여,26세,중상
2016052500100629,2016년 5월 25일 23시,수요일,대전광역시 서구 둔산동,경상사고,0,0,3,0,차대차 - 추돌,안전운전불이행,건조,맑음,교차로 - 교차로부근,승용,남,48세,상해없음,승용,남,31세,경상
2016052500100630,2016년 5월 25일 23시,수요일,대전광역시 유성구 장대동,중상사고,0,1,2,0,차대차 - 추돌,안전운전불이행,건조,맑음,교차로 - 교차로부근,승용,남,35세,경상,승용,여,44세,경상
2016052600100032,2016년 5월 26일 01시,목요일,대전광역시 중구 옥계동,경상사고,0,0,1,0,차량단독 - 기타,기타,건조,맑음,단일로 - 기타,승용,남,67세,상해없음,,,,
2016052600100046,2016년 5월 26일 03시,목요일,대전광역시 서구 도마동,중상사고,0,2,2,0,차대차 - 측면직각충돌,신호위반,건조,맑음,교차로 - 교차로안,승용,남,62세,상해없음,승용,여,58세,중상
2016052600100047,2016년 5월 26일 03시,목요일,대전광역시 유성구 궁동,경상사고,0,0,1,0,차대사람 - 차도통행중,기타,건조,맑음,단일로 - 기타,승용,남,59세,상해없음,보행자,여,38세,경상
2016052600100134,2016년 5월 26일 08시,목요일,대전광역시 동구 대동,중상사고,0,1,1,1,차대차 - 측면충돌,안전운전불이행,건조,맑음,교차로 - 교차로안,승용,남,50세,상해없음,원동기,남,19세,중상
2016052600100135,2016년 5월 26일 08시,목요일,대전광역시 대덕구 법동,중상사고,0,1,0,0,차대차 - 기타,안전운전불이행,건조,맑음,교차로 - 교차로안,특수,남,53세,상해없음,자전거,남,56세,중상
2016052600100221,2016년 5월 26일 11시,목요일,대전광역시 유성구 도룡동,경상사고,0,0,1,0,차대차 - 추돌,안전운전불이행,건조,맑음,교차로 - 교차로안,승용,여,38세,상해없음,승용,여,42세,경상
2016052600100274,2016년 5월 26일 13시,목요일,대전광역시 중구 대사동,경상사고,0,0,1,0,차대차 - 측면충돌,교차로운행방법위반,건조,맑음,교차로 - 교차로안,화물,남,57세,상해없음,승용,남,42세,경상
2016052600100275,2016년 5월 26일 13시,목요일,대전광역시 중구 문화동,중상사고,0,1,0,0,차대사람 - 횡단중,안전운전불이행,건조,맑음,단일로 - 기타,승용,여,53세,상해없음,보행자,여,57세,중상
2016052600100377,2016년 5월 26일 16시,목요일,대전광역시 중구 대흥동,경상사고,0,0,2,0,차대차 - 추돌,안전운전불이행,건조,맑음,단일로 - 기타,승용,남,61세,상해없음,승용,남,33세,경상
2016052600100492,2016년 5월 26일 19시,목요일,대전광역시 중구 태평동,중상사고,0,1,0,0,차대차 - 측면충돌,안전운전불이행,건조,맑음,단일로 - 횡단보도상,승용,남,64세,상해없음,자전거,남,10세,중상
2016052600100525,2016년 5월 26일 20시,목요일,대전광역시 대덕구 오정동,중상사고,0,1,0,0,차대차 - 측면직각충돌,안전운전불이행,건조,맑음,교차로 - 교차로안,승용,남,29세,상해없음,원동기,남,36세,중상
2016052600100608,2016년 5월 26일 23시,목요일,대전광역시 유성구 신성동,중상사고,0,1,0,0,차량단독 - 기타,기타,건조,맑음,기타 - 기타,승용,남,44세,중상,,,,
2016052600100609,2016년 5월 26일 23시,목요일,대전광역시 유성구 어은동,경상사고,0,0,1,0,차대차 - 측면충돌,교차로운행방법위반,건조,맑음,교차로 - 교차로안,기타불명,기타불명,기타불명,기타불명,이륜,남,23세,경상
2016052600100610,2016년 5월 26일 23시,목요일,대전광역시 유성구 노은동,경상사고,0,0,2,0,차대차 - 측면직각충돌,신호위반,건조,맑음,교차로 - 교차로안,승용,남,29세,상해없음,승용,남,63세,경상
2016052700100035,2016년 5월 27일 03시,금요일,대전광역시 유성구 봉명동,경상사고,0,0,1,0,차대차 - 측면직각충돌,신호위반,건조,맑음,교차로 - 교차로안,화물,남,25세,상해없음,승용,남,30세,경상
2016052700100060,2016년 5월 27일 06시,금요일,대전광역시 동구 용전동,중상사고,0,1,0,0,차대차 - 추돌,안전운전불이행,건조,맑음,단일로 - 횡단보도상,화물,남,62세,상해없음,자전거,여,62세,중상
2016052700100090,2016년 5월 27일 07시,금요일,대전광역시 서구 가수원동,경상사고,0,0,4,0,차대차 - 측면충돌,안전거리미확보,건조,맑음,교차로 - 교차로안,승용,남,22세,상해없음,승용,여,50세,경상
2016052700100154,2016년 5월 27일 09시,금요일,대전광역시 유성구 봉산동,경상사고,0,0,1,0,차대차 - 측면충돌,안전거리미확보,건조,맑음,단일로 - 기타,건설기계,남,62세,기타불명,승합,남,56세,경상
2016052700100181,2016년 5월 27일 10시,금요일,대전광역시 중구 오류동,경상사고,0,0,1,0,차대차 - 측면직각충돌,차로위반,건조,맑음,단일로 - 기타,승용,여,34세,상해없음,승용,여,56세,경상
2016052700100209,2016년 5월 27일 11시,금요일,대전광역시 유성구 화암동,경상사고,0,0,1,0,차대차 - 측면충돌,안전운전불이행,건조,맑음,단일로 - 기타,승용,남,38세,상해없음,승용,남,32세,경상
2016052700100281,2016년 5월 27일 13시,금요일,대전광역시 서구 둔산동,중상사고,0,1,0,0,차대차 - 기타,안전운전불이행,건조,맑음,단일로 - 횡단보도상,화물,남,41세,상해없음,원동기,여,25세,중상
2016052700100319,2016년 5월 27일 14시,금요일,대전광역시 중구 문화동,경상사고,0,0,1,0,차대사람 - 길가장자리구역통행중,안전운전불이행,건조,맑음,교차로 - 교차로안,승용,남,66세,기타불명,보행자,남,22세,경상
2016052700100320,2016년 5월 27일 14시,금요일,대전광역시 동구 홍도동,경상사고,0,0,1,0,차대차 - 추돌,안전운전불이행,건조,맑음,교차로 - 교차로부근,승용,여,44세,상해없음,승용,남,48세,경상
2016052700100449,2016년 5월 27일 17시,금요일,대전광역시 서구 가수원동,경상사고,0,0,1,0,차대차 - 측면충돌,교차로운행방법위반,건조,맑음,교차로 - 교차로안,승용,남,33세,상해없음,승용,남,51세,상해없음
2016052700100450,2016년 5월 27일 17시,금요일,대전광역시 서구 둔산동,경상사고,0,0,1,0,차대차 - 추돌,안전운전불이행,건조,맑음,단일로 - 기타,승용,남,36세,상해없음,승용,남,25세,경상
2016052700100495,2016년 5월 27일 18시,금요일,대전광역시 중구 선화동,경상사고,0,0,3,0,차대차 - 추돌,안전운전불이행,건조,맑음,교차로 - 교차로부근,승용,남,67세,상해없음,승용,여,45세,경상
2016052700100496,2016년 5월 27일 18시,금요일,대전광역시 유성구 봉명동,경상사고,0,0,1,0,차대차 - 측면충돌,안전운전불이행,건조,맑음,교차로 - 교차로안,승용,남,33세,상해없음,승용,남,29세,경상
2016052700100516,2016년 5월 27일 19시,금요일,대전광역시 유성구 자운동,중상사고,0,1,1,0,차대차 - 추돌,차로위반,건조,맑음,단일로 - 기타,승용,남,65세,상해없음,승용,남,53세,중상
2016052700100529,2016년 5월 27일 19시,금요일,대전광역시 서구 월평동,경상사고,0,0,1,0,차대차 - 기타,신호위반,건조,맑음,교차로 - 교차로안,승용,남,47세,상해없음,이륜,남,33세,경상
2016052700100561,2016년 5월 27일 20시,금요일,대전광역시 유성구 장대동,경상사고,0,0,2,0,차대차 - 측면직각충돌,차로위반,건조,맑음,단일로 - 기타,승용,남,47세,상해없음,승용,여,26세,경상
2016052700100594,2016년 5월 27일 21시,금요일,대전광역시 서구 탄방동,경상사고,0,0,1,0,차대차 - 정면충돌,안전운전불이행,건조,맑음,단일로 - 기타,승용,남,63세,상해없음,승용,여,31세,경상
2016052700100648,2016년 5월 27일 23시,금요일,대전광역시 대덕구 읍내동,중상사고,0,1,0,0,차대사람 - 횡단중,안전운전불이행,건조,기타,단일로 - 기타,승합,남,47세,상해없음,보행자,남,39세,중상
2016052800100028,2016년 5월 28일 00시,토요일,대전광역시 유성구 봉명동,경상사고,0,0,1,0,차대차 - 측면충돌,신호위반,건조,맑음,교차로 - 교차로안,승용,남,28세,기타불명,승용,남,33세,경상
2016052800100043,2016년 5월 28일 01시,토요일,대전광역시 대덕구 비래동,중상사고,0,1,0,0,차대차 - 추돌,안전운전불이행,건조,맑음,단일로 - 기타,원동기,남,14세,상해없음,승용,남,59세,상해없음
2016052800100058,2016년 5월 28일 02시,토요일,대전광역시 유성구 봉명동,경상사고,0,0,1,0,차대차 - 측면충돌,안전운전불이행,건조,맑음,단일로 - 기타,승용,남,29세,상해없음,승용,여,34세,경상
2016052800100076,2016년 5월 28일 04시,토요일,대전광역시 중구 대흥동,경상사고,0,0,1,0,차대사람 - 길가장자리구역통행중,안전운전불이행,건조,맑음,단일로 - 기타,화물,남,24세,기타불명,보행자,남,24세,경상
2016052800100089,2016년 5월 28일 05시,토요일,대전광역시 대덕구 대화동,경상사고,0,0,1,0,차대차 - 추돌,안전운전불이행,건조,맑음,단일로 - 기타,승용,남,24세,경상,화물,남,45세,상해없음
2016052800100140,2016년 5월 28일 08시,토요일,대전광역시 대덕구 상서동,중상사고,0,1,0,0,차대차 - 기타,안전운전불이행,건조,맑음,기타 - 기타,승용,남,57세,상해없음,자전거,여,51세,중상
2016052800100170,2016년 5월 28일 09시,토요일,대전광역시 동구 용운동,경상사고,0,0,1,0,차대차 - 정면충돌,중앙선침범,건조,맑음,교차로 - 교차로부근,승합,여,51세,상해없음,승용,남,34세,경상
2016052800100203,2016년 5월 28일 10시,토요일,대전광역시 유성구 갑동,경상사고,0,0,1,0,차대차 - 측면충돌,기타,건조,맑음,단일로 - 기타,승합,남,42세,기타불명,승용,여,27세,기타불명
2016052800100238,2016년 5월 28일 11시,토요일,대전광역시 대덕구 법동,경상사고,0,0,1,0,차대사람 - 길가장자리구역통행중,안전운전불이행,건조,맑음,단일로 - 횡단보도상,승용,여,54세,상해없음,보행자,여,54세,경상
2016052800100321,2016년 5월 28일 13시,토요일,대전광역시 서구 가수원동,경상사고,0,0,2,0,차대차 - 측면충돌,중앙선침범,건조,맑음,단일로 - 기타,승용,남,57세,상해없음,승용,남,57세,경상
2016052800100322,2016년 5월 28일 13시,토요일,대전광역시 유성구 노은동,경상사고,0,0,1,0,차대차 - 측면충돌,안전운전불이행,건조,맑음,단일로 - 기타,기타불명,기타불명,기타불명,기타불명,승용,남,58세,상해없음
2016052800100363,2016년 5월 28일 14시,토요일,대전광역시 동구 판암동,경상사고,0,0,2,0,차대차 - 측면직각충돌,안전운전불이행,건조,맑음,단일로 - 기타,승용,남,55세,상해없음,승용,여,35세,경상
2016052800100364,2016년 5월 28일 14시,토요일,대전광역시 서구 관저동,경상사고,0,0,4,0,차대차 - 측면직각충돌,신호위반,건조,맑음,교차로 - 교차로안,승용,여,46세,상해없음,승용,여,37세,경상
2016052800100365,2016년 5월 28일 14시,토요일,대전광역시 유성구 교촌동,중상사고,0,2,0,0,차대차 - 추돌,안전운전불이행,건조,맑음,단일로 - 기타,승용,여,47세,상해없음,특수,남,35세,중상
2016052800100406,2016년 5월 28일 15시,토요일,대전광역시 유성구 봉산동,경상사고,0,0,1,0,차대차 - 기타,안전운전불이행,건조,맑음,교차로 - 교차로안,승용,남,36세,상해없음,이륜,남,40세,경상
2016052800100407,2016년 5월 28일 15시,토요일,대전광역시 유성구 봉명동,경상사고,0,0,1,0,차대차 - 측면충돌,직진우회전진행방해,건조,맑음,교차로 - 교차로안,승용,남,22세,기타불명,이륜,남,49세,경상
2016052800100459,2016년 5월 28일 16시,토요일,대전광역시 대덕구 오정동,중상사고,0,1,0,0,차대차 - 측면충돌,교차로운행방법위반,건조,맑음,교차로 - 교차로안,승용,남,48세,상해없음,자전거,남,47세,중상
2016052800100485,2016년 5월 28일 17시,토요일,대전광역시 유성구 방현동,중상사고,0,1,0,3,차대차 - 기타,안전거리미확보,건조,맑음,기타 - 기타,승용,남,32세,상해없음,승용,남,55세,상해없음
2016052800100499,2016년 5월 28일 17시,토요일,대전광역시 서구 가수원동,경상사고,0,0,1,0,차대사람 - 횡단중,안전운전불이행,건조,맑음,단일로 - 기타,승용,여,73세,상해없음,보행자,여,5세,경상
2016052800100500,2016년 5월 28일 17시,토요일,대전광역시 유성구 용계동,경상사고,0,0,2,0,차대차 - 측면직각충돌,신호위반,건조,맑음,교차로 - 교차로부근,승용,남,23세,상해없음,승용,남,34세,경상
2016052800100563,2016년 5월 28일 19시,토요일,대전광역시 동구 판암동,중상사고,0,1,0,0,차대사람 - 기타,보행자보호의무위반,건조,맑음,단일로 - 기타,승용,남,44세,상해없음,보행자,남,53세,중상
2016052800100564,2016년 5월 28일 19시,토요일,대전광역시 서구 둔산동,중상사고,0,1,0,0,차대차 - 추돌,안전운전불이행,건조,맑음,교차로 - 교차로안,승용,남,77세,상해없음,자전거,남,18세,중상
2016052800100565,2016년 5월 28일 19시,토요일,대전광역시 서구 둔산동,중상사고,0,1,0,5,차대차 - 추돌,안전운전불이행,습기,맑음,교차로 - 교차로부근,승용,남,26세,상해없음,승용,여,32세,중상
2016052800100596,2016년 5월 28일 20시,토요일,대전광역시 동구 용전동,경상사고,0,0,1,0,차대사람 - 기타,안전운전불이행,건조,맑음,단일로 - 기타,승용,남,47세,상해없음,보행자,남,33세,경상
2016052800100631,2016년 5월 28일 21시,토요일,대전광역시 중구 대흥동,경상사고,0,0,3,0,차대차 - 추돌,안전운전불이행,건조,맑음,단일로 - 기타,원동기,남,68세,상해없음,승합,남,41세,경상
2016052800100669,2016년 5월 28일 22시,토요일,대전광역시 중구 호동,경상사고,0,0,1,0,차대사람 - 길가장자리구역통행중,안전운전불이행,건조,맑음,단일로 - 기타,화물,남,50세,상해없음,보행자,남,64세,경상
2016052800100670,2016년 5월 28일 22시,토요일,대전광역시 동구 판암동,경상사고,0,0,1,0,차대차 - 기타,기타,건조,맑음,단일로 - 기타,승용,남,68세,상해없음,이륜,남,22세,상해없음
2016052800100671,2016년 5월 28일 22시,토요일,대전광역시 서구 둔산동,중상사고,0,1,0,0,차대사람 - 횡단중,보행자보호의무위반,건조,맑음,단일로 - 횡단보도상,승용,남,26세,상해없음,보행자,남,44세,중상
2016052800100672,2016년 5월 28일 22시,토요일,대전광역시 서구 둔산동,중상사고,0,2,1,0,차대차 - 정면충돌,신호위반,건조,맑음,교차로 - 교차로안,승용,남,29세,상해없음,승용,여,49세,중상
2016052900100024,2016년 5월 29일 00시,일요일,대전광역시 대덕구 법동,중상사고,0,1,1,0,차대차 - 추돌,안전운전불이행,건조,맑음,단일로 - 기타,승용,남,40세,기타불명,승용,남,58세,경상
2016052900100100,2016년 5월 29일 06시,일요일,대전광역시 유성구 탑립동,경상사고,0,0,1,0,차대차 - 측면충돌,안전운전불이행,건조,맑음,교차로 - 교차로안,승용,여,56세,상해없음,농기계,남,68세,경상
2016052900100222,2016년 5월 29일 13시,일요일,대전광역시 서구 도안동,경상사고,0,0,1,0,차대차 - 측면충돌,안전운전불이행,건조,맑음,교차로 - 교차로안,승용,여,46세,상해없음,이륜,남,20세,경상
2016052900100223,2016년 5월 29일 13시,일요일,대전광역시 유성구 장대동,경상사고,0,0,1,0,차대차 - 기타,안전운전불이행,건조,맑음,교차로 - 교차로부근,승용,남,84세,기타불명,승용,남,54세,상해없음
2016052900100252,2016년 5월 29일 14시,일요일,대전광역시 유성구 교촌동,경상사고,0,0,2,0,차대차 - 측면충돌,안전거리미확보,건조,맑음,단일로 - 기타,건설기계,남,54세,상해없음,승용,남,58세,경상
2016052900100276,2016년 5월 29일 15시,일요일,대전광역시 중구 문창동,경상사고,0,0,1,0,차대차 - 측면직각충돌,안전운전불이행,건조,맑음,단일로 - 기타,승용,여,53세,상해없음,승용,남,51세,상해없음
2016052900100312,2016년 5월 29일 16시,일요일,대전광역시 동구 용전동,경상사고,0,0,1,0,차대차 - 측면충돌,안전운전불이행,건조,맑음,단일로 - 기타,승용,남,30세,상해없음,자전거,남,13세,경상
2016052900100313,2016년 5월 29일 16시,일요일,대전광역시 서구 도마동,경상사고,0,0,1,0,차대차 - 추돌,안전거리미확보,건조,맑음,교차로 - 교차로안,승용,남,49세,상해없음,승용,남,33세,경상
2016052900100348,2016년 5월 29일 17시,일요일,대전광역시 중구 태평동,경상사고,0,0,2,0,차대차 - 추돌,안전거리미확보,건조,맑음,교차로 - 교차로안,승용,남,51세,상해없음,승용,여,42세,경상
2016052900100397,2016년 5월 29일 19시,일요일,대전광역시 중구 오류동,경상사고,0,0,1,0,차대차 - 추돌,안전운전불이행,건조,맑음,단일로 - 기타,화물,남,54세,상해없음,승용,남,64세,경상
2016052900100398,2016년 5월 29일 19시,일요일,대전광역시 동구 성남동,경상사고,0,0,2,0,차대차 - 측면충돌,교차로운행방법위반,건조,맑음,교차로 - 교차로안,승용,남,56세,상해없음,승용,남,28세,경상
2016052900100428,2016년 5월 29일 20시,일요일,대전광역시 중구 석교동,경상사고,0,0,3,0,차대차 - 추돌,신호위반,건조,맑음,교차로 - 교차로안,승용,남,53세,상해없음,승합,남,56세,경상
2016052900100444,2016년 5월 29일 21시,일요일,대전광역시 중구 유천동,경상사고,0,0,4,1,차대차 - 추돌,안전운전불이행,건조,맑음,단일로 - 기타,승용,남,42세,상해없음,승합,남,48세,상해없음
2016052900100477,2016년 5월 29일 23시,일요일,대전광역시 유성구 덕명동,중상사고,0,1,0,0,차대차 - 측면직각충돌,신호위반,건조,맑음,교차로 - 교차로안,승용,여,26세,상해없음,승용,남,34세,중상
2016053000100015,2016년 5월 30일 00시,월요일,대전광역시 대덕구 오정동,경상사고,0,0,1,0,차대차 - 측면충돌,교차로운행방법위반,건조,맑음,교차로 - 교차로안,승용,여,48세,기타불명,승용,여,57세,경상
2016053000100016,2016년 5월 30일 00시,월요일,대전광역시 서구 탄방동,경상사고,0,0,1,0,차대차 - 정면충돌,안전운전불이행,건조,맑음,교차로 - 교차로안,승용,남,22세,상해없음,승용,남,59세,경상
2016053000100027,2016년 5월 30일 01시,월요일,대전광역시 유성구 봉명동,경상사고,0,0,1,0,차대사람 - 기타,안전운전불이행,건조,맑음,단일로 - 기타,승용,남,31세,상해없음,보행자,여,28세,경상
2016053000100177,2016년 5월 30일 09시,월요일,대전광역시 유성구 지족동,경상사고,0,0,1,0,차대차 - 추돌,안전운전불이행,건조,맑음,기타 - 기타,화물,남,50세,상해없음,승용,여,43세,경상
2016053000100209,2016년 5월 30일 10시,월요일,대전광역시 유성구 궁동,경상사고,0,0,1,0,차량단독 - 기타,기타,건조,맑음,단일로 - 기타,승합,남,43세,상해없음,,,,
2016053000100253,2016년 5월 30일 11시,월요일,대전광역시 중구 문화동,경상사고,0,0,3,0,차대차 - 추돌,안전운전불이행,건조,맑음,교차로 - 교차로부근,승용,남,30세,상해없음,승용,남,69세,상해없음
2016053000100254,2016년 5월 30일 11시,월요일,대전광역시 대덕구 석봉동,중상사고,0,1,0,0,차대사람 - 횡단중,보행자보호의무위반,건조,맑음,교차로 - 교차로안,승용,남,24세,상해없음,보행자,여,79세,중상
2016053000100399,2016년 5월 30일 15시,월요일,대전광역시 서구 둔산동,경상사고,0,0,1,0,차대차 - 추돌,안전운전불이행,건조,맑음,교차로 - 교차로부근,승용,여,53세,상해없음,승용,남,35세,경상
2016053000100480,2016년 5월 30일 17시,월요일,대전광역시 중구 사정동,경상사고,0,0,1,0,차대차 - 측면직각충돌,안전운전불이행,건조,맑음,단일로 - 기타,승용,남,61세,상해없음,자전거,남,30세,경상
2016053000100481,2016년 5월 30일 17시,월요일,대전광역시 동구 신안동,사망사고,1,0,0,0,차대사람 - 기타,보행자보호의무위반,건조,맑음,단일로 - 기타,원동기,남,65세,상해없음,보행자,여,70세,사망
2016053000100482,2016년 5월 30일 17시,월요일,대전광역시 동구 삼성동,경상사고,0,0,2,0,차대차 - 측면직각충돌,안전거리미확보,건조,맑음,단일로 - 기타,승용,여,38세,경상,승합,남,60세,경상