사고번호,사고일시,요일,시군구,사고내용,사망자수,중상자수,경상자수,부상신고자수,사고유형,법규위반,노면상태,기상상태,도로형태,가해운전자 차종,가해운전자 성별,가해운전자 연령,가해운전자 상해정도,피해운전자 차종,피해운전자 성별,피해운전자 연령,피해운전자 상해정도
2016053000100483,2016년 5월 30일 17시,월요일,대전광역시 대덕구 읍내동,경상사고,0,0,2,0,차대차 - 추돌,안전운전불이행,건조,맑음,교차로 - 교차로부근,화물,남,78세,기타불명,승용,남,66세,경상
2016053000100484,2016년 5월 30일 17시,월요일,대전광역시 서구 월평동,경상사고,0,0,2,0,차대차 - 추돌,안전거리미확보,건조,맑음,단일로 - 기타,승용,남,45세,경상,화물,남,48세,상해없음
2016053000100532,2016년 5월 30일 18시,월요일,대전광역시 중구 용두동,경상사고,0,0,2,0,차대차 - 측면직각충돌,안전거리미확보,건조,맑음,단일로 - 기타,원동기,남,23세,상해없음,승용,남,36세,경상
2016053000100533,2016년 5월 30일 18시,월요일,대전광역시 유성구 원신흥동,중상사고,0,1,0,0,차대차 - 측면직각충돌,중앙선침범,건조,맑음,단일로 - 기타,승용,여,25세,상해없음,이륜,남,62세,중상
2016053000100534,2016년 5월 30일 18시,월요일,대전광역시 유성구 용산동,경상사고,0,0,1,0,차대차 - 측면직각충돌,안전운전불이행,건조,맑음,교차로 - 교차로안,승용,남,36세,상해없음,승용,여,28세,경상
2016053000100571,2016년 5월 30일 19시,월요일,대전광역시 중구 선화동,경상사고,0,0,1,0,차대차 - 측면직각충돌,안전운전불이행,건조,맑음,단일로 - 기타,원동기,남,69세,상해없음,승용,남,47세,경상
2016053000100572,2016년 5월 30일 19시,월요일,대전광역시 대덕구 읍내동,경상사고,0,0,1,0,차대차 - 추돌,안전거리미확보,건조,맑음,교차로 - 교차로부근,승합,남,53세,상해없음,승용,남,42세,경상
2016053000100604,2016년 5월 30일 20시,월요일,대전광역시 유성구 봉명동,경상사고,0,0,1,0,차대사람 - 길가장자리구역통행중,안전운전불이행,건조,맑음,단일로 - 기타,승용,여,58세,상해없음,보행자,남,42세,경상
2016053000100667,2016년 5월 30일 23시,월요일,대전광역시 유성구 관평동,경상사고,0,0,2,0,차대차 - 기타,교차로운행방법위반,건조,맑음,교차로 - 교차로안,승용,남,39세,상해없음,승용,남,31세,경상
2016053100100020,2016년 5월 31일 01시,화요일,대전광역시 대덕구 중리동,경상사고,0,0,1,0,차대차 - 측면충돌,안전운전불이행,건조,맑음,교차로 - 교차로안,승용,남,44세,상해없음,승용,남,30세,경상
2016053100100060,2016년 5월 31일 06시,화요일,대전광역시 서구 관저동,경상사고,0,0,2,0,차대차 - 정면충돌,중앙선침범,건조,맑음,단일로 - 기타,승용,남,64세,상해없음,승용,남,40세,경상
2016053100100061,2016년 5월 31일 06시,화요일,대전광역시 유성구 장대동,경상사고,0,0,4,0,차대차 - 추돌,안전거리미확보,건조,맑음,단일로 - 기타,화물,남,30세,상해없음,승용,남,51세,경상
2016053100100085,2016년 5월 31일 07시,화요일,대전광역시 중구 문화동,경상사고,0,0,1,0,차대차 - 측면직각충돌,안전운전불이행,건조,맑음,단일로 - 기타,승용,남,38세,상해없음,자전거,여,29세,경상
2016053100100086,2016년 5월 31일 07시,화요일,대전광역시 유성구 구암동,경상사고,0,0,1,0,차대차 - 추돌,안전운전불이행,건조,맑음,교차로 - 교차로부근,승용,남,69세,상해없음,승용,남,34세,상해없음
2016053100100124,2016년 5월 31일 08시,화요일,대전광역시 서구 탄방동,중상사고,0,1,0,0,차대차 - 측면직각충돌,중앙선침범,건조,맑음,단일로 - 기타,승용,여,33세,상해없음,승용,남,49세,중상
2016053100100159,2016년 5월 31일 09시,화요일,대전광역시 유성구 원내동,중상사고,0,2,0,0,차대차 - 기타,안전운전불이행,건조,맑음,교차로 - 교차로부근,승용,남,60세,상해없음,승용,남,33세,중상
2016053100100160,2016년 5월 31일 09시,화요일,대전광역시 유성구 반석동,경상사고,0,0,5,0,차대차 - 기타,안전운전불이행,건조,맑음,교차로 - 교차로부근,승용,여,53세,상해없음,화물,남,27세,경상
2016053100100226,2016년 5월 31일 11시,화요일,대전광역시 서구 변동,경상사고,0,0,1,0,차대차 - 추돌,안전운전불이행,건조,맑음,단일로 - 기타,화물,남,47세,상해없음,화물,여,53세,경상
2016053100100261,2016년 5월 31일 12시,화요일,대전광역시 중구 목동,중상사고,0,3,1,0,차대차 - 측면충돌,안전거리미확보,건조,맑음,단일로 - 기타,승용,여,29세,기타불명,승용,남,72세,중상
2016053100100282,2016년 5월 31일 13시,화요일,대전광역시 서구 둔산동,중상사고,0,1,0,0,차대차 - 기타,안전운전불이행,건조,맑음,단일로 - 횡단보도상,승용,여,45세,상해없음,자전거,남,46세,중상
2016053100100283,2016년 5월 31일 13시,화요일,대전광역시 유성구 관평동,경상사고,0,0,1,0,차대차 - 기타,신호위반,건조,맑음,교차로 - 교차로안,승용,여,46세,상해없음,승용,남,57세,경상
2016053100100343,2016년 5월 31일 15시,화요일,대전광역시 유성구 용계동,경상사고,0,0,2,2,차대차 - 기타,안전운전불이행,건조,맑음,단일로 - 기타,화물,남,44세,상해없음,승용,남,66세,경상
2016053100100344,2016년 5월 31일 15시,화요일,대전광역시 유성구 지족동,경상사고,0,0,2,0,차대차 - 기타,안전운전불이행,건조,맑음,단일로 - 기타,승용,남,35세,상해없음,승용,남,28세,경상
2016053100100387,2016년 5월 31일 16시,화요일,대전광역시 서구 만년동,경상사고,0,0,1,0,차대차 - 정면충돌,신호위반,건조,맑음,교차로 - 교차로안,승용,남,74세,상해없음,승용,남,46세,경상
2016053100100482,2016년 5월 31일 18시,화요일,대전광역시 동구 인동,경상사고,0,0,2,0,차대차 - 측면직각충돌,신호위반,건조,맑음,교차로 - 교차로안,화물,남,61세,상해없음,승용,남,33세,경상
2016053100100535,2016년 5월 31일 20시,화요일,대전광역시 동구 용전동,경상사고,0,0,2,0,차대차 - 추돌,안전운전불이행,건조,맑음,단일로 - 기타,승합,여,23세,상해없음,승용,남,59세,경상
2016053100100564,2016년 5월 31일 21시,화요일,대전광역시 동구 용전동,경상사고,0,0,2,0,차대차 - 추돌,안전거리미확보,건조,맑음,교차로 - 교차로부근,승합,남,66세,경상,승합,남,54세,경상
2016053100100565,2016년 5월 31일 21시,화요일,대전광역시 동구 소제동,중상사고,0,1,3,1,차대차 - 추돌,안전운전불이행,건조,맑음,단일로 - 기타,승용,남,57세,상해없음,승합,남,32세,경상
2016053100100566,2016년 5월 31일 21시,화요일,대전광역시 서구 탄방동,경상사고,0,0,3,0,차대차 - 추돌,안전운전불이행,건조,맑음,단일로 - 기타,승용,남,59세,상해없음,승용,여,27세,경상
2016053100100567,2016년 5월 31일 21시,화요일,대전광역시 유성구 학하동,경상사고,0,0,2,0,차대차 - 측면직각충돌,신호위반,건조,맑음,교차로 - 교차로안,승용,남,32세,상해없음,승용,남,28세,경상
2016060100100036,2016년 6월 1일 01시,수요일,대전광역시 유성구 지족동,경상사고,0,0,1,0,차대차 - 추돌,안전운전불이행,건조,맑음,단일로 - 기타,기타불명,기타불명,기타불명,기타불명,승용,여,45세,경상
2016060100100047,2016년 6월 1일 03시,수요일,대전광역시 유성구 장대동,사망사고,1,1,1,0,차대차 - 측면직각충돌,신호위반,건조,맑음,교차로 - 교차로부근,승용,남,19세,중상,승용,남,58세,사망
2016060100100057,2016년 6월 1일 04시,수요일,대전광역시 대덕구 읍내동,중상사고,0,2,0,0,차량단독 - 전도전복,안전운전불이행,건조,맑음,단일로 - 기타,이륜,남,19세,중상,,,,
2016060100100062,2016년 6월 1일 05시,수요일,대전광역시 동구 자양동,중상사고,0,1,0,0,차대차 - 측면충돌,교차로운행방법위반,건조,맑음,교차로 - 교차로안,승용,여,43세,상해없음,원동기,남,57세,중상
2016060100100177,2016년 6월 1일 09시,수요일,대전광역시 유성구 궁동,경상사고,0,0,1,0,차대차 - 추돌,안전거리미확보,건조,맑음,교차로 - 교차로부근,승용,남,60세,상해없음,승용,남,63세,경상
2016060100100232,2016년 6월 1일 11시,수요일,대전광역시 동구 판암동,중상사고,0,1,0,0,차대사람 - 횡단중,안전운전불이행,건조,맑음,단일로 - 기타,승용,남,70세,상해없음,보행자,여,64세,중상
2016060100100258,2016년 6월 1일 12시,수요일,대전광역시 중구 유천동,경상사고,0,0,1,0,차대차 - 추돌,안전운전불이행,건조,맑음,단일로 - 기타,승용,여,48세,상해없음,자전거,여,44세,경상
2016060100100377,2016년 6월 1일 15시,수요일,대전광역시 서구 둔산동,경상사고,0,0,2,0,차대차 - 측면직각충돌,안전운전불이행,건조,맑음,교차로 - 교차로안,승용,남,68세,상해없음,승용,여,37세,경상
2016060100100411,2016년 6월 1일 16시,수요일,대전광역시 동구 성남동,경상사고,0,0,1,0,차대차 - 추돌,안전거리미확보,건조,맑음,단일로 - 기타,승용,남,33세,상해없음,승용,여,58세,경상
2016060100100468,2016년 6월 1일 17시,수요일,대전광역시 서구 월평동,중상사고,0,1,1,0,차대차 - 추돌,안전운전불이행,건조,맑음,교차로 - 교차로부근,승용,여,46세,상해없음,승용,남,67세,경상
2016060100100469,2016년 6월 1일 17시,수요일,대전광역시 서구 만년동,경상사고,0,0,2,0,차대차 - 추돌,안전운전불이행,건조,맑음,단일로 - 기타,승합,남,62세,상해없음,승용,여,52세,경상
2016060100100509,2016년 6월 1일 18시,수요일,대전광역시 대덕구 상서동,경상사고,0,0,1,0,차대차 - 추돌,안전거리미확보,건조,맑음,단일로 - 기타,승용,남,34세,기타불명,승용,여,46세,경상
2016060100100540,2016년 6월 1일 19시,수요일,대전광역시 대덕구 비래동,경상사고,0,0,1,0,차대사람 - 기타,안전운전불이행,건조,맑음,단일로 - 기타,승용,남,41세,상해없음,보행자,남,42세,경상
2016060100100541,2016년 6월 1일 19시,수요일,대전광역시 서구 탄방동,중상사고,0,1,0,0,차대사람 - 기타,안전운전불이행,건조,맑음,단일로 - 기타,승용,남,42세,상해없음,보행자,남,80세,중상
2016060100100542,2016년 6월 1일 19시,수요일,대전광역시 유성구 신성동,경상사고,0,0,3,2,차대차 - 기타,신호위반,건조,맑음,교차로 - 교차로안,승용,남,21세,상해없음,승용,여,55세,경상
2016060100100567,2016년 6월 1일 20시,수요일,대전광역시 유성구 궁동,경상사고,0,0,1,0,차대차 - 기타,안전운전불이행,건조,맑음,단일로 - 횡단보도상,기타불명,기타불명,기타불명,기타불명,자전거,여,58세,경상
2016060100100598,2016년 6월 1일 21시,수요일,대전광역시 유성구 지족동,중상사고,0,1,0,0,차대차 - 기타,안전운전불이행,건조,맑음,단일로 - 기타,승용,남,52세,상해없음,자전거,남,33세,중상
2016060200100017,2016년 6월 2일 01시,목요일,대전광역시 동구 자양동,중상사고,0,1,0,0,차대사람 - 횡단중,안전운전불이행,습기,맑음,단일로 - 기타,승용,남,49세,상해없음,보행자,남,50세,중상
2016060200100069,2016년 6월 2일 06시,목요일,대전광역시 서구 도마동,경상사고,0,0,1,0,차대차 - 측면직각충돌,직진우회전진행방해,건조,맑음,교차로 - 교차로안,승용,남,63세,상해없음,승용,여,47세,상해없음
2016060200100154,2016년 6월 2일 08시,목요일,대전광역시 동구 가양동,경상사고,0,0,1,0,차대사람 - 횡단중,안전운전불이행,건조,맑음,단일로 - 기타,승용,여,57세,상해없음,보행자,남,84세,경상
2016060200100155,2016년 6월 2일 08시,목요일,대전광역시 동구 홍도동,경상사고,0,0,2,0,차대차 - 측면직각충돌,안전운전불이행,건조,맑음,단일로 - 기타,승용,여,31세,경상,승용,남,34세,경상
2016060200100156,2016년 6월 2일 08시,목요일,대전광역시 서구 오동,경상사고,0,0,1,0,차대차 - 측면직각충돌,안전운전불이행,건조,맑음,단일로 - 기타,이륜,남,21세,경상,화물,여,58세,상해없음
2016060200100203,2016년 6월 2일 09시,목요일,대전광역시 대덕구 비래동,경상사고,0,0,1,0,차대차 - 측면직각충돌,교차로운행방법위반,건조,맑음,교차로 - 교차로안,승용,남,53세,상해없음,화물,남,55세,경상
2016060200100233,2016년 6월 2일 10시,목요일,대전광역시 동구 하소동,중상사고,0,1,1,0,차대차 - 정면충돌,중앙선침범,건조,맑음,단일로 - 기타,승용,여,27세,상해없음,건설기계,남,52세,경상
2016060200100265,2016년 6월 2일 11시,목요일,대전광역시 중구 유천동,경상사고,0,0,3,0,차대차 - 측면직각충돌,신호위반,건조,맑음,교차로 - 교차로안,승용,남,60세,상해없음,승용,남,38세,경상
2016060200100289,2016년 6월 2일 12시,목요일,대전광역시 중구 옥계동,중상사고,0,1,0,0,차대사람 - 횡단중,안전운전불이행,건조,맑음,교차로 - 교차로안,승용,남,30세,상해없음,보행자,여,54세,중상
2016060200100290,2016년 6월 2일 12시,목요일,대전광역시 동구 대동,중상사고,0,1,0,0,차대차 - 측면직각충돌,안전운전불이행,건조,맑음,교차로 - 교차로안,승용,여,59세,상해없음,원동기,여,38세,중상
2016060200100291,2016년 6월 2일 12시,목요일,대전광역시 유성구 장대동,경상사고,0,0,1,0,차대차 - 측면충돌,안전운전불이행,건조,맑음,교차로 - 교차로부근,화물,남,45세,상해없음,승용,남,52세,경상
2016060200100321,2016년 6월 2일 13시,목요일,대전광역시 대덕구 신탄진동,경상사고,0,0,1,0,차대사람 - 횡단중,안전운전불이행,건조,맑음,단일로 - 기타,승용,여,27세,상해없음,보행자,남,3세,경상
2016060200100322,2016년 6월 2일 13시,목요일,대전광역시 유성구 학하동,중상사고,0,1,0,0,차대차 - 측면충돌,안전운전불이행,건조,맑음,교차로 - 교차로안,승용,남,63세,기타불명,화물,남,63세,중상
2016060200100350,2016년 6월 2일 14시,목요일,대전광역시 동구 용전동,경상사고,0,0,3,0,차대차 - 측면충돌,안전운전불이행,건조,맑음,단일로 - 기타,승용,여,49세,상해없음,승합,남,55세,경상
2016060200100371,2016년 6월 2일 15시,목요일,대전광역시 중구 유천동,경상사고,0,0,2,0,차대차 - 측면직각충돌,신호위반,건조,맑음,교차로 - 교차로안,승용,여,58세,상해없음,승합,남,45세,경상
2016060200100419,2016년 6월 2일 16시,목요일,대전광역시 중구 태평동,경상사고,0,0,3,0,차대차 - 측면직각충돌,교차로운행방법위반,건조,맑음,교차로 - 교차로안,승용,남,71세,경상,승용,남,48세,경상
2016060200100420,2016년 6월 2일 16시,목요일,대전광역시 동구 신하동,중상사고,0,1,1,0,차대차 - 측면직각충돌,안전운전불이행,건조,맑음,단일로 - 기타,원동기,남,37세,중상,화물,남,59세,경상
2016060200100421,2016년 6월 2일 16시,목요일,대전광역시 유성구 구암동,경상사고,0,0,1,0,차대사람 - 횡단중,안전운전불이행,건조,맑음,단일로 - 기타,화물,남,54세,상해없음,보행자,여,83세,경상
2016060200100422,2016년 6월 2일 16시,목요일,대전광역시 유성구 방동,경상사고,0,0,1,0,차대차 - 추돌,안전거리미확보,건조,맑음,단일로 - 기타,승용,여,31세,상해없음,승용,여,54세,경상
2016060200100521,2016년 6월 2일 18시,목요일,대전광역시 중구 대사동,경상사고,0,0,1,0,차대차 - 측면직각충돌,교차로운행방법위반,건조,맑음,단일로 - 기타,승용,남,62세,상해없음,원동기,남,71세,경상
2016060200100522,2016년 6월 2일 18시,목요일,대전광역시 대덕구 중리동,부상신고사고,0,0,0,1,차대사람 - 차도통행중,안전운전불이행,건조,맑음,교차로 - 교차로안,기타불명,기타불명,기타불명,기타불명,보행자,남,8세,부상신고
2016060200100596,2016년 6월 2일 20시,목요일,대전광역시 서구 갈마동,경상사고,0,0,1,0,차대차 - 추돌,안전운전불이행,건조,맑음,단일로 - 기타,승용,남,46세,기타불명,승용,남,31세,경상
2016060200100629,2016년 6월 2일 21시,목요일,대전광역시 동구 홍도동,중상사고,0,2,0,0,차대사람 - 횡단중,보행자보호의무위반,건조,맑음,교차로 - 교차로안,승합,남,58세,상해없음,보행자,여,35세,중상
2016060300100109,2016년 6월 3일 07시,금요일,대전광역시 서구 둔산동,경상사고,0,0,1,0,차대차 - 추돌,안전운전불이행,건조,맑음,단일로 - 기타,승용,남,31세,기타불명,화물,남,48세,경상
2016060300100155,2016년 6월 3일 08시,금요일,대전광역시 동구 대성동,경상사고,0,0,2,0,차대차 - 추돌,안전거리미확보,건조,맑음,단일로 - 기타,승합,남,39세,상해없음,승용,여,44세,경상
2016060300100189,2016년 6월 3일 09시,금요일,대전광역시 서구 갈마동,경상사고,0,0,1,0,차대차 - 추돌,안전운전불이행,건조,맑음,교차로 - 교차로안,승용,남,68세,상해없음,승용,남,31세,경상
2016060300100220,2016년 6월 3일 10시,금요일,대전광역시 동구 대동,중상사고,0,1,0,0,차대사람 - 횡단중,신호위반,건조,맑음,단일로 - 횡단보도상,승용,여,63세,상해없음,보행자,여,45세,중상
2016060300100221,2016년 6월 3일 10시,금요일,대전광역시 동구 효동,경상사고,0,0,1,0,차대차 - 정면충돌,안전운전불이행,건조,맑음,단일로 - 기타,승용,남,55세,상해없음,자전거,여,35세,경상
2016060300100242,2016년 6월 3일 11시,금요일,대전광역시 서구 가장동,경상사고,0,0,2,0,차대차 - 측면직각충돌,차로위반,건조,맑음,단일로 - 기타,승용,여,53세,경상,건설기계,남,57세,경상
2016060300100273,2016년 6월 3일 12시,금요일,대전광역시 중구 용두동,경상사고,0,0,1,0,차대차 - 추돌,안전운전불이행,건조,맑음,단일로 - 기타,승용,남,47세,상해없음,승용,남,31세,경상
2016060300100274,2016년 6월 3일 12시,금요일,대전광역시 유성구 장대동,경상사고,0,0,1,0,차대차 - 기타,안전운전불이행,건조,맑음,단일로 - 기타,승합,남,42세,상해없음,자전거,남,50세,경상
2016060300100310,2016년 6월 3일 13시,금요일,대전광역시 유성구 상대동,경상사고,0,0,1,0,차대차 - 기타,신호위반,건조,맑음,교차로 - 교차로안,화물,여,58세,상해없음,승용,여,47세,경상
2016060300100352,2016년 6월 3일 14시,금요일,대전광역시 대덕구 상서동,중상사고,0,1,1,0,차대차 - 측면직각충돌,안전운전불이행,건조,맑음,단일로 - 기타,승용,남,47세,기타불명,승용,남,46세,중상
2016060300100353,2016년 6월 3일 14시,금요일,대전광역시 서구 갈마동,경상사고,0,0,1,0,차대사람 - 기타,기타,건조,맑음,단일로 - 기타,승용,남,45세,상해없음,보행자,남,23세,경상
2016060300100354,2016년 6월 3일 14시,금요일,대전광역시 유성구 노은동,경상사고,0,0,1,0,차대차 - 기타,신호위반,건조,맑음,교차로 - 교차로안,승용,남,34세,상해없음,승용,여,43세,경상
2016060300100393,2016년 6월 3일 15시,금요일,대전광역시 유성구 지족동,경상사고,0,0,1,0,차대차 - 기타,안전운전불이행,건조,맑음,교차로 - 교차로안,승용,여,37세,상해없음,자전거,남,11세,경상
2016060300100430,2016년 6월 3일 16시,금요일,대전광역시 중구 문화동,중상사고,0,3,0,0,차대차 - 정면충돌,중앙선침범,건조,맑음,단일로 - 기타,승용,남,34세,기타불명,승용,남,64세,중상
2016060300100431,2016년 6월 3일 16시,금요일,대전광역시 대덕구 송촌동,중상사고,0,1,0,0,차대사람 - 기타,안전운전불이행,건조,맑음,단일로 - 기타,승용,여,46세,상해없음,보행자,여,78세,중상
2016060300100576,2016년 6월 3일 19시,금요일,대전광역시 서구 관저동,경상사고,0,0,3,0,차대차 - 측면직각충돌,안전거리미확보,건조,맑음,단일로 - 기타,승용,여,23세,상해없음,승용,여,37세,경상
2016060300100617,2016년 6월 3일 20시,금요일,대전광역시 중구 산성동,경상사고,0,0,1,0,차대사람 - 횡단중,안전운전불이행,기타,맑음,기타 - 기타,승용,남,52세,기타불명,보행자,여,20세,경상
2016060300100618,2016년 6월 3일 20시,금요일,대전광역시 서구 괴정동,경상사고,0,0,1,0,차대차 - 측면직각충돌,안전운전불이행,건조,맑음,단일로 - 기타,승용,남,43세,상해없음,자전거,남,14세,경상
2016060300100619,2016년 6월 3일 20시,금요일,대전광역시 유성구 궁동,경상사고,0,0,1,0,차대사람 - 기타,안전운전불이행,건조,맑음,단일로 - 기타,승용,남,46세,상해없음,보행자,남,31세,경상
2016060300100693,2016년 6월 3일 22시,금요일,대전광역시 유성구 용산동,경상사고,0,0,1,0,차대차 - 측면충돌,교차로운행방법위반,건조,맑음,교차로 - 교차로안,승용,여,30세,상해없음,승용,여,58세,경상
2016060300100719,2016년 6월 3일 23시,금요일,대전광역시 유성구 문지동,중상사고,0,1,0,0,차대차 - 측면직각충돌,안전운전불이행,건조,맑음,단일로 - 기타,기타불명,기타불명,기타불명,기타불명,자전거,남,57세,중상
2016060400100023,2016년 6월 4일 00시,토요일,대전광역시 유성구 원신흥동,경상사고,0,0,2,0,차대차 - 추돌,중앙선침범,건조,맑음,단일로 - 기타,승용,남,40세,상해없음,승용,남,38세,경상
2016060400100043,2016년 6월 4일 01시,토요일,대전광역시 서구 내동,경상사고,0,0,1,0,차대차 - 측면직각충돌,안전운전불이행,건조,맑음,단일로 - 기타,승용,남,44세,상해없음,승용,여,51세,경상
2016060400100044,2016년 6월 4일 01시,토요일,대전광역시 서구 둔산동,중상사고,0,2,0,0,차대차 - 측면직각충돌,신호위반,건조,맑음,교차로 - 교차로안,승용,남,32세,상해없음,승용,남,63세,중상
2016060400100045,2016년 6월 4일 01시,토요일,대전광역시 서구 갈마동,경상사고,0,0,1,0,차대사람 - 기타,안전운전불이행,건조,맑음,단일로 - 기타,기타불명,기타불명,기타불명,기타불명,보행자,여,40세,경상
2016060400100128,2016년 6월 4일 07시,토요일,대전광역시 서구 월평동,중상사고,0,1,0,0,차대차 - 정면충돌,중앙선침범,건조,맑음,교차로 - 교차로부근,승용,여,37세,상해없음,승용,남,69세,중상
2016060400100149,2016년 6월 4일 08시,토요일,대전광역시 동구 성남동,경상사고,0,0,1,0,차대사람 - 기타,안전운전불이행,건조,맑음,단일로 - 기타,승용,남,28세,상해없음,보행자,남,59세,경상
2016060400100182,2016년 6월 4일 09시,토요일,대전광역시 동구 가오동,부상신고사고,0,0,0,1,차대차 - 측면충돌,교차로운행방법위반,건조,맑음,교차로 - 교차로안,승용,여,45세,상해없음,승용,여,56세,부상신고
2016060400100183,2016년 6월 4일 09시,토요일,대전광역시 동구 용전동,경상사고,0,0,1,0,차대차 - 추돌,안전운전불이행,건조,맑음,단일로 - 기타,승용,남,57세,상해없음,승용,남,43세,경상
2016060400100293,2016년 6월 4일 12시,토요일,대전광역시 동구 용전동,경상사고,0,0,3,0,차대차 - 측면직각충돌,안전운전불이행,건조,맑음,교차로 - 교차로안,승용,남,32세,상해없음,승용,남,35세,경상
2016060400100335,2016년 6월 4일 13시,토요일,대전광역시 유성구 구암동,경상사고,0,0,1,0,차대사람 - 길가장자리구역통행중,안전운전불이행,건조,맑음,교차로 - 교차로안,승용,남,55세,상해없음,보행자,남,20세,경상
2016060400100387,2016년 6월 4일 14시,토요일,대전광역시 서구 둔산동,중상사고,0,1,0,0,차량단독 - 전도전복,안전거리미확보,건조,맑음,교차로 - 교차로안,이륜,남,59세,중상,,,,
2016060400100428,2016년 6월 4일 15시,토요일,대전광역시 중구 유천동,중상사고,0,1,0,0,차대차 - 측면충돌,신호위반,건조,맑음,교차로 - 교차로안,승용,남,57세,상해없음,이륜,남,29세,중상
2016060400100429,2016년 6월 4일 15시,토요일,대전광역시 중구 태평동,경상사고,0,0,1,0,차대차 - 측면충돌,신호위반,건조,맑음,단일로 - 기타,승용,여,42세,상해없음,자전거,여,62세,경상
2016060400100430,2016년 6월 4일 15시,토요일,대전광역시 대덕구 법동,부상신고사고,0,0,0,3,차량단독 - 전도전복,안전운전불이행,건조,맑음,교차로 - 교차로부근,승용,여,26세,부상신고,,,,
2016060400100468,2016년 6월 4일 16시,토요일,대전광역시 유성구 전민동,경상사고,0,0,2,0,차대차 - 측면충돌,안전운전불이행,건조,맑음,단일로 - 기타,승용,남,51세,기타불명,승용,남,51세,경상
2016060400100469,2016년 6월 4일 16시,토요일,대전광역시 유성구 용계동,경상사고,0,0,3,0,차대차 - 추돌,안전운전불이행,건조,맑음,단일로 - 기타,승용,여,54세,상해없음,승용,여,49세,경상
2016060400100502,2016년 6월 4일 17시,토요일,대전광역시 서구 탄방동,경상사고,0,0,1,0,차대차 - 측면충돌,안전운전불이행,습기,비,단일로 - 기타,승용,남,26세,상해없음,승용,남,21세,경상
2016060400100623,2016년 6월 4일 21시,토요일,대전광역시 서구 둔산동,경상사고,0,0,1,0,차대사람 - 차도통행중,안전운전불이행,건조,맑음,교차로 - 교차로부근,승용,남,61세,상해없음,보행자,남,39세,경상
2016060400100656,2016년 6월 4일 22시,토요일,대전광역시 중구 유천동,경상사고,0,0,5,0,차대차 - 추돌,안전운전불이행,건조,맑음,교차로 - 교차로부근,승용,남,54세,상해없음,승합,남,49세,상해없음
2016060500100049,2016년 6월 5일 03시,일요일,대전광역시 서구 관저동,경상사고,0,0,1,0,차대차 - 측면충돌,신호위반,건조,맑음,교차로 - 교차로안,승용,남,63세,상해없음,승용,남,26세,경상
2016060500100209,2016년 6월 5일 12시,일요일,대전광역시 서구 월평동,경상사고,0,0,1,0,차대차 - 정면충돌,안전운전불이행,건조,맑음,단일로 - 기타,화물,남,64세,상해없음,승용,남,46세,경상
2016060500100244,2016년 6월 5일 13시,일요일,대전광역시 대덕구 법동,경상사고,0,0,1,0,차대사람 - 기타,기타,건조,맑음,단일로 - 기타,승합,남,39세,상해없음,보행자,여,26세,경상
2016060500100283,2016년 6월 5일 14시,일요일,대전광역시 유성구 원내동,경상사고,0,0,5,0,차대차 - 추돌,안전거리미확보,건조,맑음,단일로 - 기타,승용,남,55세,경상,승용,남,41세,경상
2016060500100284,2016년 6월 5일 14시,일요일,대전광역시 유성구 구성동,경상사고,0,0,1,0,차대차 - 측면직각충돌,직진우회전진행방해,건조,맑음,교차로 - 교차로안,승용,남,51세,상해없음,승용,여,32세,경상
2016060500100354,2016년 6월 5일 16시,일요일,대전광역시 중구 안영동,경상사고,0,0,1,0,차대차 - 측면충돌,안전운전불이행,건조,맑음,교차로 - 교차로부근,승용,여,59세,상해없음,승용,여,41세,경상
2016060500100355,2016년 6월 5일 16시,일요일,대전광역시 서구 도안동,경상사고,0,0,5,0,차대차 - 추돌,안전운전불이행,건조,맑음,교차로 - 교차로부근,화물,남,59세,상해없음,승용,남,40세,경상
2016060500100356,2016년 6월 5일 16시,일요일,대전광역시 대덕구 법동,중상사고,0,1,0,0,차대사람 - 횡단중,안전운전불이행,건조,맑음,단일로 - 횡단보도상,승합,남,48세,상해없음,보행자,남,45세,중상
2016060500100357,2016년 6월 5일 16시,일요일,대전광역시 서구 탄방동,경상사고,0,0,3,0,차대차 - 측면직각충돌,안전운전불이행,건조,맑음,단일로 - 기타,원동기,남,19세,경상,승용,여,34세,경상
2016060500100399,2016년 6월 5일 17시,일요일,대전광역시 동구 용운동,경상사고,0,0,2,0,차대차 - 기타,안전운전불이행,건조,맑음,단일로 - 기타,승용,남,42세,상해없음,승용,남,24세,경상
2016060500100450,2016년 6월 5일 18시,일요일,대전광역시 서구 월평동,경상사고,0,0,2,0,차대차 - 추돌,안전운전불이행,건조,맑음,교차로 - 교차로안,승용,여,49세,상해없음,승용,남,55세,경상
2016060500100451,2016년 6월 5일 18시,일요일,대전광역시 서구 탄방동,중상사고,0,1,3,0,차대차 - 측면직각충돌,교차로운행방법위반,건조,맑음,교차로 - 교차로안,승용,남,65세,상해없음,승용,남,24세,경상
2016060500100452,2016년 6월 5일 18시,일요일,대전광역시 서구 월평동,중상사고,0,2,2,0,차대차 - 측면직각충돌,교차로운행방법위반,건조,맑음,교차로 - 교차로안,승용,여,51세,중상,승용,남,26세,경상
2016060500100478,2016년 6월 5일 19시,일요일,대전광역시 중구 용두동,경상사고,0,0,1,0,차대차 - 추돌,안전운전불이행,건조,맑음,단일로 - 기타,승용,남,72세,상해없음,원동기,남,49세,경상