사고번호,사고일시,요일,시군구,사고내용,사망자수,중상자수,경상자수,부상신고자수,사고유형,법규위반,노면상태,기상상태,도로형태,가해운전자 차종,가해운전자 성별,가해운전자 연령,가해운전자 상해정도,피해운전자 차종,피해운전자 성별,피해운전자 연령,피해운전자 상해정도
2016060500100479,2016년 6월 5일 19시,일요일,대전광역시 서구 도마동,경상사고,0,0,2,0,차대차 - 측면충돌,안전운전불이행,건조,맑음,교차로 - 교차로안,승용,남,46세,상해없음,승용,남,51세,경상
2016060500100480,2016년 6월 5일 19시,일요일,대전광역시 유성구 봉명동,경상사고,0,0,1,0,차대사람 - 보도통행중,기타,건조,맑음,단일로 - 기타,이륜,남,49세,기타불명,보행자,남,23세,경상
2016060500100510,2016년 6월 5일 20시,일요일,대전광역시 중구 태평동,경상사고,0,0,1,0,차대사람 - 횡단중,안전운전불이행,건조,맑음,교차로 - 교차로안,승용,남,50세,상해없음,보행자,여,20세,경상
2016060500100511,2016년 6월 5일 20시,일요일,대전광역시 동구 낭월동,중상사고,0,1,0,0,차량단독 - 전도전복,안전운전불이행,건조,맑음,단일로 - 기타,원동기,남,54세,중상,,,,
2016060500100512,2016년 6월 5일 20시,일요일,대전광역시 서구 용문동,중상사고,0,1,0,0,차대차 - 추돌,안전운전불이행,건조,맑음,교차로 - 교차로안,승용,남,28세,상해없음,승용,남,42세,중상
2016060500100513,2016년 6월 5일 20시,일요일,대전광역시 서구 탄방동,경상사고,0,0,4,0,차대차 - 측면직각충돌,안전운전불이행,건조,맑음,교차로 - 교차로안,승용,남,34세,경상,승용,남,33세,경상
2016060500100538,2016년 6월 5일 21시,일요일,대전광역시 서구 괴정동,경상사고,0,0,1,0,차대사람 - 횡단중,안전운전불이행,건조,맑음,단일로 - 기타,승용,여,48세,상해없음,보행자,남,44세,경상
2016060500100539,2016년 6월 5일 21시,일요일,대전광역시 유성구 구암동,중상사고,0,1,0,0,차대사람 - 횡단중,안전운전불이행,건조,맑음,교차로 - 교차로부근,승용,남,48세,상해없음,보행자,여,81세,중상
2016060500100563,2016년 6월 5일 22시,일요일,대전광역시 서구 내동,중상사고,0,1,0,0,차대차 - 측면충돌,안전운전불이행,건조,맑음,교차로 - 교차로부근,승용,남,42세,상해없음,승용,남,61세,중상
2016060500100564,2016년 6월 5일 22시,일요일,대전광역시 서구 괴정동,경상사고,0,0,2,0,차대차 - 추돌,안전거리미확보,건조,맑음,교차로 - 교차로부근,승용,남,34세,경상,승합,남,47세,경상
2016060500100565,2016년 6월 5일 22시,일요일,대전광역시 서구 용문동,경상사고,0,0,2,0,차대차 - 측면충돌,신호위반,건조,맑음,교차로 - 교차로안,승용,여,45세,경상,승용,남,56세,경상
2016060600100057,2016년 6월 6일 04시,월요일,대전광역시 유성구 노은동,경상사고,0,0,1,0,차대차 - 측면충돌,안전거리미확보,건조,맑음,교차로 - 교차로안,승용,여,41세,기타불명,승용,여,50세,경상
2016060600100077,2016년 6월 6일 06시,월요일,대전광역시 중구 유천동,경상사고,0,0,1,0,차대차 - 추돌,안전거리미확보,건조,맑음,교차로 - 교차로부근,승합,남,54세,상해없음,화물,남,50세,경상
2016060600100121,2016년 6월 6일 09시,월요일,대전광역시 서구 만년동,경상사고,0,0,4,0,차대차 - 추돌,안전거리미확보,습기,비,교차로 - 교차로부근,화물,남,53세,상해없음,승용,남,24세,경상
2016060600100122,2016년 6월 6일 09시,월요일,대전광역시 유성구 장대동,경상사고,0,0,1,0,차대차 - 측면직각충돌,안전운전불이행,건조,맑음,교차로 - 교차로안,승용,남,39세,상해없음,승용,여,48세,경상
2016060600100144,2016년 6월 6일 10시,월요일,대전광역시 동구 성남동,경상사고,0,0,1,0,차대사람 - 횡단중,보행자보호의무위반,건조,흐림,단일로 - 기타,승합,남,43세,상해없음,보행자,남,32세,경상
2016060600100165,2016년 6월 6일 11시,월요일,대전광역시 중구 석교동,중상사고,0,1,0,0,차대차 - 추돌,교차로운행방법위반,건조,맑음,교차로 - 교차로안,화물,남,61세,상해없음,자전거,남,13세,중상
2016060600100219,2016년 6월 6일 13시,월요일,대전광역시 동구 용전동,경상사고,0,0,1,0,차대차 - 측면충돌,안전운전불이행,건조,맑음,교차로 - 교차로안,승용,남,75세,상해없음,승용,여,25세,경상
2016060600100258,2016년 6월 6일 14시,월요일,대전광역시 유성구 전민동,경상사고,0,0,1,0,차대사람 - 횡단중,안전운전불이행,건조,맑음,단일로 - 기타,승용,여,44세,상해없음,보행자,남,34세,경상
2016060600100259,2016년 6월 6일 14시,월요일,대전광역시 유성구 궁동,중상사고,0,1,2,0,차대사람 - 기타,기타,건조,맑음,단일로 - 기타,승용,남,78세,상해없음,보행자,남,25세,중상
2016060600100296,2016년 6월 6일 15시,월요일,대전광역시 중구 대흥동,중상사고,0,1,0,0,차대사람 - 횡단중,안전운전불이행,건조,맑음,단일로 - 기타,승용,남,63세,상해없음,보행자,남,51세,중상
2016060600100353,2016년 6월 6일 17시,월요일,대전광역시 서구 정림동,경상사고,0,0,1,0,차대차 - 추돌,안전거리미확보,건조,맑음,단일로 - 기타,화물,남,70세,기타불명,승용,남,45세,경상
2016060600100395,2016년 6월 6일 19시,월요일,대전광역시 대덕구 신탄진동,경상사고,0,0,2,0,차대차 - 측면충돌,안전운전불이행,건조,맑음,단일로 - 기타,화물,남,41세,상해없음,승용,남,67세,경상
2016060700100019,2016년 6월 7일 01시,화요일,대전광역시 서구 탄방동,경상사고,0,0,1,0,차대차 - 측면직각충돌,신호위반,건조,맑음,교차로 - 교차로안,승용,남,25세,상해없음,승용,남,36세,상해없음
2016060700100038,2016년 6월 7일 05시,화요일,대전광역시 동구 홍도동,중상사고,0,1,0,0,차대차 - 측면충돌,안전운전불이행,건조,맑음,교차로 - 교차로안,승용,남,24세,상해없음,승용,남,37세,중상
2016060700100058,2016년 6월 7일 06시,화요일,대전광역시 대덕구 대화동,중상사고,0,2,1,0,차량단독 - 공작물충돌,안전운전불이행,습기,비,단일로 - 기타,승용,남,43세,중상,,,,
2016060700100059,2016년 6월 7일 06시,화요일,대전광역시 유성구 궁동,경상사고,0,0,1,0,차대사람 - 횡단중,안전운전불이행,건조,맑음,단일로 - 기타,승용,남,61세,상해없음,보행자,남,35세,경상
2016060700100137,2016년 6월 7일 08시,화요일,대전광역시 대덕구 중리동,경상사고,0,0,1,0,차대차 - 추돌,안전운전불이행,건조,맑음,단일로 - 기타,승합,남,57세,상해없음,승용,여,46세,경상
2016060700100138,2016년 6월 7일 08시,화요일,대전광역시 유성구 송강동,중상사고,0,1,0,0,차대차 - 측면충돌,신호위반,습기,비,교차로 - 교차로안,자전거,남,33세,중상,승용,여,35세,상해없음
2016060700100139,2016년 6월 7일 08시,화요일,대전광역시 유성구 원내동,경상사고,0,0,1,0,차대사람 - 횡단중,안전운전불이행,건조,맑음,교차로 - 교차로안,승용,여,35세,상해없음,보행자,여,33세,경상
2016060700100192,2016년 6월 7일 10시,화요일,대전광역시 대덕구 오정동,경상사고,0,0,1,0,차대차 - 측면직각충돌,안전운전불이행,건조,맑음,단일로 - 기타,승용,남,47세,상해없음,자전거,남,71세,경상
2016060700100252,2016년 6월 7일 12시,화요일,대전광역시 대덕구 오정동,경상사고,0,0,1,0,차대차 - 측면충돌,안전운전불이행,건조,맑음,단일로 - 기타,화물,남,49세,상해없음,자전거,여,54세,경상
2016060700100253,2016년 6월 7일 12시,화요일,대전광역시 유성구 전민동,부상신고사고,0,0,0,2,차대차 - 추돌,안전운전불이행,건조,맑음,단일로 - 기타,승용,남,74세,부상신고,승용,남,34세,부상신고
2016060700100285,2016년 6월 7일 13시,화요일,대전광역시 서구 가수원동,경상사고,0,0,1,0,차대차 - 측면직각충돌,안전운전불이행,건조,맑음,단일로 - 기타,승합,남,28세,상해없음,승용,남,49세,경상
2016060700100286,2016년 6월 7일 13시,화요일,대전광역시 유성구 노은동,중상사고,0,1,0,0,차대차 - 측면직각충돌,교차로운행방법위반,건조,맑음,교차로 - 교차로안,원동기,남,53세,중상,승용,여,49세,상해없음
2016060700100352,2016년 6월 7일 15시,화요일,대전광역시 중구 옥계동,경상사고,0,0,1,0,차대차 - 추돌,안전운전불이행,건조,맑음,단일로 - 기타,승용,남,54세,상해없음,자전거,여,57세,경상
2016060700100353,2016년 6월 7일 15시,화요일,대전광역시 유성구 관평동,경상사고,0,0,1,0,차대차 - 측면직각충돌,신호위반,건조,맑음,교차로 - 교차로안,승용,남,49세,상해없음,승용,남,27세,경상
2016060700100387,2016년 6월 7일 16시,화요일,대전광역시 대덕구 비래동,경상사고,0,0,2,0,차대차 - 추돌,안전운전불이행,건조,맑음,단일로 - 기타,승용,남,53세,상해없음,승용,남,50세,상해없음
2016060700100434,2016년 6월 7일 17시,화요일,대전광역시 중구 문화동,경상사고,0,0,1,0,차대차 - 추돌,안전운전불이행,건조,맑음,교차로 - 교차로안,승용,여,48세,상해없음,승용,남,35세,경상
2016060700100435,2016년 6월 7일 17시,화요일,대전광역시 동구 자양동,경상사고,0,0,1,0,차대차 - 추돌,안전운전불이행,건조,맑음,교차로 - 교차로부근,승용,남,59세,상해없음,승용,여,51세,경상
2016060700100436,2016년 6월 7일 17시,화요일,대전광역시 서구 둔산동,경상사고,0,0,4,0,차대차 - 측면충돌,교차로운행방법위반,건조,맑음,교차로 - 교차로안,승용,남,54세,상해없음,승용,남,23세,경상
2016060700100476,2016년 6월 7일 18시,화요일,대전광역시 서구 둔산동,경상사고,0,0,1,0,차대사람 - 기타,신호위반,건조,맑음,교차로 - 교차로부근,승용,여,46세,상해없음,보행자,남,7세,경상
2016060700100567,2016년 6월 7일 21시,화요일,대전광역시 서구 둔산동,경상사고,0,0,1,0,차대차 - 기타,안전운전불이행,건조,맑음,단일로 - 기타,승용,남,30세,상해없음,화물,남,45세,경상
2016060700100568,2016년 6월 7일 21시,화요일,대전광역시 서구 탄방동,경상사고,0,0,1,0,차대사람 - 차도통행중,안전운전불이행,건조,맑음,단일로 - 기타,승용,여,54세,상해없음,보행자,여,15세,경상
2016060700100569,2016년 6월 7일 21시,화요일,대전광역시 유성구 봉명동,경상사고,0,0,1,0,차대사람 - 기타,안전운전불이행,건조,맑음,단일로 - 기타,승용,여,41세,상해없음,보행자,남,46세,경상
2016060700100593,2016년 6월 7일 22시,화요일,대전광역시 서구 월평동,경상사고,0,0,1,0,차대차 - 기타,안전운전불이행,건조,맑음,단일로 - 기타,승용,여,44세,상해없음,승용,남,26세,경상
2016060800100039,2016년 6월 8일 04시,수요일,대전광역시 서구 변동,사망사고,1,0,0,0,차대사람 - 횡단중,안전운전불이행,건조,맑음,교차로 - 교차로안,승용,남,55세,상해없음,보행자,남,76세,사망
2016060800100124,2016년 6월 8일 08시,수요일,대전광역시 중구 문창동,중상사고,0,1,0,0,차대사람 - 횡단중,안전운전불이행,건조,맑음,교차로 - 교차로안,승용,남,58세,상해없음,보행자,여,86세,중상
2016060800100125,2016년 6월 8일 08시,수요일,대전광역시 중구 선화동,경상사고,0,0,1,0,차대사람 - 횡단중,신호위반,건조,맑음,교차로 - 교차로안,승용,남,61세,상해없음,보행자,여,69세,경상
2016060800100126,2016년 6월 8일 08시,수요일,대전광역시 서구 가장동,경상사고,0,0,1,0,차대차 - 측면직각충돌,차로위반,건조,맑음,단일로 - 기타,승용,여,47세,상해없음,승용,남,30세,경상
2016060800100127,2016년 6월 8일 08시,수요일,대전광역시 대덕구 중리동,경상사고,0,0,1,0,차대차 - 측면충돌,안전운전불이행,건조,맑음,단일로 - 기타,승용,여,56세,상해없음,승합,남,49세,상해없음
2016060800100162,2016년 6월 8일 09시,수요일,대전광역시 서구 가장동,중상사고,0,1,0,0,차대차 - 측면직각충돌,불법유턴,건조,맑음,단일로 - 기타,자전거,남,53세,중상,승용,남,71세,상해없음
2016060800100163,2016년 6월 8일 09시,수요일,대전광역시 서구 월평동,중상사고,0,1,0,0,차대차 - 기타,신호위반,건조,맑음,교차로 - 교차로안,승용,남,45세,상해없음,이륜,남,33세,중상
2016060800100164,2016년 6월 8일 09시,수요일,대전광역시 유성구 봉명동,경상사고,0,0,2,0,차대차 - 측면직각충돌,직진우회전진행방해,건조,맑음,교차로 - 교차로안,승용,여,53세,상해없음,승용,남,50세,경상
2016060800100193,2016년 6월 8일 10시,수요일,대전광역시 대덕구 중리동,경상사고,0,0,1,0,차대차 - 측면직각충돌,안전운전불이행,건조,맑음,단일로 - 기타,승용,여,51세,상해없음,원동기,남,37세,경상
2016060800100260,2016년 6월 8일 13시,수요일,대전광역시 서구 둔산동,경상사고,0,0,1,0,차대사람 - 횡단중,보행자보호의무위반,건조,맑음,단일로 - 횡단보도상,승용,남,40세,상해없음,보행자,여,35세,경상
2016060800100261,2016년 6월 8일 13시,수요일,대전광역시 유성구 봉명동,경상사고,0,0,1,0,차대차 - 측면충돌,중앙선침범,건조,맑음,단일로 - 기타,원동기,남,19세,상해없음,승용,여,32세,경상
2016060800100262,2016년 6월 8일 13시,수요일,대전광역시 유성구 구암동,경상사고,0,0,1,0,차대차 - 기타,안전운전불이행,건조,맑음,단일로 - 횡단보도상,기타불명,기타불명,기타불명,기타불명,자전거,남,74세,경상
2016060800100292,2016년 6월 8일 14시,수요일,대전광역시 서구 변동,경상사고,0,0,1,0,차대차 - 측면직각충돌,안전운전불이행,건조,맑음,단일로 - 기타,승용,남,56세,상해없음,승용,여,44세,경상
2016060800100328,2016년 6월 8일 15시,수요일,대전광역시 유성구 송강동,경상사고,0,0,1,0,차대차 - 기타,교차로운행방법위반,건조,맑음,교차로 - 교차로안,승용,남,67세,상해없음,자전거,남,10세,경상
2016060800100439,2016년 6월 8일 18시,수요일,대전광역시 동구 홍도동,경상사고,0,0,2,0,차대차 - 측면직각충돌,안전운전불이행,건조,맑음,교차로 - 교차로안,화물,남,25세,상해없음,승용,여,35세,경상
2016060800100502,2016년 6월 8일 20시,수요일,대전광역시 대덕구 중리동,중상사고,0,1,1,0,차대차 - 추돌,안전운전불이행,습기,흐림,교차로 - 교차로안,승용,남,69세,상해없음,승용,여,52세,경상
2016060800100549,2016년 6월 8일 22시,수요일,대전광역시 동구 용전동,중상사고,0,1,0,0,차대사람 - 횡단중,안전운전불이행,건조,맑음,단일로 - 기타,승용,남,48세,상해없음,보행자,여,81세,중상
2016060800100550,2016년 6월 8일 22시,수요일,대전광역시 동구 자양동,중상사고,0,1,0,0,차대차 - 측면충돌,안전운전불이행,건조,맑음,단일로 - 기타,승용,남,30세,상해없음,이륜,남,21세,중상
2016060800100567,2016년 6월 8일 23시,수요일,대전광역시 중구 대흥동,경상사고,0,0,1,0,차대사람 - 길가장자리구역통행중,안전운전불이행,건조,맑음,교차로 - 교차로안,기타불명,기타불명,기타불명,기타불명,보행자,여,23세,경상
2016060800100568,2016년 6월 8일 23시,수요일,대전광역시 대덕구 송촌동,경상사고,0,0,1,0,차대사람 - 차도통행중,안전운전불이행,건조,맑음,단일로 - 기타,승용,남,45세,기타불명,보행자,남,38세,경상
2016060900100009,2016년 6월 9일 00시,목요일,대전광역시 동구 삼성동,중상사고,0,2,0,0,차대차 - 측면직각충돌,신호위반,건조,맑음,교차로 - 교차로안,승용,남,60세,상해없음,화물,남,37세,상해없음
2016060900100052,2016년 6월 9일 05시,목요일,대전광역시 대덕구 법동,중상사고,0,1,0,0,차대차 - 측면직각충돌,안전운전불이행,건조,맑음,단일로 - 기타,승용,여,57세,상해없음,승용,남,36세,중상
2016060900100067,2016년 6월 9일 06시,목요일,대전광역시 중구 대사동,중상사고,0,1,1,0,차대차 - 추돌,안전운전불이행,건조,맑음,교차로 - 교차로안,승용,여,49세,상해없음,승용,남,64세,중상
2016060900100068,2016년 6월 9일 06시,목요일,대전광역시 동구 가양동,경상사고,0,0,1,0,차량단독 - 기타,기타,건조,맑음,교차로 - 교차로부근,승합,남,46세,상해없음,,,,
2016060900100122,2016년 6월 9일 08시,목요일,대전광역시 중구 선화동,경상사고,0,0,1,0,차대차 - 추돌,안전운전불이행,건조,맑음,단일로 - 기타,승용,남,27세,상해없음,승용,남,64세,경상
2016060900100123,2016년 6월 9일 08시,목요일,대전광역시 동구 가양동,경상사고,0,0,1,0,차량단독 - 기타,기타,건조,맑음,단일로 - 기타,승합,남,52세,상해없음,,,,
2016060900100183,2016년 6월 9일 10시,목요일,대전광역시 대덕구 중리동,중상사고,0,1,0,0,차대사람 - 기타,안전운전불이행,건조,맑음,교차로 - 교차로부근,화물,남,50세,상해없음,보행자,여,56세,중상
2016060900100209,2016년 6월 9일 11시,목요일,대전광역시 서구 도마동,경상사고,0,0,1,0,차대차 - 측면직각충돌,안전운전불이행,건조,맑음,교차로 - 교차로안,승용,여,55세,상해없음,화물,남,36세,경상
2016060900100210,2016년 6월 9일 11시,목요일,대전광역시 유성구 봉명동,경상사고,0,0,1,0,차대사람 - 길가장자리구역통행중,안전운전불이행,건조,맑음,단일로 - 기타,승용,남,54세,상해없음,보행자,남,24세,경상
2016060900100250,2016년 6월 9일 13시,목요일,대전광역시 중구 대흥동,경상사고,0,0,2,0,차대차 - 측면직각충돌,교차로운행방법위반,건조,맑음,교차로 - 교차로부근,승용,남,56세,상해없음,승용,여,56세,경상
2016060900100251,2016년 6월 9일 13시,목요일,대전광역시 동구 판암동,경상사고,0,0,2,0,차대차 - 측면충돌,교차로운행방법위반,건조,맑음,교차로 - 교차로안,승합,남,59세,상해없음,승용,여,67세,경상
2016060900100285,2016년 6월 9일 14시,목요일,대전광역시 중구 대흥동,중상사고,0,1,0,0,차대사람 - 횡단중,안전운전불이행,건조,맑음,교차로 - 교차로부근,승용,남,50세,상해없음,보행자,여,64세,중상
2016060900100310,2016년 6월 9일 15시,목요일,대전광역시 유성구 방동,중상사고,0,1,0,0,차대차 - 측면직각충돌,신호위반,건조,맑음,교차로 - 교차로안,승용,여,46세,상해없음,이륜,남,75세,중상
2016060900100348,2016년 6월 9일 16시,목요일,대전광역시 유성구 봉명동,중상사고,0,1,0,0,차대차 - 기타,중앙선침범,건조,맑음,교차로 - 교차로부근,자전거,남,82세,중상,승용,남,67세,상해없음
2016060900100451,2016년 6월 9일 18시,목요일,대전광역시 유성구 봉명동,중상사고,0,1,0,0,차대차 - 정면충돌,안전운전불이행,건조,맑음,단일로 - 기타,승용,남,50세,상해없음,원동기,남,45세,중상
2016060900100452,2016년 6월 9일 18시,목요일,대전광역시 유성구 장대동,경상사고,0,0,1,0,차대차 - 추돌,차로위반,건조,맑음,단일로 - 기타,화물,남,44세,상해없음,승용,남,45세,경상
2016060900100490,2016년 6월 9일 19시,목요일,대전광역시 유성구 원내동,경상사고,0,0,2,0,차대차 - 정면충돌,안전거리미확보,건조,맑음,단일로 - 기타,화물,남,56세,상해없음,승용,남,39세,경상
2016060900100515,2016년 6월 9일 20시,목요일,대전광역시 대덕구 대화동,경상사고,0,0,1,0,차대차 - 측면직각충돌,안전운전불이행,건조,맑음,단일로 - 기타,승용,남,55세,상해없음,승용,남,44세,경상
2016060900100516,2016년 6월 9일 20시,목요일,대전광역시 서구 둔산동,경상사고,0,0,1,0,차대차 - 추돌,안전운전불이행,건조,맑음,교차로 - 교차로부근,승용,여,56세,상해없음,승용,여,43세,경상
2016060900100517,2016년 6월 9일 20시,목요일,대전광역시 유성구 구암동,경상사고,0,0,1,0,차대사람 - 기타,안전운전불이행,건조,맑음,단일로 - 기타,승용,남,62세,상해없음,보행자,남,47세,경상
2016060900100546,2016년 6월 9일 21시,목요일,대전광역시 중구 은행동,경상사고,0,0,1,0,차대사람 - 차도통행중,안전운전불이행,건조,맑음,단일로 - 기타,승용,남,53세,상해없음,보행자,남,50세,경상
2016060900100547,2016년 6월 9일 21시,목요일,대전광역시 서구 둔산동,경상사고,0,0,1,0,차대차 - 추돌,안전거리미확보,건조,맑음,단일로 - 기타,승용,남,53세,상해없음,승용,남,36세,경상
2016061000100018,2016년 6월 10일 00시,금요일,대전광역시 서구 관저동,경상사고,0,0,1,0,차량단독 - 공작물충돌,안전운전불이행,건조,맑음,교차로 - 교차로안,승합,남,60세,경상,,,,
2016061000100137,2016년 6월 10일 08시,금요일,대전광역시 동구 홍도동,경상사고,0,0,1,0,차대차 - 추돌,안전거리미확보,건조,맑음,미분류 - 미분류,화물,남,49세,상해없음,승용,여,60세,경상
2016061000100171,2016년 6월 10일 09시,금요일,대전광역시 서구 관저동,경상사고,0,0,1,0,차대차 - 측면직각충돌,신호위반,건조,맑음,교차로 - 교차로안,승용,여,54세,상해없음,승용,여,54세,경상
2016061000100172,2016년 6월 10일 09시,금요일,대전광역시 서구 만년동,경상사고,0,0,1,0,차대차 - 측면직각충돌,안전운전불이행,건조,맑음,단일로 - 기타,승합,여,55세,상해없음,승용,남,31세,경상
2016061000100302,2016년 6월 10일 13시,금요일,대전광역시 중구 목동,중상사고,0,1,0,0,차대사람 - 횡단중,안전운전불이행,건조,맑음,교차로 - 교차로부근,승용,남,55세,상해없음,보행자,여,80세,중상
2016061000100303,2016년 6월 10일 13시,금요일,대전광역시 서구 도안동,경상사고,0,0,1,0,차대차 - 측면직각충돌,안전거리미확보,건조,맑음,단일로 - 기타,승용,여,60세,상해없음,승용,여,43세,상해없음
2016061000100304,2016년 6월 10일 13시,금요일,대전광역시 대덕구 대화동,경상사고,0,0,1,0,차대차 - 측면직각충돌,직진우회전진행방해,건조,맑음,교차로 - 교차로안,화물,남,57세,상해없음,승용,여,49세,경상
2016061000100305,2016년 6월 10일 13시,금요일,대전광역시 서구 둔산동,중상사고,0,1,0,0,차대차 - 측면충돌,신호위반,건조,맑음,교차로 - 교차로안,승용,여,31세,상해없음,자전거,남,24세,중상
2016061000100306,2016년 6월 10일 13시,금요일,대전광역시 서구 갈마동,중상사고,0,1,0,0,차대사람 - 횡단중,안전운전불이행,건조,맑음,교차로 - 교차로부근,승용,남,33세,상해없음,보행자,여,70세,중상
2016061000100307,2016년 6월 10일 13시,금요일,대전광역시 유성구 하기동,경상사고,0,0,1,0,차대차 - 추돌,안전거리미확보,건조,맑음,단일로 - 기타,승용,여,50세,상해없음,원동기,남,49세,경상
2016061000100427,2016년 6월 10일 16시,금요일,대전광역시 동구 가양동,경상사고,0,0,1,0,차대차 - 추돌,안전운전불이행,건조,맑음,교차로 - 교차로안,승용,여,27세,상해없음,승용,여,38세,경상
2016061000100475,2016년 6월 10일 17시,금요일,대전광역시 유성구 탑립동,경상사고,0,0,2,0,차대차 - 측면충돌,안전운전불이행,건조,맑음,단일로 - 기타,승용,여,25세,상해없음,승용,남,52세,경상
2016061000100525,2016년 6월 10일 18시,금요일,대전광역시 중구 태평동,중상사고,0,1,0,0,차대차 - 측면직각충돌,안전운전불이행,건조,맑음,교차로 - 교차로안,원동기,남,65세,중상,승용,남,55세,상해없음
2016061000100560,2016년 6월 10일 19시,금요일,대전광역시 중구 선화동,경상사고,0,0,1,0,차대차 - 측면직각충돌,안전운전불이행,건조,맑음,교차로 - 교차로부근,승합,남,53세,상해없음,승용,남,50세,경상
2016061000100621,2016년 6월 10일 21시,금요일,대전광역시 중구 용두동,경상사고,0,0,3,0,차대차 - 측면충돌,신호위반,건조,맑음,교차로 - 교차로안,화물,남,40세,상해없음,승합,남,56세,경상
2016061000100658,2016년 6월 10일 22시,금요일,대전광역시 서구 월평동,경상사고,0,0,1,0,차대사람 - 횡단중,보행자보호의무위반,건조,맑음,교차로 - 교차로부근,기타불명,기타불명,기타불명,기타불명,보행자,남,24세,경상
2016061100100049,2016년 6월 11일 02시,토요일,대전광역시 유성구 구암동,경상사고,0,0,1,0,차대차 - 측면충돌,안전운전불이행,건조,맑음,단일로 - 기타,기타불명,기타불명,기타불명,기타불명,승용,남,34세,경상
2016061100100065,2016년 6월 11일 03시,토요일,대전광역시 유성구 봉명동,경상사고,0,0,1,3,차대차 - 측면충돌,안전운전불이행,건조,맑음,교차로 - 교차로부근,승용,여,37세,부상신고,승용,남,63세,부상신고
2016061100100127,2016년 6월 11일 07시,토요일,대전광역시 동구 주산동,경상사고,0,0,2,0,차대차 - 추돌,중앙선침범,건조,맑음,단일로 - 기타,건설기계,남,60세,상해없음,승용,남,51세,경상
2016061100100192,2016년 6월 11일 09시,토요일,대전광역시 동구 비룡동,사망사고,1,0,1,0,차대차 - 측면충돌,신호위반,건조,맑음,교차로 - 교차로안,이륜,남,76세,사망,건설기계,남,56세,경상
2016061100100221,2016년 6월 11일 10시,토요일,대전광역시 중구 대사동,경상사고,0,0,3,0,차대차 - 기타,안전운전불이행,건조,맑음,단일로 - 기타,승합,남,40세,상해없음,원동기,남,61세,경상
2016061100100222,2016년 6월 11일 10시,토요일,대전광역시 서구 괴정동,경상사고,0,0,1,0,차대사람 - 길가장자리구역통행중,안전운전불이행,건조,맑음,단일로 - 기타,승용,여,57세,상해없음,보행자,여,59세,경상
2016061100100247,2016년 6월 11일 11시,토요일,대전광역시 서구 복수동,경상사고,0,0,1,0,차대차 - 측면직각충돌,안전운전불이행,건조,맑음,단일로 - 기타,화물,기타불명,기타불명,기타불명,승용,여,43세,경상
2016061100100248,2016년 6월 11일 11시,토요일,대전광역시 서구 갈마동,경상사고,0,0,2,0,차대차 - 측면직각충돌,교차로운행방법위반,건조,맑음,교차로 - 교차로안,승용,남,56세,경상,화물,남,56세,경상
2016061100100249,2016년 6월 11일 11시,토요일,대전광역시 유성구 구암동,경상사고,0,0,1,1,차대차 - 추돌,교차로운행방법위반,건조,맑음,교차로 - 교차로안,승용,여,61세,상해없음,승용,남,38세,경상
2016061100100250,2016년 6월 11일 11시,토요일,대전광역시 유성구 노은동,경상사고,0,0,2,0,차대차 - 측면직각충돌,신호위반,건조,맑음,교차로 - 교차로안,승용,남,53세,상해없음,승용,여,28세,경상
2016061100100287,2016년 6월 11일 12시,토요일,대전광역시 중구 오류동,중상사고,0,1,2,0,차대차 - 측면충돌,안전운전불이행,건조,맑음,교차로 - 교차로안,승합,남,45세,상해없음,자전거,남,34세,중상
2016061100100288,2016년 6월 11일 12시,토요일,대전광역시 동구 판암동,경상사고,0,0,1,0,차대차 - 정면충돌,안전운전불이행,건조,맑음,단일로 - 기타,승용,남,55세,상해없음,화물,남,44세,경상
2016061100100289,2016년 6월 11일 12시,토요일,대전광역시 유성구 궁동,중상사고,0,1,0,0,차대사람 - 기타,안전운전불이행,건조,맑음,단일로 - 기타,승용,남,59세,상해없음,보행자,여,10세,중상
2016061100100329,2016년 6월 11일 13시,토요일,대전광역시 유성구 상대동,경상사고,0,0,1,0,차대차 - 기타,신호위반,건조,맑음,단일로 - 기타,승용,여,52세,상해없음,자전거,여,42세,경상
2016061100100360,2016년 6월 11일 14시,토요일,대전광역시 서구 괴정동,경상사고,0,0,1,0,차대차 - 측면충돌,중앙선침범,건조,맑음,교차로 - 교차로부근,원동기,남,17세,상해없음,승용,여,29세,경상
2016061100100361,2016년 6월 11일 14시,토요일,대전광역시 서구 월평동,경상사고,0,0,1,0,차대차 - 측면직각충돌,안전운전불이행,건조,맑음,단일로 - 기타,승용,여,45세,경상,승용,남,32세,상해없음
2016061100100362,2016년 6월 11일 14시,토요일,대전광역시 유성구 지족동,부상신고사고,0,0,0,1,차대차 - 추돌,안전운전불이행,건조,맑음,교차로 - 교차로부근,승용,남,50세,상해없음,승용,남,32세,상해없음
2016061100100406,2016년 6월 11일 15시,토요일,대전광역시 동구 가양동,경상사고,0,0,1,0,차대사람 - 횡단중,안전운전불이행,건조,맑음,단일로 - 횡단보도부근,승용,남,57세,상해없음,보행자,남,9세,경상
2016061100100407,2016년 6월 11일 15시,토요일,대전광역시 서구 월평동,경상사고,0,0,1,0,차대차 - 측면직각충돌,안전거리미확보,건조,맑음,단일로 - 기타,승합,남,46세,상해없음,승용,여,46세,경상
2016061100100408,2016년 6월 11일 15시,토요일,대전광역시 유성구 노은동,부상신고사고,0,0,0,1,차대사람 - 길가장자리구역통행중,안전운전불이행,건조,맑음,단일로 - 기타,승용,남,45세,상해없음,보행자,남,8세,부상신고