사고번호,사고일시,요일,시군구,사고내용,사망자수,중상자수,경상자수,부상신고자수,사고유형,법규위반,노면상태,기상상태,도로형태,가해운전자 차종,가해운전자 성별,가해운전자 연령,가해운전자 상해정도,피해운전자 차종,피해운전자 성별,피해운전자 연령,피해운전자 상해정도
2016061100100445,2016년 6월 11일 16시,토요일,대전광역시 중구 문화동,경상사고,0,0,4,0,차대차 - 기타,교차로운행방법위반,건조,맑음,교차로 - 교차로안,승용,남,34세,경상,승용,남,26세,경상
2016061100100488,2016년 6월 11일 17시,토요일,대전광역시 유성구 신성동,경상사고,0,0,1,0,차대차 - 기타,안전운전불이행,건조,맑음,교차로 - 교차로안,승용,남,35세,상해없음,승용,남,30세,경상
2016061100100489,2016년 6월 11일 17시,토요일,대전광역시 유성구 봉명동,경상사고,0,0,1,0,차대차 - 측면직각충돌,안전거리미확보,건조,맑음,단일로 - 기타,승용,남,37세,상해없음,이륜,남,52세,경상
2016061100100522,2016년 6월 11일 18시,토요일,대전광역시 유성구 장대동,경상사고,0,0,2,0,차대차 - 추돌,안전운전불이행,건조,맑음,교차로 - 교차로부근,승용,남,32세,상해없음,승용,남,46세,경상
2016061100100550,2016년 6월 11일 19시,토요일,대전광역시 서구 월평동,경상사고,0,0,1,0,차대사람 - 길가장자리구역통행중,안전운전불이행,건조,맑음,단일로 - 기타,화물,남,41세,상해없음,보행자,여,45세,경상
2016061100100573,2016년 6월 11일 20시,토요일,대전광역시 서구 내동,경상사고,0,0,5,0,차대차 - 측면직각충돌,신호위반,건조,맑음,교차로 - 교차로안,승용,여,23세,상해없음,승용,남,50세,경상
2016061100100618,2016년 6월 11일 21시,토요일,대전광역시 중구 목동,경상사고,0,0,4,0,차대차 - 정면충돌,중앙선침범,건조,맑음,교차로 - 교차로부근,승용,남,53세,상해없음,승용,남,38세,경상
2016061100100619,2016년 6월 11일 21시,토요일,대전광역시 동구 원동,중상사고,0,1,0,0,차대사람 - 횡단중,보행자보호의무위반,건조,맑음,교차로 - 교차로부근,승용,남,33세,상해없음,보행자,남,65세,중상
2016061100100620,2016년 6월 11일 21시,토요일,대전광역시 서구 둔산동,부상신고사고,0,0,0,1,차대차 - 정면충돌,안전운전불이행,건조,맑음,단일로 - 기타,승용,여,34세,상해없음,이륜,남,33세,부상신고
2016061100100621,2016년 6월 11일 21시,토요일,대전광역시 유성구 도룡동,중상사고,0,1,0,0,차대사람 - 길가장자리구역통행중,안전운전불이행,건조,맑음,단일로 - 기타,승용,남,31세,상해없음,보행자,여,8세,중상
2016061200100078,2016년 6월 12일 04시,일요일,대전광역시 서구 갈마동,경상사고,0,0,1,0,차대차 - 추돌,안전운전불이행,건조,맑음,교차로 - 교차로부근,승용,남,58세,기타불명,승용,남,59세,경상
2016061200100097,2016년 6월 12일 05시,일요일,대전광역시 대덕구 비래동,부상신고사고,0,0,0,1,차량단독 - 전도전복,안전운전불이행,건조,맑음,단일로 - 기타,승용,남,52세,상해없음,,,,
2016061200100116,2016년 6월 12일 07시,일요일,대전광역시 유성구 장대동,중상사고,0,1,0,0,차대차 - 측면직각충돌,안전운전불이행,건조,흐림,단일로 - 기타,승용,여,56세,기타불명,자전거,남,60세,중상
2016061200100153,2016년 6월 12일 10시,일요일,대전광역시 서구 갈마동,경상사고,0,0,2,0,차대차 - 측면직각충돌,교차로운행방법위반,건조,맑음,교차로 - 교차로안,승용,여,64세,기타불명,승용,여,55세,경상
2016061200100173,2016년 6월 12일 11시,일요일,대전광역시 동구 가양동,부상신고사고,0,0,0,4,차대차 - 측면충돌,안전운전불이행,건조,맑음,단일로 - 기타,승용,남,37세,상해없음,승용,남,70세,부상신고
2016061200100174,2016년 6월 12일 11시,일요일,대전광역시 서구 탄방동,경상사고,0,0,1,0,차대사람 - 횡단중,안전운전불이행,건조,맑음,단일로 - 기타,승용,남,56세,상해없음,보행자,남,39세,경상
2016061200100201,2016년 6월 12일 12시,일요일,대전광역시 중구 대사동,경상사고,0,0,1,0,차대차 - 측면직각충돌,교차로운행방법위반,건조,맑음,교차로 - 교차로안,승용,남,39세,상해없음,승용,남,71세,경상
2016061200100226,2016년 6월 12일 13시,일요일,대전광역시 서구 가수원동,경상사고,0,0,2,0,차대차 - 측면충돌,중앙선침범,건조,맑음,단일로 - 기타,승용,여,35세,상해없음,승용,남,64세,경상
2016061200100227,2016년 6월 12일 13시,일요일,대전광역시 서구 탄방동,경상사고,0,0,1,0,차대차 - 추돌,안전운전불이행,건조,맑음,단일로 - 기타,원동기,남,58세,상해없음,이륜,남,21세,경상
2016061200100318,2016년 6월 12일 16시,일요일,대전광역시 동구 가양동,경상사고,0,0,2,0,차대차 - 측면충돌,교차로운행방법위반,건조,맑음,교차로 - 교차로안,승용,남,46세,상해없음,승용,남,57세,경상
2016061200100347,2016년 6월 12일 17시,일요일,대전광역시 유성구 구암동,경상사고,0,0,3,0,차대차 - 기타,안전운전불이행,건조,맑음,교차로 - 교차로부근,승용,남,54세,상해없음,승용,남,37세,경상
2016061200100367,2016년 6월 12일 18시,일요일,대전광역시 중구 문화동,경상사고,0,0,1,0,차량단독 - 기타,안전운전불이행,건조,맑음,단일로 - 기타,승합,남,50세,상해없음,,,,
2016061200100368,2016년 6월 12일 18시,일요일,대전광역시 서구 둔산동,경상사고,0,0,1,0,차대차 - 측면직각충돌,교차로운행방법위반,건조,맑음,교차로 - 교차로안,승용,남,33세,상해없음,승용,남,59세,상해없음
2016061200100420,2016년 6월 12일 20시,일요일,대전광역시 서구 둔산동,중상사고,0,1,0,0,차량단독 - 기타,기타,건조,맑음,단일로 - 기타,승합,남,54세,상해없음,,,,
2016061300100035,2016년 6월 13일 05시,월요일,대전광역시 동구 인동,부상신고사고,0,0,0,1,차대차 - 측면충돌,안전운전불이행,건조,맑음,단일로 - 횡단보도부근,승용,남,55세,상해없음,승용,남,31세,부상신고
2016061300100049,2016년 6월 13일 06시,월요일,대전광역시 동구 용운동,중상사고,0,1,1,0,차량단독 - 기타,안전운전불이행,건조,맑음,교차로 - 교차로안,승합,남,41세,상해없음,,,,
2016061300100050,2016년 6월 13일 06시,월요일,대전광역시 유성구 하기동,경상사고,0,0,1,0,차대차 - 추돌,안전거리미확보,건조,맑음,단일로 - 기타,승용,남,68세,상해없음,승용,남,49세,경상
2016061300100066,2016년 6월 13일 07시,월요일,대전광역시 대덕구 신대동,경상사고,0,0,1,0,차량단독 - 기타,안전운전불이행,건조,맑음,단일로 - 기타,승용,남,48세,상해없음,,,,
2016061300100083,2016년 6월 13일 07시,월요일,대전광역시 유성구 원내동,경상사고,0,0,1,0,차대사람 - 차도통행중,안전운전불이행,건조,맑음,단일로 - 기타,승용,남,49세,상해없음,보행자,여,55세,경상
2016061300100116,2016년 6월 13일 08시,월요일,대전광역시 중구 태평동,중상사고,0,1,0,0,차대차 - 측면직각충돌,신호위반,건조,맑음,교차로 - 교차로안,화물,남,40세,상해없음,자전거,남,24세,중상
2016061300100117,2016년 6월 13일 08시,월요일,대전광역시 서구 용문동,경상사고,0,0,2,0,차대차 - 추돌,안전운전불이행,건조,맑음,단일로 - 기타,승용,여,58세,상해없음,화물,남,58세,경상
2016061300100118,2016년 6월 13일 08시,월요일,대전광역시 대덕구 법동,중상사고,0,1,0,0,차대차 - 추돌,안전운전불이행,건조,맑음,단일로 - 기타,화물,남,46세,상해없음,화물,남,52세,중상
2016061300100146,2016년 6월 13일 09시,월요일,대전광역시 서구 월평동,경상사고,0,0,1,0,차대차 - 정면충돌,안전운전불이행,건조,맑음,단일로 - 기타,자전거,여,21세,상해없음,자전거,남,58세,상해없음
2016061300100189,2016년 6월 13일 10시,월요일,대전광역시 중구 선화동,중상사고,0,1,0,0,차대사람 - 횡단중,중앙선침범,건조,맑음,단일로 - 기타,원동기,남,49세,상해없음,보행자,남,76세,중상
2016061300100242,2016년 6월 13일 12시,월요일,대전광역시 유성구 반석동,경상사고,0,0,1,0,차대차 - 측면직각충돌,안전운전불이행,건조,맑음,단일로 - 기타,건설기계,남,58세,기타불명,승용,여,44세,경상
2016061300100269,2016년 6월 13일 13시,월요일,대전광역시 서구 탄방동,경상사고,0,0,1,0,차대사람 - 횡단중,보행자보호의무위반,건조,맑음,단일로 - 기타,화물,남,54세,상해없음,보행자,여,60세,경상
2016061300100384,2016년 6월 13일 16시,월요일,대전광역시 동구 소제동,중상사고,0,1,0,0,차대사람 - 횡단중,안전운전불이행,건조,맑음,단일로 - 기타,승용,여,55세,상해없음,보행자,남,81세,중상
2016061300100473,2016년 6월 13일 18시,월요일,대전광역시 중구 석교동,경상사고,0,0,1,0,차대차 - 정면충돌,교차로운행방법위반,건조,맑음,교차로 - 교차로안,화물,남,51세,상해없음,원동기,남,52세,경상
2016061300100474,2016년 6월 13일 18시,월요일,대전광역시 서구 갈마동,경상사고,0,0,2,0,차대차 - 추돌,안전운전불이행,건조,맑음,단일로 - 기타,승용,여,69세,상해없음,승용,남,24세,경상
2016061300100542,2016년 6월 13일 20시,월요일,대전광역시 서구 탄방동,경상사고,0,0,1,0,차대차 - 측면직각충돌,안전거리미확보,건조,맑음,단일로 - 기타,이륜,남,28세,상해없음,승용,남,23세,경상
2016061400100059,2016년 6월 14일 06시,화요일,대전광역시 유성구 관평동,중상사고,0,1,1,0,차대차 - 측면직각충돌,교차로운행방법위반,건조,맑음,교차로 - 교차로안,승용,여,54세,중상,승용,남,21세,경상
2016061400100136,2016년 6월 14일 08시,화요일,대전광역시 중구 석교동,경상사고,0,0,1,0,차대차 - 기타,안전거리미확보,건조,맑음,단일로 - 기타,승용,남,68세,상해없음,승합,남,47세,상해없음
2016061400100137,2016년 6월 14일 08시,화요일,대전광역시 서구 괴정동,경상사고,0,0,1,0,차대차 - 측면충돌,안전운전불이행,건조,맑음,교차로 - 교차로안,승용,여,54세,상해없음,승용,남,35세,경상
2016061400100161,2016년 6월 14일 09시,화요일,대전광역시 중구 문화동,중상사고,0,1,0,0,차대사람 - 횡단중,보행자보호의무위반,건조,맑음,단일로 - 기타,승용,남,64세,상해없음,보행자,여,72세,중상
2016061400100162,2016년 6월 14일 09시,화요일,대전광역시 유성구 구암동,경상사고,0,0,1,0,차대차 - 추돌,안전운전불이행,건조,맑음,단일로 - 기타,승용,여,66세,기타불명,승용,남,51세,경상
2016061400100189,2016년 6월 14일 10시,화요일,대전광역시 중구 대흥동,경상사고,0,0,1,0,차대차 - 추돌,안전거리미확보,건조,맑음,교차로 - 교차로안,화물,남,64세,상해없음,승용,남,63세,경상
2016061400100190,2016년 6월 14일 10시,화요일,대전광역시 유성구 봉명동,경상사고,0,0,1,0,차대사람 - 횡단중,보행자보호의무위반,건조,맑음,단일로 - 횡단보도상,승용,남,79세,상해없음,보행자,여,73세,경상
2016061400100205,2016년 6월 14일 11시,화요일,대전광역시 동구 구도동,경상사고,0,0,3,0,차대차 - 기타,안전운전불이행,건조,맑음,기타 - 기타,승용,여,27세,상해없음,승용,여,47세,경상
2016061400100214,2016년 6월 14일 11시,화요일,대전광역시 동구 홍도동,중상사고,0,1,0,0,차대사람 - 횡단중,보행자보호의무위반,건조,맑음,단일로 - 횡단보도상,승용,남,64세,상해없음,보행자,여,56세,중상
2016061400100215,2016년 6월 14일 11시,화요일,대전광역시 서구 탄방동,경상사고,0,0,1,0,차대차 - 기타,안전운전불이행,건조,맑음,단일로 - 횡단보도상,승용,기타불명,기타불명,기타불명,자전거,여,61세,경상
2016061400100279,2016년 6월 14일 13시,화요일,대전광역시 중구 유천동,경상사고,0,0,3,0,차대차 - 측면직각충돌,안전운전불이행,건조,맑음,단일로 - 기타,이륜,남,55세,경상,승용,여,64세,경상
2016061400100386,2016년 6월 14일 16시,화요일,대전광역시 서구 내동,경상사고,0,0,1,0,차대차 - 기타,안전거리미확보,건조,맑음,교차로 - 교차로안,승용,여,22세,상해없음,자전거,남,10세,경상
2016061400100387,2016년 6월 14일 16시,화요일,대전광역시 서구 둔산동,경상사고,0,0,1,0,차대사람 - 횡단중,안전운전불이행,건조,맑음,교차로 - 교차로부근,승용,여,67세,상해없음,보행자,여,14세,경상
2016061400100389,2016년 6월 14일 16시,화요일,대전광역시 유성구 봉명동,경상사고,0,0,1,0,차대차 - 정면충돌,중앙선침범,건조,맑음,단일로 - 기타,화물,남,61세,상해없음,승용,여,59세,경상
2016061400100421,2016년 6월 14일 17시,화요일,대전광역시 동구 대성동,경상사고,0,0,1,0,차대차 - 측면충돌,안전거리미확보,건조,맑음,단일로 - 기타,승용,남,59세,상해없음,승용,여,46세,경상
2016061400100460,2016년 6월 14일 18시,화요일,대전광역시 중구 선화동,경상사고,0,0,1,0,차대사람 - 횡단중,보행자보호의무위반,건조,맑음,단일로 - 기타,원동기,남,50세,상해없음,보행자,여,10세,경상
2016061400100461,2016년 6월 14일 18시,화요일,대전광역시 동구 가양동,경상사고,0,0,1,0,차대차 - 추돌,안전운전불이행,건조,맑음,교차로 - 교차로안,승용,남,74세,상해없음,승용,남,54세,경상
2016061400100462,2016년 6월 14일 18시,화요일,대전광역시 서구 갈마동,경상사고,0,0,1,0,차대사람 - 길가장자리구역통행중,안전운전불이행,건조,맑음,단일로 - 기타,화물,남,61세,상해없음,보행자,남,27세,경상
2016061400100540,2016년 6월 14일 20시,화요일,대전광역시 서구 둔산동,중상사고,0,2,2,0,차대차 - 추돌,안전운전불이행,건조,맑음,교차로 - 교차로부근,승용,남,62세,상해없음,승용,여,39세,중상
2016061400100573,2016년 6월 14일 21시,화요일,대전광역시 서구 둔산동,경상사고,0,0,2,0,차대차 - 추돌,안전운전불이행,건조,맑음,교차로 - 교차로부근,승용,남,52세,상해없음,승용,여,28세,경상
2016061400100616,2016년 6월 14일 23시,화요일,대전광역시 서구 내동,경상사고,0,0,1,0,차대차 - 추돌,안전운전불이행,건조,맑음,단일로 - 기타,승용,여,53세,상해없음,승용,남,27세,경상
2016061400100617,2016년 6월 14일 23시,화요일,대전광역시 서구 둔산동,경상사고,0,0,1,0,차대사람 - 기타,안전운전불이행,건조,맑음,단일로 - 기타,승용,남,26세,상해없음,보행자,남,22세,경상
2016061400100618,2016년 6월 14일 23시,화요일,대전광역시 유성구 봉명동,중상사고,0,1,0,0,차대차 - 측면충돌,안전운전불이행,건조,맑음,교차로 - 교차로부근,승용,남,37세,상해없음,승용,남,23세,중상
2016061500100108,2016년 6월 15일 07시,수요일,대전광역시 대덕구 대화동,경상사고,0,0,1,0,차대차 - 측면충돌,교차로운행방법위반,건조,맑음,교차로 - 교차로안,승용,남,60세,상해없음,승용,여,49세,경상
2016061500100158,2016년 6월 15일 08시,수요일,대전광역시 서구 괴정동,경상사고,0,0,1,0,차대차 - 추돌,안전운전불이행,습기,비,단일로 - 기타,승용,남,19세,상해없음,승용,남,59세,경상
2016061500100159,2016년 6월 15일 08시,수요일,대전광역시 서구 둔산동,경상사고,0,0,1,0,차대사람 - 횡단중,보행자보호의무위반,습기,비,교차로 - 교차로안,승용,남,28세,상해없음,보행자,남,29세,경상
2016061500100203,2016년 6월 15일 09시,수요일,대전광역시 유성구 전민동,중상사고,0,1,0,0,차대사람 - 횡단중,보행자보호의무위반,건조,맑음,단일로 - 횡단보도상,화물,남,61세,상해없음,보행자,여,83세,중상
2016061500100224,2016년 6월 15일 10시,수요일,대전광역시 서구 탄방동,경상사고,0,0,1,0,차대차 - 추돌,안전거리미확보,건조,맑음,단일로 - 기타,승용,남,64세,상해없음,승용,남,54세,경상
2016061500100273,2016년 6월 15일 12시,수요일,대전광역시 중구 목동,중상사고,0,1,0,0,차대사람 - 횡단중,안전운전불이행,건조,맑음,교차로 - 교차로안,승용,여,51세,상해없음,보행자,여,80세,중상
2016061500100335,2016년 6월 15일 14시,수요일,대전광역시 중구 문창동,경상사고,0,0,2,0,차대사람 - 횡단중,보행자보호의무위반,건조,맑음,단일로 - 횡단보도상,승용,남,41세,상해없음,보행자,남,56세,경상
2016061500100336,2016년 6월 15일 14시,수요일,대전광역시 서구 둔산동,경상사고,0,0,1,0,차대사람 - 횡단중,보행자보호의무위반,습기,비,교차로 - 교차로안,승용,남,54세,상해없음,보행자,남,61세,경상
2016061500100409,2016년 6월 15일 16시,수요일,대전광역시 동구 신상동,경상사고,0,0,2,0,차대차 - 측면충돌,안전운전불이행,건조,맑음,단일로 - 기타,화물,남,50세,상해없음,화물,남,68세,경상
2016061500100410,2016년 6월 15일 16시,수요일,대전광역시 유성구 상대동,경상사고,0,0,1,0,차대차 - 추돌,안전운전불이행,건조,맑음,교차로 - 교차로부근,원동기,남,20세,상해없음,승용,남,49세,상해없음
2016061500100444,2016년 6월 15일 17시,수요일,대전광역시 서구 월평동,경상사고,0,0,1,0,차대차 - 측면직각충돌,안전거리미확보,습기,비,단일로 - 기타,승용,남,58세,상해없음,승용,여,40세,경상
2016061500100445,2016년 6월 15일 17시,수요일,대전광역시 서구 둔산동,경상사고,0,0,1,0,차대사람 - 횡단중,보행자보호의무위반,습기,비,교차로 - 교차로부근,승용,남,64세,상해없음,보행자,남,43세,경상
2016061500100446,2016년 6월 15일 17시,수요일,대전광역시 유성구 신성동,경상사고,0,0,1,0,차대차 - 측면충돌,직진우회전진행방해,건조,맑음,교차로 - 교차로안,승용,여,42세,경상,승용,남,39세,기타불명
2016061500100478,2016년 6월 15일 18시,수요일,대전광역시 서구 괴정동,경상사고,0,0,1,0,차대차 - 추돌,안전운전불이행,습기,흐림,단일로 - 기타,승용,남,25세,상해없음,승용,남,27세,경상
2016061500100479,2016년 6월 15일 18시,수요일,대전광역시 대덕구 중리동,중상사고,0,1,0,0,차대차 - 기타,안전운전불이행,습기,비,단일로 - 기타,승용,남,23세,상해없음,원동기,남,42세,중상
2016061500100480,2016년 6월 15일 18시,수요일,대전광역시 대덕구 대화동,경상사고,0,0,1,0,차대사람 - 횡단중,보행자보호의무위반,건조,흐림,단일로 - 횡단보도상,승용,여,32세,상해없음,보행자,남,32세,경상
2016061500100507,2016년 6월 15일 19시,수요일,대전광역시 동구 용전동,경상사고,0,0,1,0,차대차 - 측면충돌,안전거리미확보,건조,맑음,단일로 - 기타,승용,여,58세,상해없음,승용,남,55세,상해없음
2016061500100508,2016년 6월 15일 19시,수요일,대전광역시 서구 월평동,중상사고,0,1,0,0,차대차 - 추돌,안전운전불이행,습기,비,교차로 - 교차로부근,승용,남,27세,상해없음,이륜,여,49세,중상
2016061500100509,2016년 6월 15일 19시,수요일,대전광역시 서구 월평동,경상사고,0,0,1,0,차대차 - 기타,안전운전불이행,습기,비,단일로 - 기타,화물,남,45세,상해없음,이륜,남,29세,경상
2016061500100541,2016년 6월 15일 20시,수요일,대전광역시 동구 홍도동,경상사고,0,0,1,0,차대차 - 측면충돌,안전거리미확보,건조,맑음,단일로 - 기타,승용,남,28세,상해없음,원동기,여,22세,경상
2016061500100542,2016년 6월 15일 20시,수요일,대전광역시 서구 도마동,경상사고,0,0,1,0,차대차 - 추돌,안전거리미확보,습기,비,단일로 - 기타,승용,남,45세,상해없음,승용,남,20세,경상
2016061500100543,2016년 6월 15일 20시,수요일,대전광역시 서구 도안동,경상사고,0,0,1,0,차대차 - 기타,안전거리미확보,습기,비,단일로 - 기타,승용,남,23세,상해없음,이륜,남,22세,경상
2016061500100544,2016년 6월 15일 20시,수요일,대전광역시 서구 탄방동,경상사고,0,0,1,0,차대차 - 측면충돌,안전운전불이행,건조,맑음,단일로 - 기타,승용,남,22세,상해없음,자전거,여,34세,경상
2016061500100570,2016년 6월 15일 21시,수요일,대전광역시 중구 용두동,경상사고,0,0,2,0,차대차 - 측면직각충돌,안전운전불이행,습기,비,교차로 - 교차로안,승용,남,62세,상해없음,승용,남,24세,경상
2016061500100571,2016년 6월 15일 21시,수요일,대전광역시 서구 월평동,경상사고,0,0,1,0,차대차 - 기타,안전운전불이행,습기,비,교차로 - 교차로안,이륜,남,26세,경상,승용,남,51세,상해없음
2016061500100596,2016년 6월 15일 22시,수요일,대전광역시 동구 천동,경상사고,0,0,1,0,차대차 - 추돌,안전거리미확보,건조,맑음,단일로 - 기타,승용,남,57세,상해없음,승용,남,35세,경상
2016061600100082,2016년 6월 16일 07시,목요일,대전광역시 유성구 관평동,경상사고,0,0,1,0,차대차 - 정면충돌,안전운전불이행,건조,맑음,단일로 - 기타,승용,남,60세,상해없음,승용,남,30세,경상
2016061600100124,2016년 6월 16일 08시,목요일,대전광역시 서구 갈마동,부상신고사고,0,0,0,1,차대차 - 측면직각충돌,안전운전불이행,건조,맑음,단일로 - 횡단보도상,화물,남,47세,상해없음,자전거,남,45세,부상신고
2016061600100125,2016년 6월 16일 08시,목요일,대전광역시 유성구 봉산동,사망사고,1,0,1,0,차대차 - 정면충돌,안전운전불이행,건조,맑음,교차로 - 교차로부근,승합,남,71세,사망,화물,남,53세,경상
2016061600100152,2016년 6월 16일 09시,목요일,대전광역시 서구 탄방동,중상사고,0,1,0,0,차대차 - 측면충돌,안전운전불이행,건조,맑음,교차로 - 교차로안,자전거,남,29세,중상,승용,남,51세,상해없음
2016061600100180,2016년 6월 16일 10시,목요일,대전광역시 서구 괴정동,경상사고,0,0,1,0,차량단독 - 기타,기타,건조,맑음,단일로 - 기타,승용,남,52세,상해없음,,,,
2016061600100181,2016년 6월 16일 10시,목요일,대전광역시 서구 용문동,경상사고,0,0,1,0,차대차 - 기타,안전운전불이행,건조,맑음,교차로 - 교차로안,승용,남,36세,상해없음,승합,남,45세,상해없음
2016061600100263,2016년 6월 16일 13시,목요일,대전광역시 유성구 죽동,경상사고,0,0,2,0,차대차 - 추돌,안전거리미확보,건조,맑음,단일로 - 기타,승용,여,32세,상해없음,승용,남,37세,경상
2016061600100330,2016년 6월 16일 15시,목요일,대전광역시 서구 월평동,경상사고,0,0,1,0,차대차 - 측면직각충돌,안전운전불이행,건조,맑음,단일로 - 기타,승용,남,65세,상해없음,이륜,남,65세,경상
2016061600100434,2016년 6월 16일 18시,목요일,대전광역시 서구 변동,중상사고,0,1,0,0,차대차 - 측면직각충돌,교차로운행방법위반,건조,맑음,교차로 - 교차로안,승용,남,63세,상해없음,자전거,남,16세,중상
2016061600100493,2016년 6월 16일 20시,목요일,대전광역시 중구 문화동,경상사고,0,0,1,0,차대차 - 정면충돌,신호위반,건조,맑음,교차로 - 교차로안,승용,여,44세,상해없음,승용,남,66세,상해없음
2016061600100526,2016년 6월 16일 21시,목요일,대전광역시 동구 대별동,경상사고,0,0,1,0,차대차 - 측면직각충돌,안전운전불이행,건조,맑음,단일로 - 기타,자전거,여,64세,경상,화물,남,45세,상해없음
2016061600100552,2016년 6월 16일 22시,목요일,대전광역시 서구 둔산동,경상사고,0,0,1,0,차대사람 - 횡단중,보행자보호의무위반,건조,맑음,단일로 - 횡단보도상,승용,남,61세,상해없음,보행자,여,52세,경상
2016061600100567,2016년 6월 16일 23시,목요일,대전광역시 서구 월평동,중상사고,0,1,0,0,차대차 - 측면직각충돌,신호위반,건조,맑음,단일로 - 기타,승용,남,32세,상해없음,화물,남,57세,중상
2016061700100077,2016년 6월 17일 06시,금요일,대전광역시 대덕구 상서동,경상사고,0,0,1,0,차대차 - 추돌,안전운전불이행,건조,맑음,단일로 - 기타,승용,남,61세,상해없음,승용,여,60세,경상
2016061700100145,2016년 6월 17일 08시,금요일,대전광역시 유성구 용산동,경상사고,0,0,1,0,차대차 - 측면충돌,신호위반,건조,맑음,교차로 - 교차로안,승용,남,48세,기타불명,승용,남,36세,경상
2016061700100146,2016년 6월 17일 08시,금요일,대전광역시 유성구 전민동,경상사고,0,0,1,0,차대사람 - 횡단중,보행자보호의무위반,건조,맑음,단일로 - 기타,자전거,기타불명,기타불명,기타불명,보행자,여,40세,경상
2016061700100175,2016년 6월 17일 09시,금요일,대전광역시 동구 대동,경상사고,0,0,1,0,차대차 - 측면직각충돌,교차로운행방법위반,건조,맑음,교차로 - 교차로안,승용,여,45세,상해없음,승합,남,54세,경상
2016061700100231,2016년 6월 17일 11시,금요일,대전광역시 동구 용전동,경상사고,0,0,1,0,차대차 - 측면충돌,안전운전불이행,건조,맑음,단일로 - 횡단보도상,승용,남,30세,상해없음,자전거,여,47세,경상
2016061700100255,2016년 6월 17일 12시,금요일,대전광역시 중구 문화동,중상사고,0,1,0,0,차대사람 - 길가장자리구역통행중,안전운전불이행,건조,맑음,단일로 - 기타,승용,남,70세,상해없음,보행자,여,60세,중상
2016061700100307,2016년 6월 17일 14시,금요일,대전광역시 대덕구 중리동,경상사고,0,0,1,0,차대차 - 추돌,안전거리미확보,건조,맑음,단일로 - 기타,승용,남,18세,기타불명,승용,여,24세,경상
2016061700100344,2016년 6월 17일 15시,금요일,대전광역시 대덕구 오정동,경상사고,0,0,1,0,차대차 - 기타,안전운전불이행,건조,맑음,단일로 - 기타,승용,여,63세,상해없음,자전거,남,45세,경상
2016061700100345,2016년 6월 17일 15시,금요일,대전광역시 유성구 원내동,경상사고,0,0,1,0,차대차 - 기타,안전운전불이행,건조,맑음,교차로 - 교차로부근,원동기,남,29세,상해없음,승용,남,27세,경상
2016061700100346,2016년 6월 17일 15시,금요일,대전광역시 유성구 원신흥동,경상사고,0,0,1,0,차대사람 - 횡단중,신호위반,건조,맑음,교차로 - 교차로안,자전거,남,23세,상해없음,보행자,여,41세,경상
2016061700100388,2016년 6월 17일 16시,금요일,대전광역시 중구 태평동,경상사고,0,0,1,0,차대차 - 기타,안전운전불이행,건조,맑음,교차로 - 교차로부근,승용,남,28세,상해없음,자전거,남,64세,경상
2016061700100437,2016년 6월 17일 17시,금요일,대전광역시 대덕구 석봉동,경상사고,0,0,1,0,차대차 - 측면직각충돌,안전운전불이행,건조,맑음,교차로 - 교차로부근,승용,남,49세,상해없음,자전거,남,59세,경상
2016061700100484,2016년 6월 17일 18시,금요일,대전광역시 동구 용전동,경상사고,0,0,1,0,차대차 - 측면직각충돌,안전운전불이행,건조,맑음,단일로 - 기타,승용,여,51세,상해없음,승용,남,34세,경상
2016061700100485,2016년 6월 17일 18시,금요일,대전광역시 대덕구 비래동,경상사고,0,0,2,0,차대차 - 기타,안전운전불이행,건조,맑음,교차로 - 교차로안,승용,남,27세,상해없음,승합,남,48세,경상
2016061700100486,2016년 6월 17일 18시,금요일,대전광역시 대덕구 오정동,경상사고,0,0,1,0,차대차 - 측면충돌,안전운전불이행,건조,맑음,교차로 - 교차로부근,승용,남,26세,상해없음,승용,남,37세,경상
2016061700100487,2016년 6월 17일 18시,금요일,대전광역시 서구 갈마동,경상사고,0,0,1,0,차대차 - 측면직각충돌,안전거리미확보,건조,맑음,단일로 - 기타,승용,남,32세,상해없음,승용,남,25세,경상
2016061700100517,2016년 6월 17일 19시,금요일,대전광역시 서구 용문동,중상사고,0,2,0,0,차대사람 - 보도통행중,기타,건조,맑음,기타 - 기타,승용,남,73세,상해없음,보행자,남,65세,중상
2016061700100518,2016년 6월 17일 19시,금요일,대전광역시 대덕구 덕암동,중상사고,0,1,0,0,차대차 - 측면직각충돌,안전운전불이행,건조,맑음,교차로 - 교차로안,승용,남,56세,상해없음,특수,남,52세,중상
2016061700100519,2016년 6월 17일 19시,금요일,대전광역시 서구 둔산동,경상사고,0,0,1,0,차대사람 - 기타,안전운전불이행,건조,맑음,단일로 - 기타,승용,여,26세,상해없음,보행자,남,21세,경상
2016061700100520,2016년 6월 17일 19시,금요일,대전광역시 서구 만년동,경상사고,0,0,5,0,차대차 - 추돌,안전운전불이행,건조,맑음,단일로 - 기타,승용,남,63세,상해없음,승용,남,37세,경상
2016061700100561,2016년 6월 17일 20시,금요일,대전광역시 동구 용전동,경상사고,0,0,1,0,차대차 - 측면충돌,안전운전불이행,건조,맑음,교차로 - 교차로안,자전거,남,22세,경상,승용,남,44세,상해없음