사고번호,사고일시,요일,시군구,사고내용,사망자수,중상자수,경상자수,부상신고자수,사고유형,법규위반,노면상태,기상상태,도로형태,가해운전자 차종,가해운전자 성별,가해운전자 연령,가해운전자 상해정도,피해운전자 차종,피해운전자 성별,피해운전자 연령,피해운전자 상해정도
2016061700100593,2016년 6월 17일 21시,금요일,대전광역시 서구 내동,경상사고,0,0,1,0,차대차 - 추돌,안전운전불이행,건조,맑음,단일로 - 기타,승용,여,37세,상해없음,승용,여,23세,경상
2016061700100594,2016년 6월 17일 21시,금요일,대전광역시 서구 탄방동,경상사고,0,0,1,0,차대차 - 추돌,안전거리미확보,건조,맑음,교차로 - 교차로부근,승용,남,48세,상해없음,승용,남,53세,경상
2016061700100662,2016년 6월 17일 23시,금요일,대전광역시 서구 탄방동,경상사고,0,0,1,0,차대사람 - 길가장자리구역통행중,안전운전불이행,건조,맑음,단일로 - 기타,승용,여,35세,상해없음,보행자,남,35세,경상
2016061700100663,2016년 6월 17일 23시,금요일,대전광역시 유성구 교촌동,경상사고,0,0,1,0,차대차 - 추돌,안전운전불이행,건조,맑음,교차로 - 교차로부근,화물,남,54세,상해없음,화물,남,39세,경상
2016061800100016,2016년 6월 18일 00시,토요일,대전광역시 동구 성남동,중상사고,0,1,0,0,차대사람 - 횡단중,신호위반,건조,맑음,단일로 - 횡단보도상,승용,남,28세,기타불명,보행자,남,19세,중상
2016061800100053,2016년 6월 18일 02시,토요일,대전광역시 서구 월평동,경상사고,0,0,4,0,차대차 - 측면충돌,중앙선침범,건조,맑음,단일로 - 기타,승용,남,52세,상해없음,승용,남,20세,경상
2016061800100061,2016년 6월 18일 03시,토요일,대전광역시 중구 유천동,경상사고,0,0,1,0,차대차 - 정면충돌,안전운전불이행,건조,맑음,단일로 - 기타,승용,남,23세,상해없음,승용,남,30세,경상
2016061800100097,2016년 6월 18일 06시,토요일,대전광역시 중구 대흥동,경상사고,0,0,1,0,차대차 - 추돌,안전운전불이행,건조,맑음,교차로 - 교차로안,승합,남,57세,상해없음,승용,남,60세,경상
2016061800100137,2016년 6월 18일 08시,토요일,대전광역시 유성구 궁동,경상사고,0,0,1,0,차대차 - 추돌,안전운전불이행,건조,맑음,단일로 - 기타,승용,여,28세,기타불명,승용,남,44세,경상
2016061800100161,2016년 6월 18일 09시,토요일,대전광역시 유성구 봉산동,사망사고,1,0,1,0,차대차 - 측면직각충돌,신호위반,건조,맑음,교차로 - 교차로안,원동기,남,75세,사망,승용,여,37세,경상
2016061800100162,2016년 6월 18일 09시,토요일,대전광역시 유성구 노은동,경상사고,0,0,1,0,차대차 - 측면직각충돌,교차로운행방법위반,건조,맑음,교차로 - 교차로안,승용,여,45세,상해없음,승용,남,54세,경상
2016061800100182,2016년 6월 18일 10시,토요일,대전광역시 대덕구 송촌동,경상사고,0,0,2,0,차대차 - 정면충돌,차로위반,건조,맑음,단일로 - 기타,승합,남,61세,상해없음,승용,남,31세,경상
2016061800100223,2016년 6월 18일 11시,토요일,대전광역시 동구 원동,경상사고,0,0,1,0,차대차 - 기타,안전운전불이행,건조,맑음,교차로 - 교차로부근,승용,남,60세,상해없음,자전거,여,53세,경상
2016061800100339,2016년 6월 18일 14시,토요일,대전광역시 동구 홍도동,경상사고,0,0,1,0,차대차 - 추돌,안전운전불이행,건조,맑음,교차로 - 교차로부근,승용,남,48세,상해없음,승용,여,54세,상해없음
2016061800100340,2016년 6월 18일 14시,토요일,대전광역시 서구 둔산동,경상사고,0,0,2,0,차대차 - 기타,안전거리미확보,건조,맑음,단일로 - 기타,승용,남,65세,상해없음,승용,남,31세,경상
2016061800100341,2016년 6월 18일 14시,토요일,대전광역시 서구 만년동,경상사고,0,0,2,0,차대차 - 측면직각충돌,안전운전불이행,건조,맑음,단일로 - 기타,승용,남,45세,상해없음,승용,남,29세,경상
2016061800100385,2016년 6월 18일 15시,토요일,대전광역시 서구 가장동,중상사고,0,1,0,0,차대차 - 측면직각충돌,안전운전불이행,건조,맑음,단일로 - 횡단보도상,승용,남,49세,상해없음,자전거,여,57세,중상
2016061800100422,2016년 6월 18일 16시,토요일,대전광역시 서구 탄방동,경상사고,0,0,3,0,차대차 - 기타,안전거리미확보,건조,맑음,단일로 - 기타,승용,남,48세,상해없음,승용,남,65세,경상
2016061800100460,2016년 6월 18일 17시,토요일,대전광역시 서구 둔산동,경상사고,0,0,1,0,차대차 - 측면충돌,교차로운행방법위반,건조,맑음,교차로 - 교차로안,승용,여,44세,상해없음,이륜,남,24세,경상
2016061800100461,2016년 6월 18일 17시,토요일,대전광역시 서구 둔산동,경상사고,0,0,1,0,차대차 - 측면직각충돌,교차로운행방법위반,건조,맑음,교차로 - 교차로안,승용,여,44세,상해없음,이륜,남,24세,경상
2016061800100462,2016년 6월 18일 17시,토요일,대전광역시 서구 둔산동,경상사고,0,0,1,0,차대차 - 추돌,안전운전불이행,건조,맑음,교차로 - 교차로안,승합,여,22세,상해없음,승용,남,55세,경상
2016061800100505,2016년 6월 18일 18시,토요일,대전광역시 중구 산성동,경상사고,0,0,1,0,차대차 - 기타,교차로운행방법위반,건조,맑음,교차로 - 교차로안,승용,여,50세,상해없음,원동기,남,24세,경상
2016061800100506,2016년 6월 18일 18시,토요일,대전광역시 대덕구 용호동,경상사고,0,0,1,0,차대차 - 측면직각충돌,교차로운행방법위반,건조,맑음,교차로 - 교차로안,승용,남,47세,상해없음,자전거,남,11세,경상
2016061800100533,2016년 6월 18일 19시,토요일,대전광역시 중구 문화동,경상사고,0,0,1,0,차대차 - 기타,안전운전불이행,건조,맑음,단일로 - 기타,이륜,남,17세,상해없음,자전거,남,66세,경상
2016061800100534,2016년 6월 18일 19시,토요일,대전광역시 중구 산성동,경상사고,0,0,4,1,차대차 - 측면직각충돌,신호위반,건조,맑음,교차로 - 교차로안,승용,여,69세,상해없음,승용,남,39세,경상
2016061800100554,2016년 6월 18일 20시,토요일,대전광역시 중구 용두동,경상사고,0,0,1,0,차대차 - 측면직각충돌,교차로운행방법위반,건조,맑음,교차로 - 교차로안,승용,남,43세,상해없음,승용,남,58세,경상
2016061800100555,2016년 6월 18일 20시,토요일,대전광역시 서구 가수원동,경상사고,0,0,1,0,차대차 - 측면직각충돌,안전운전불이행,건조,맑음,단일로 - 기타,승용,남,51세,상해없음,승용,남,28세,경상
2016061800100556,2016년 6월 18일 20시,토요일,대전광역시 대덕구 오정동,경상사고,0,0,1,0,차대차 - 측면충돌,신호위반,건조,맑음,교차로 - 교차로부근,승합,남,51세,상해없음,화물,남,69세,경상
2016061800100593,2016년 6월 18일 21시,토요일,대전광역시 유성구 대정동,경상사고,0,0,3,0,차대차 - 측면충돌,신호위반,건조,맑음,교차로 - 교차로안,승용,여,50세,경상,승용,남,30세,경상
2016061800100625,2016년 6월 18일 22시,토요일,대전광역시 중구 태평동,경상사고,0,0,3,0,차대차 - 추돌,교차로운행방법위반,습기,흐림,교차로 - 교차로안,승용,여,33세,상해없음,승용,남,51세,경상
2016061900100019,2016년 6월 19일 00시,일요일,대전광역시 대덕구 오정동,경상사고,0,0,2,0,차대차 - 정면충돌,신호위반,건조,맑음,교차로 - 교차로안,승용,남,36세,상해없음,승용,남,62세,경상
2016061900100102,2016년 6월 19일 05시,일요일,대전광역시 유성구 봉명동,경상사고,0,0,1,0,차대차 - 측면충돌,안전거리미확보,건조,맑음,단일로 - 기타,승용,남,40세,상해없음,승용,남,54세,경상
2016061900100147,2016년 6월 19일 08시,일요일,대전광역시 서구 갈마동,중상사고,0,1,0,0,차대차 - 추돌,안전운전불이행,건조,맑음,단일로 - 기타,승용,여,49세,상해없음,승용,남,40세,중상
2016061900100156,2016년 6월 19일 09시,일요일,대전광역시 서구 월평동,경상사고,0,0,2,0,차대차 - 추돌,안전운전불이행,건조,맑음,교차로 - 교차로부근,화물,여,65세,상해없음,승용,여,29세,경상
2016061900100157,2016년 6월 19일 09시,일요일,대전광역시 유성구 덕명동,경상사고,0,0,1,0,차대차 - 기타,불법유턴,건조,맑음,단일로 - 기타,승합,남,55세,상해없음,화물,남,67세,경상
2016061900100176,2016년 6월 19일 10시,일요일,대전광역시 동구 삼성동,경상사고,0,0,3,0,차대차 - 추돌,안전거리미확보,건조,맑음,단일로 - 기타,승용,남,35세,상해없음,승용,여,39세,경상
2016061900100216,2016년 6월 19일 12시,일요일,대전광역시 대덕구 장동,경상사고,0,0,1,0,차대차 - 정면충돌,안전운전불이행,건조,맑음,기타 - 기타,승용,여,48세,기타불명,승용,남,49세,경상
2016061900100217,2016년 6월 19일 12시,일요일,대전광역시 유성구 봉명동,경상사고,0,0,1,0,차량단독 - 기타,안전운전불이행,건조,맑음,단일로 - 기타,승합,남,39세,상해없음,,,,
2016061900100238,2016년 6월 19일 13시,일요일,대전광역시 중구 태평동,경상사고,0,0,1,0,차대차 - 측면직각충돌,안전운전불이행,건조,맑음,단일로 - 기타,승합,남,46세,상해없음,승용,남,42세,경상
2016061900100328,2016년 6월 19일 16시,일요일,대전광역시 유성구 구암동,경상사고,0,0,1,0,차대차 - 추돌,안전운전불이행,건조,맑음,교차로 - 교차로부근,승용,남,34세,상해없음,승용,여,58세,경상
2016061900100362,2016년 6월 19일 17시,일요일,대전광역시 동구 용전동,경상사고,0,0,1,0,차량단독 - 기타,기타,건조,맑음,단일로 - 기타,승용,남,56세,상해없음,,,,
2016061900100364,2016년 6월 19일 17시,일요일,대전광역시 대덕구 송촌동,경상사고,0,0,1,0,차대차 - 측면직각충돌,교차로운행방법위반,건조,맑음,교차로 - 교차로안,승합,남,51세,기타불명,승합,여,41세,경상
2016061900100365,2016년 6월 19일 17시,일요일,대전광역시 유성구 봉명동,부상신고사고,0,0,0,1,차대차 - 측면직각충돌,안전운전불이행,건조,맑음,단일로 - 기타,자전거,남,23세,부상신고,승합,남,56세,상해없음
2016061900100393,2016년 6월 19일 18시,일요일,대전광역시 중구 태평동,중상사고,0,2,0,0,차대차 - 측면직각충돌,안전운전불이행,건조,맑음,단일로 - 기타,승용,남,38세,상해없음,승용,남,42세,중상
2016061900100421,2016년 6월 19일 19시,일요일,대전광역시 중구 유천동,경상사고,0,0,1,0,차대차 - 기타,안전운전불이행,건조,맑음,교차로 - 교차로안,승용,남,64세,상해없음,자전거,남,11세,경상
2016061900100497,2016년 6월 19일 22시,일요일,대전광역시 서구 둔산동,중상사고,0,1,0,0,차대사람 - 횡단중,안전운전불이행,건조,맑음,단일로 - 기타,승용,남,28세,기타불명,보행자,여,33세,중상
2016062000100014,2016년 6월 20일 00시,월요일,대전광역시 서구 정림동,경상사고,0,0,1,0,차대차 - 측면직각충돌,안전거리미확보,건조,맑음,단일로 - 기타,승용,남,45세,상해없음,승용,여,21세,경상
2016062000100059,2016년 6월 20일 06시,월요일,대전광역시 중구 오류동,경상사고,0,0,2,0,차대차 - 측면직각충돌,신호위반,건조,맑음,교차로 - 교차로안,승용,남,52세,상해없음,승용,여,62세,경상
2016062000100099,2016년 6월 20일 07시,월요일,대전광역시 유성구 지족동,경상사고,0,0,1,0,차대차 - 추돌,안전거리미확보,건조,맑음,단일로 - 기타,승용,여,52세,상해없음,승용,남,27세,경상
2016062000100138,2016년 6월 20일 08시,월요일,대전광역시 중구 선화동,경상사고,0,0,1,0,차대차 - 추돌,안전운전불이행,건조,맑음,단일로 - 기타,승용,여,42세,상해없음,승용,여,34세,경상
2016062000100139,2016년 6월 20일 08시,월요일,대전광역시 서구 도마동,중상사고,0,1,0,0,차대사람 - 횡단중,안전운전불이행,건조,맑음,단일로 - 기타,승용,남,34세,상해없음,보행자,남,18세,중상
2016062000100167,2016년 6월 20일 09시,월요일,대전광역시 중구 용두동,경상사고,0,0,1,0,차대차 - 측면직각충돌,안전운전불이행,건조,맑음,교차로 - 교차로안,승용,남,24세,상해없음,승용,여,43세,경상
2016062000100168,2016년 6월 20일 09시,월요일,대전광역시 중구 부사동,경상사고,0,0,1,0,차대차 - 추돌,안전거리미확보,건조,맑음,교차로 - 교차로부근,화물,남,47세,상해없음,승용,남,58세,경상
2016062000100169,2016년 6월 20일 09시,월요일,대전광역시 중구 유천동,중상사고,0,1,0,0,차량단독 - 기타,기타,건조,맑음,교차로 - 교차로부근,승합,남,56세,상해없음,,,,
2016062000100234,2016년 6월 20일 11시,월요일,대전광역시 유성구 용계동,경상사고,0,0,1,0,차대차 - 추돌,차로위반,건조,맑음,단일로 - 기타,승용,남,67세,상해없음,승용,남,24세,경상
2016062000100269,2016년 6월 20일 12시,월요일,대전광역시 대덕구 법동,경상사고,0,0,1,0,차대차 - 측면충돌,안전운전불이행,건조,맑음,단일로 - 기타,화물,남,39세,상해없음,자전거,남,73세,경상
2016062000100270,2016년 6월 20일 12시,월요일,대전광역시 유성구 구암동,경상사고,0,0,1,0,차대차 - 추돌,교차로운행방법위반,건조,맑음,교차로 - 교차로안,화물,남,26세,상해없음,승용,남,36세,경상
2016062000100317,2016년 6월 20일 13시,월요일,대전광역시 유성구 봉명동,경상사고,0,0,3,0,차대차 - 정면충돌,신호위반,건조,맑음,교차로 - 교차로안,승용,남,67세,상해없음,화물,남,45세,경상
2016062000100318,2016년 6월 20일 13시,월요일,대전광역시 유성구 봉명동,경상사고,0,0,1,0,차량단독 - 기타,기타,건조,맑음,교차로 - 교차로부근,승합,남,56세,상해없음,,,,
2016062000100400,2016년 6월 20일 15시,월요일,대전광역시 유성구 봉명동,경상사고,0,0,2,1,차대차 - 측면충돌,신호위반,건조,맑음,교차로 - 교차로부근,승용,남,26세,상해없음,승합,남,34세,경상
2016062000100444,2016년 6월 20일 16시,월요일,대전광역시 대덕구 오정동,경상사고,0,0,2,0,차대차 - 측면충돌,교차로운행방법위반,건조,맑음,교차로 - 교차로안,화물,남,65세,상해없음,화물,남,40세,경상
2016062000100445,2016년 6월 20일 16시,월요일,대전광역시 서구 둔산동,경상사고,0,0,1,0,차대사람 - 횡단중,안전운전불이행,건조,맑음,단일로 - 기타,승용,남,64세,상해없음,보행자,여,45세,경상
2016062000100491,2016년 6월 20일 17시,월요일,대전광역시 동구 삼성동,중상사고,0,1,0,0,차대사람 - 기타,안전운전불이행,건조,맑음,단일로 - 기타,승용,남,24세,기타불명,보행자,남,52세,중상
2016062000100492,2016년 6월 20일 17시,월요일,대전광역시 서구 관저동,경상사고,0,0,1,0,차대차 - 추돌,안전운전불이행,건조,맑음,교차로 - 교차로부근,승용,남,67세,상해없음,승용,남,49세,경상
2016062000100600,2016년 6월 20일 20시,월요일,대전광역시 서구 도마동,경상사고,0,0,1,0,차대사람 - 차도통행중,안전운전불이행,건조,맑음,단일로 - 기타,승용,남,18세,상해없음,보행자,여,16세,경상
2016062000100622,2016년 6월 20일 21시,월요일,대전광역시 서구 탄방동,경상사고,0,0,1,0,차대사람 - 횡단중,안전운전불이행,건조,맑음,단일로 - 기타,승용,남,33세,상해없음,보행자,남,61세,경상
2016062100100016,2016년 6월 21일 00시,화요일,대전광역시 동구 가양동,중상사고,0,1,0,0,차대사람 - 횡단중,보행자보호의무위반,건조,맑음,단일로 - 횡단보도상,승용,여,23세,상해없음,보행자,남,18세,중상
2016062100100017,2016년 6월 21일 00시,화요일,대전광역시 서구 갈마동,경상사고,0,0,1,0,차대사람 - 횡단중,안전운전불이행,건조,맑음,단일로 - 기타,승용,기타불명,기타불명,기타불명,보행자,남,23세,경상
2016062100100034,2016년 6월 21일 02시,화요일,대전광역시 유성구 도룡동,경상사고,0,0,1,0,차대차 - 정면충돌,중앙선침범,건조,흐림,단일로 - 기타,승용,남,43세,상해없음,승용,여,36세,경상
2016062100100065,2016년 6월 21일 06시,화요일,대전광역시 중구 산성동,경상사고,0,0,1,0,차대차 - 측면직각충돌,안전운전불이행,건조,맑음,단일로 - 기타,화물,남,38세,상해없음,승합,남,53세,경상
2016062100100096,2016년 6월 21일 07시,화요일,대전광역시 대덕구 대화동,부상신고사고,0,0,0,1,차대차 - 추돌,차로위반,건조,맑음,단일로 - 기타,화물,남,54세,상해없음,승용,남,27세,부상신고
2016062100100097,2016년 6월 21일 07시,화요일,대전광역시 서구 월평동,중상사고,0,1,0,0,차대차 - 추돌,안전운전불이행,건조,맑음,단일로 - 기타,화물,남,37세,상해없음,승용,남,38세,중상
2016062100100098,2016년 6월 21일 07시,화요일,대전광역시 유성구 자운동,경상사고,0,0,1,0,차대차 - 추돌,안전운전불이행,건조,맑음,단일로 - 기타,자전거,남,41세,경상,승합,남,48세,상해없음
2016062100100134,2016년 6월 21일 08시,화요일,대전광역시 대덕구 신대동,경상사고,0,0,1,0,차대차 - 측면직각충돌,안전운전불이행,건조,맑음,단일로 - 기타,승용,남,32세,상해없음,승용,여,38세,경상
2016062100100135,2016년 6월 21일 08시,화요일,대전광역시 서구 둔산동,경상사고,0,0,1,0,차대차 - 측면직각충돌,신호위반,건조,맑음,교차로 - 교차로안,화물,남,65세,상해없음,자전거,남,54세,경상
2016062100100136,2016년 6월 21일 08시,화요일,대전광역시 유성구 봉명동,중상사고,0,1,1,0,차대차 - 추돌,안전운전불이행,건조,맑음,단일로 - 기타,승용,여,42세,상해없음,승용,남,26세,경상
2016062100100214,2016년 6월 21일 10시,화요일,대전광역시 서구 괴정동,경상사고,0,0,1,0,차대사람 - 횡단중,안전운전불이행,건조,맑음,단일로 - 기타,승용,여,31세,상해없음,보행자,여,52세,경상
2016062100100245,2016년 6월 21일 11시,화요일,대전광역시 서구 관저동,중상사고,0,1,0,0,차대차 - 측면충돌,안전운전불이행,건조,맑음,단일로 - 기타,승용,남,63세,상해없음,승용,남,57세,중상
2016062100100297,2016년 6월 21일 13시,화요일,대전광역시 서구 변동,경상사고,0,0,2,0,차대차 - 측면직각충돌,안전운전불이행,건조,맑음,단일로 - 기타,승용,여,34세,상해없음,승용,남,32세,경상
2016062100100337,2016년 6월 21일 14시,화요일,대전광역시 대덕구 송촌동,경상사고,0,0,2,0,차대차 - 추돌,안전운전불이행,건조,맑음,단일로 - 기타,승용,남,58세,상해없음,승용,남,59세,경상
2016062100100374,2016년 6월 21일 15시,화요일,대전광역시 동구 삼정동,중상사고,0,1,1,0,차대차 - 측면직각충돌,안전운전불이행,건조,맑음,단일로 - 기타,이륜,남,53세,중상,화물,남,55세,경상
2016062100100375,2016년 6월 21일 15시,화요일,대전광역시 서구 복수동,경상사고,0,0,1,0,차대차 - 기타,안전운전불이행,건조,맑음,단일로 - 기타,승용,남,34세,상해없음,승용,남,54세,경상
2016062100100406,2016년 6월 21일 16시,화요일,대전광역시 대덕구 송촌동,경상사고,0,0,1,0,차대차 - 추돌,안전운전불이행,건조,맑음,단일로 - 기타,승합,남,62세,상해없음,승용,여,36세,상해없음
2016062100100407,2016년 6월 21일 16시,화요일,대전광역시 대덕구 읍내동,경상사고,0,0,1,0,차대사람 - 길가장자리구역통행중,안전거리미확보,건조,맑음,단일로 - 기타,승용,여,48세,상해없음,보행자,남,72세,경상
2016062100100408,2016년 6월 21일 16시,화요일,대전광역시 유성구 구암동,경상사고,0,0,1,0,차대차 - 측면충돌,안전거리미확보,건조,맑음,단일로 - 기타,승용,남,44세,상해없음,승용,여,29세,경상
2016062100100453,2016년 6월 21일 17시,화요일,대전광역시 대덕구 목상동,부상신고사고,0,0,0,1,차대사람 - 차도통행중,안전운전불이행,건조,기타,단일로 - 기타,승용,남,50세,상해없음,보행자,남,44세,부상신고
2016062100100454,2016년 6월 21일 17시,화요일,대전광역시 서구 탄방동,경상사고,0,0,2,0,차대차 - 기타,안전운전불이행,건조,맑음,교차로 - 교차로부근,승용,남,64세,상해없음,승용,남,30세,경상
2016062100100531,2016년 6월 21일 19시,화요일,대전광역시 중구 용두동,경상사고,0,0,2,0,차대차 - 측면직각충돌,안전운전불이행,건조,맑음,교차로 - 교차로부근,승용,남,53세,경상,승용,남,25세,경상
2016062100100532,2016년 6월 21일 19시,화요일,대전광역시 서구 탄방동,중상사고,0,1,0,0,차대차 - 기타,차로위반,건조,맑음,교차로 - 교차로부근,승용,남,65세,상해없음,승용,남,32세,상해없음
2016062100100533,2016년 6월 21일 19시,화요일,대전광역시 유성구 송강동,경상사고,0,0,1,0,차대차 - 측면충돌,신호위반,건조,맑음,교차로 - 교차로안,승용,여,30세,상해없음,승용,남,32세,경상
2016062100100589,2016년 6월 21일 21시,화요일,대전광역시 동구 구도동,경상사고,0,0,2,0,차대차 - 측면충돌,안전운전불이행,건조,맑음,교차로 - 교차로부근,승용,여,55세,상해없음,승용,남,44세,경상
2016062100100590,2016년 6월 21일 21시,화요일,대전광역시 동구 원동,경상사고,0,0,1,0,차대차 - 정면충돌,신호위반,건조,맑음,교차로 - 교차로안,승용,여,64세,상해없음,승용,남,54세,경상
2016062100100591,2016년 6월 21일 21시,화요일,대전광역시 동구 성남동,경상사고,0,0,1,0,차대사람 - 기타,안전운전불이행,건조,맑음,교차로 - 교차로부근,승용,남,50세,상해없음,보행자,여,40세,경상
2016062100100593,2016년 6월 21일 21시,화요일,대전광역시 유성구 봉명동,경상사고,0,0,1,0,차대사람 - 길가장자리구역통행중,안전운전불이행,건조,맑음,단일로 - 기타,승용,남,23세,상해없음,보행자,남,43세,경상
2016062100100615,2016년 6월 21일 22시,화요일,대전광역시 서구 둔산동,경상사고,0,0,1,0,차대사람 - 횡단중,안전운전불이행,건조,맑음,교차로 - 교차로부근,승용,남,47세,상해없음,보행자,남,35세,경상
2016062100100635,2016년 6월 21일 23시,화요일,대전광역시 동구 삼성동,중상사고,0,2,1,0,차대차 - 정면충돌,안전운전불이행,건조,맑음,단일로 - 기타,승용,여,38세,상해없음,승용,남,31세,경상
2016062200100041,2016년 6월 22일 04시,수요일,대전광역시 서구 탄방동,중상사고,0,1,0,0,차대차 - 추돌,신호위반,건조,맑음,교차로 - 교차로안,승용,남,58세,상해없음,이륜,남,20세,중상
2016062200100046,2016년 6월 22일 05시,수요일,대전광역시 유성구 대정동,경상사고,0,0,1,0,차대차 - 기타,신호위반,건조,맑음,교차로 - 교차로안,승용,남,55세,상해없음,승용,남,64세,경상
2016062200100149,2016년 6월 22일 09시,수요일,대전광역시 유성구 죽동,경상사고,0,0,1,0,차대사람 - 횡단중,안전운전불이행,건조,맑음,단일로 - 기타,화물,남,27세,상해없음,보행자,남,43세,경상
2016062200100163,2016년 6월 22일 10시,수요일,대전광역시 중구 유천동,경상사고,0,0,1,0,차대차 - 측면직각충돌,신호위반,건조,맑음,교차로 - 교차로안,승용,여,62세,상해없음,자전거,여,62세,경상
2016062200100164,2016년 6월 22일 10시,수요일,대전광역시 유성구 송강동,중상사고,0,1,0,0,차대사람 - 횡단중,안전운전불이행,건조,맑음,단일로 - 기타,화물,남,40세,상해없음,보행자,여,86세,중상
2016062200100190,2016년 6월 22일 11시,수요일,대전광역시 서구 탄방동,경상사고,0,0,2,0,차대차 - 추돌,안전운전불이행,건조,맑음,교차로 - 교차로안,승용,남,67세,상해없음,승용,남,25세,경상
2016062200100191,2016년 6월 22일 11시,수요일,대전광역시 대덕구 중리동,중상사고,0,2,0,0,차대차 - 기타,기타,건조,맑음,교차로 - 교차로안,승합,남,51세,상해없음,승용,남,31세,중상
2016062200100297,2016년 6월 22일 14시,수요일,대전광역시 유성구 원신흥동,경상사고,0,0,1,0,차대차 - 측면직각충돌,신호위반,건조,맑음,교차로 - 교차로안,승용,남,52세,상해없음,승용,남,31세,경상
2016062200100329,2016년 6월 22일 15시,수요일,대전광역시 유성구 외삼동,부상신고사고,0,0,0,1,차대사람 - 횡단중,안전운전불이행,건조,맑음,단일로 - 기타,자전거,남,47세,상해없음,보행자,남,67세,부상신고
2016062200100417,2016년 6월 22일 17시,수요일,대전광역시 서구 월평동,중상사고,0,2,0,0,차대차 - 추돌,안전운전불이행,건조,맑음,단일로 - 기타,건설기계,남,60세,상해없음,승용,여,56세,중상
2016062200100418,2016년 6월 22일 17시,수요일,대전광역시 유성구 봉명동,경상사고,0,0,1,0,차대차 - 측면직각충돌,안전거리미확보,습기,비,단일로 - 기타,승용,여,48세,상해없음,화물,남,60세,경상
2016062200100458,2016년 6월 22일 18시,수요일,대전광역시 중구 오류동,경상사고,0,0,1,0,차대차 - 추돌,안전거리미확보,건조,맑음,단일로 - 기타,승용,남,50세,상해없음,승용,남,53세,상해없음
2016062200100459,2016년 6월 22일 18시,수요일,대전광역시 동구 대동,경상사고,0,0,1,0,차대차 - 추돌,안전거리미확보,건조,맑음,교차로 - 교차로안,승용,남,45세,상해없음,승용,남,32세,경상
2016062200100488,2016년 6월 22일 19시,수요일,대전광역시 중구 대흥동,경상사고,0,0,1,0,차량단독 - 기타,기타,건조,맑음,단일로 - 기타,승합,남,54세,상해없음,,,,
2016062200100489,2016년 6월 22일 19시,수요일,대전광역시 서구 괴정동,부상신고사고,0,0,0,1,차대차 - 측면충돌,안전운전불이행,건조,맑음,단일로 - 기타,승용,남,61세,상해없음,승용,남,45세,부상신고
2016062200100490,2016년 6월 22일 19시,수요일,대전광역시 유성구 장대동,경상사고,0,0,2,0,차대차 - 기타,안전운전불이행,건조,맑음,단일로 - 기타,승용,남,59세,상해없음,화물,남,43세,경상
2016062200100564,2016년 6월 22일 22시,수요일,대전광역시 서구 둔산동,경상사고,0,0,1,0,차대사람 - 기타,안전운전불이행,건조,맑음,단일로 - 기타,승합,남,46세,상해없음,보행자,여,27세,경상
2016062300100030,2016년 6월 23일 01시,목요일,대전광역시 중구 유천동,경상사고,0,0,1,0,차대사람 - 기타,안전운전불이행,건조,맑음,단일로 - 기타,승용,남,17세,상해없음,보행자,남,61세,경상
2016062300100095,2016년 6월 23일 07시,목요일,대전광역시 서구 가장동,경상사고,0,0,1,0,차대차 - 측면직각충돌,안전운전불이행,건조,맑음,단일로 - 횡단보도상,승용,남,33세,상해없음,자전거,남,41세,경상
2016062300100199,2016년 6월 23일 10시,목요일,대전광역시 서구 탄방동,경상사고,0,0,1,0,차대차 - 측면직각충돌,중앙선침범,건조,맑음,단일로 - 기타,화물,남,60세,상해없음,승용,남,38세,경상
2016062300100252,2016년 6월 23일 12시,목요일,대전광역시 유성구 용계동,경상사고,0,0,1,0,차대차 - 추돌,신호위반,건조,맑음,교차로 - 교차로안,기타불명,기타불명,기타불명,기타불명,승용,남,49세,경상
2016062300100253,2016년 6월 23일 12시,목요일,대전광역시 유성구 구암동,경상사고,0,0,3,0,차대차 - 기타,안전운전불이행,건조,맑음,교차로 - 교차로안,승용,여,51세,경상,화물,남,34세,경상
2016062300100278,2016년 6월 23일 13시,목요일,대전광역시 서구 변동,경상사고,0,0,1,0,차대차 - 추돌,안전운전불이행,건조,맑음,교차로 - 교차로안,승용,여,33세,상해없음,승용,여,38세,경상
2016062300100305,2016년 6월 23일 14시,목요일,대전광역시 서구 둔산동,중상사고,0,1,0,0,차대사람 - 횡단중,보행자보호의무위반,건조,맑음,단일로 - 횡단보도상,승용,남,45세,상해없음,보행자,남,29세,중상
2016062300100306,2016년 6월 23일 14시,목요일,대전광역시 서구 둔산동,경상사고,0,0,2,0,차대차 - 추돌,안전운전불이행,건조,맑음,교차로 - 교차로부근,승용,남,22세,상해없음,승용,여,37세,경상
2016062300100342,2016년 6월 23일 15시,목요일,대전광역시 대덕구 신탄진동,경상사고,0,0,1,0,차대차 - 추돌,안전운전불이행,건조,맑음,교차로 - 교차로안,승용,여,51세,상해없음,승합,남,52세,경상
2016062300100415,2016년 6월 23일 17시,목요일,대전광역시 서구 둔산동,중상사고,0,1,0,0,차대차 - 기타,신호위반,건조,맑음,단일로 - 횡단보도상,승용,남,58세,상해없음,자전거,남,14세,중상
2016062300100447,2016년 6월 23일 18시,목요일,대전광역시 중구 대흥동,중상사고,0,1,0,0,차대사람 - 기타,안전운전불이행,건조,맑음,단일로 - 기타,승용,남,32세,상해없음,보행자,남,34세,중상