사고번호,사고일시,요일,시군구,사고내용,사망자수,중상자수,경상자수,부상신고자수,사고유형,법규위반,노면상태,기상상태,도로형태,가해운전자 차종,가해운전자 성별,가해운전자 연령,가해운전자 상해정도,피해운전자 차종,피해운전자 성별,피해운전자 연령,피해운전자 상해정도
2016062300100448,2016년 6월 23일 18시,목요일,대전광역시 동구 성남동,경상사고,0,0,1,0,차대차 - 측면충돌,안전운전불이행,건조,맑음,단일로 - 기타,승용,여,39세,상해없음,자전거,남,56세,경상
2016062300100502,2016년 6월 23일 20시,목요일,대전광역시 서구 관저동,경상사고,0,0,1,0,차대차 - 추돌,안전운전불이행,건조,맑음,교차로 - 교차로부근,승용,남,58세,상해없음,승합,남,37세,경상
2016062300100529,2016년 6월 23일 21시,목요일,대전광역시 중구 선화동,중상사고,0,1,0,0,차대사람 - 횡단중,안전운전불이행,건조,맑음,단일로 - 기타,승합,남,54세,기타불명,보행자,여,18세,중상
2016062300100530,2016년 6월 23일 21시,목요일,대전광역시 유성구 관평동,경상사고,0,0,1,0,차대사람 - 횡단중,안전운전불이행,건조,맑음,단일로 - 기타,승용,남,32세,상해없음,보행자,남,32세,경상
2016062300100567,2016년 6월 23일 22시,목요일,대전광역시 중구 호동,사망사고,1,2,2,0,차대차 - 기타,안전운전불이행,건조,맑음,단일로 - 기타,승용,남,21세,상해없음,자전거,남,41세,기타불명
2016062300100568,2016년 6월 23일 22시,목요일,대전광역시 중구 중촌동,경상사고,0,0,1,0,차대사람 - 기타,안전운전불이행,건조,맑음,교차로 - 교차로안,승합,남,56세,상해없음,보행자,남,38세,경상
2016062300100594,2016년 6월 23일 23시,목요일,대전광역시 서구 갈마동,중상사고,0,1,0,0,차대사람 - 길가장자리구역통행중,안전운전불이행,습기,비,교차로 - 교차로안,승용,남,30세,기타불명,보행자,여,22세,중상
2016062400100018,2016년 6월 24일 00시,금요일,대전광역시 중구 용두동,경상사고,0,0,4,0,차대차 - 측면충돌,안전운전불이행,습기,비,미분류 - 미분류,승용,남,25세,상해없음,화물,남,64세,경상
2016062400100019,2016년 6월 24일 00시,금요일,대전광역시 중구 용두동,중상사고,0,1,0,0,차대차 - 추돌,안전거리미확보,습기,비,단일로 - 기타,승용,남,41세,상해없음,승용,남,62세,중상
2016062400100020,2016년 6월 24일 00시,금요일,대전광역시 서구 갈마동,중상사고,0,1,0,0,차대차 - 기타,안전운전불이행,습기,비,교차로 - 교차로안,승용,남,22세,상해없음,이륜,남,32세,중상
2016062400100021,2016년 6월 24일 00시,금요일,대전광역시 유성구 용산동,경상사고,0,0,1,0,차대차 - 측면직각충돌,신호위반,습기,비,교차로 - 교차로안,승용,남,37세,상해없음,승용,남,26세,경상
2016062400100022,2016년 6월 24일 00시,금요일,대전광역시 유성구 방동,중상사고,0,2,2,0,차량단독 - 공작물충돌,안전운전불이행,습기,비,교차로 - 교차로부근,승용,남,66세,상해없음,,,,
2016062400100035,2016년 6월 24일 01시,금요일,대전광역시 대덕구 법동,중상사고,0,1,0,0,차대차 - 추돌,안전운전불이행,습기,비,교차로 - 교차로부근,승용,남,45세,상해없음,승용,남,52세,중상
2016062400100036,2016년 6월 24일 01시,금요일,대전광역시 유성구 궁동,중상사고,0,1,3,0,차대차 - 측면직각충돌,신호위반,습기,비,교차로 - 교차로안,승용,남,55세,경상,승용,남,47세,중상
2016062400100060,2016년 6월 24일 03시,금요일,대전광역시 중구 사정동,경상사고,0,0,1,0,차대차 - 추돌,신호위반,습기,비,교차로 - 교차로안,화물,남,45세,기타불명,승용,남,47세,경상
2016062400100121,2016년 6월 24일 07시,금요일,대전광역시 대덕구 오정동,부상신고사고,0,0,0,1,차대차 - 추돌,차로위반,습기,비,단일로 - 기타,승용,남,78세,상해없음,승용,남,55세,부상신고
2016062400100219,2016년 6월 24일 09시,금요일,대전광역시 동구 가양동,경상사고,0,0,1,0,차대사람 - 횡단중,안전운전불이행,습기,비,기타 - 기타,기타불명,기타불명,기타불명,기타불명,보행자,여,69세,경상
2016062400100220,2016년 6월 24일 09시,금요일,대전광역시 유성구 상대동,경상사고,0,0,2,0,차대차 - 기타,신호위반,습기,비,교차로 - 교차로안,승용,여,32세,상해없음,승용,여,51세,경상
2016062400100245,2016년 6월 24일 10시,금요일,대전광역시 중구 부사동,경상사고,0,0,1,0,차대차 - 정면충돌,차로위반,습기,비,단일로 - 기타,화물,남,64세,상해없음,승합,남,45세,상해없음
2016062400100280,2016년 6월 24일 11시,금요일,대전광역시 동구 대성동,경상사고,0,0,4,0,차대차 - 추돌,안전운전불이행,습기,비,단일로 - 기타,승용,여,47세,상해없음,승용,여,45세,경상
2016062400100390,2016년 6월 24일 15시,금요일,대전광역시 중구 문화동,경상사고,0,0,3,0,차대차 - 측면직각충돌,교차로운행방법위반,건조,맑음,교차로 - 교차로안,승용,남,53세,경상,승용,남,61세,경상
2016062400100391,2016년 6월 24일 15시,금요일,대전광역시 유성구 반석동,경상사고,0,0,2,0,차대차 - 기타,안전운전불이행,건조,맑음,단일로 - 기타,승용,남,27세,상해없음,승용,남,51세,경상
2016062400100466,2016년 6월 24일 17시,금요일,대전광역시 중구 석교동,경상사고,0,0,1,0,차대차 - 정면충돌,안전운전불이행,건조,맑음,단일로 - 기타,화물,남,53세,상해없음,자전거,여,51세,경상
2016062400100467,2016년 6월 24일 17시,금요일,대전광역시 서구 월평동,경상사고,0,0,1,0,차대차 - 측면직각충돌,신호위반,건조,맑음,교차로 - 교차로안,승용,남,28세,상해없음,이륜,남,28세,경상
2016062400100499,2016년 6월 24일 18시,금요일,대전광역시 중구 목동,경상사고,0,0,2,0,차대차 - 추돌,안전운전불이행,건조,맑음,교차로 - 교차로안,승용,여,34세,상해없음,승용,남,56세,경상
2016062400100533,2016년 6월 24일 19시,금요일,대전광역시 서구 만년동,경상사고,0,0,1,0,차대차 - 추돌,안전운전불이행,건조,맑음,단일로 - 터널,승용,남,28세,상해없음,승용,남,46세,경상
2016062400100564,2016년 6월 24일 20시,금요일,대전광역시 중구 대흥동,경상사고,0,0,1,0,차대사람 - 횡단중,보행자보호의무위반,건조,맑음,교차로 - 교차로안,승용,남,20세,상해없음,보행자,남,58세,경상
2016062400100565,2016년 6월 24일 20시,금요일,대전광역시 동구 신안동,경상사고,0,0,1,0,차대차 - 추돌,교차로운행방법위반,건조,맑음,교차로 - 교차로안,이륜,남,61세,상해없음,이륜,남,30세,경상
2016062400100594,2016년 6월 24일 21시,금요일,대전광역시 중구 산성동,경상사고,0,0,1,0,차대차 - 측면직각충돌,안전운전불이행,건조,맑음,교차로 - 교차로안,승용,남,31세,상해없음,승합,남,62세,경상
2016062400100595,2016년 6월 24일 21시,금요일,대전광역시 동구 낭월동,중상사고,0,1,0,0,차대사람 - 횡단중,안전운전불이행,건조,맑음,단일로 - 기타,승용,여,25세,상해없음,보행자,여,29세,중상
2016062500100020,2016년 6월 25일 00시,토요일,대전광역시 대덕구 오정동,경상사고,0,0,2,0,차대차 - 추돌,안전운전불이행,건조,맑음,교차로 - 교차로부근,승용,남,35세,상해없음,승용,남,53세,경상
2016062500100040,2016년 6월 25일 01시,토요일,대전광역시 중구 태평동,부상신고사고,0,0,0,1,차대사람 - 길가장자리구역통행중,안전운전불이행,건조,맑음,단일로 - 기타,원동기,남,43세,상해없음,보행자,남,17세,부상신고
2016062500100041,2016년 6월 25일 01시,토요일,대전광역시 대덕구 중리동,경상사고,0,0,1,0,차대차 - 측면직각충돌,교차로운행방법위반,건조,맑음,교차로 - 교차로안,승용,여,50세,상해없음,승용,남,42세,경상
2016062500100121,2016년 6월 25일 06시,토요일,대전광역시 유성구 덕명동,중상사고,0,2,0,0,차대차 - 측면충돌,중앙선침범,건조,맑음,교차로 - 교차로부근,승용,남,32세,상해없음,승용,남,26세,중상
2016062500100189,2016년 6월 25일 09시,토요일,대전광역시 유성구 관평동,경상사고,0,0,1,0,차대차 - 측면충돌,신호위반,건조,맑음,교차로 - 교차로안,승용,남,66세,상해없음,화물,남,43세,경상
2016062500100258,2016년 6월 25일 11시,토요일,대전광역시 동구 용운동,경상사고,0,0,1,0,차대차 - 정면충돌,안전운전불이행,건조,맑음,교차로 - 교차로안,승용,여,63세,상해없음,승용,남,38세,경상
2016062500100294,2016년 6월 25일 12시,토요일,대전광역시 중구 태평동,중상사고,0,1,0,0,차대사람 - 기타,안전운전불이행,건조,맑음,단일로 - 기타,기타불명,기타불명,기타불명,기타불명,보행자,여,65세,중상
2016062500100336,2016년 6월 25일 13시,토요일,대전광역시 중구 문화동,중상사고,0,1,0,0,차대차 - 측면직각충돌,안전거리미확보,건조,맑음,단일로 - 기타,원동기,남,71세,중상,화물,남,48세,상해없음
2016062500100337,2016년 6월 25일 13시,토요일,대전광역시 동구 삼성동,중상사고,0,1,6,0,차대차 - 정면충돌,중앙선침범,건조,맑음,단일로 - 교량,승용,남,22세,상해없음,승용,여,34세,경상
2016062500100381,2016년 6월 25일 14시,토요일,대전광역시 중구 은행동,경상사고,0,0,1,0,차대사람 - 횡단중,안전운전불이행,건조,맑음,단일로 - 기타,승용,남,72세,상해없음,보행자,남,83세,경상
2016062500100382,2016년 6월 25일 14시,토요일,대전광역시 동구 용전동,경상사고,0,0,1,0,차대차 - 추돌,안전운전불이행,건조,맑음,단일로 - 기타,승용,남,75세,상해없음,승용,여,40세,경상
2016062500100383,2016년 6월 25일 14시,토요일,대전광역시 유성구 원내동,경상사고,0,0,2,0,차대차 - 측면충돌,교차로운행방법위반,건조,맑음,교차로 - 교차로안,승용,여,59세,상해없음,이륜,남,37세,경상
2016062500100421,2016년 6월 25일 15시,토요일,대전광역시 중구 오류동,중상사고,0,1,0,0,차대차 - 추돌,안전거리미확보,건조,맑음,교차로 - 교차로안,승용,남,34세,상해없음,승용,남,38세,중상
2016062500100422,2016년 6월 25일 15시,토요일,대전광역시 유성구 봉명동,경상사고,0,0,1,0,차대사람 - 기타,안전운전불이행,건조,맑음,교차로 - 교차로부근,승용,여,66세,상해없음,보행자,남,57세,경상
2016062500100423,2016년 6월 25일 15시,토요일,대전광역시 유성구 궁동,경상사고,0,0,3,0,차대차 - 추돌,안전운전불이행,건조,맑음,교차로 - 교차로부근,승용,남,35세,기타불명,승용,남,48세,경상
2016062500100467,2016년 6월 25일 16시,토요일,대전광역시 대덕구 오정동,경상사고,0,0,1,0,차대차 - 추돌,안전운전불이행,건조,맑음,단일로 - 횡단보도부근,승용,남,26세,상해없음,승용,남,52세,경상
2016062500100507,2016년 6월 25일 17시,토요일,대전광역시 유성구 송강동,경상사고,0,0,1,0,차대차 - 측면직각충돌,안전운전불이행,건조,맑음,교차로 - 교차로안,승용,남,62세,상해없음,자전거,남,10세,경상
2016062500100508,2016년 6월 25일 17시,토요일,대전광역시 유성구 장대동,중상사고,0,1,0,0,차대차 - 기타,신호위반,건조,맑음,단일로 - 기타,승용,남,62세,상해없음,승용,남,55세,중상
2016062500100553,2016년 6월 25일 18시,토요일,대전광역시 서구 탄방동,경상사고,0,0,1,0,차대차 - 추돌,안전운전불이행,건조,맑음,단일로 - 기타,특수,남,25세,상해없음,승용,남,31세,경상
2016062500100580,2016년 6월 25일 19시,토요일,대전광역시 동구 대동,중상사고,0,1,0,0,차대차 - 측면직각충돌,안전운전불이행,건조,맑음,교차로 - 교차로안,승용,여,28세,상해없음,자전거,남,62세,중상
2016062500100606,2016년 6월 25일 20시,토요일,대전광역시 서구 정림동,경상사고,0,0,1,0,차대차 - 측면직각충돌,안전운전불이행,건조,맑음,교차로 - 교차로부근,자전거,남,24세,경상,승용,여,62세,상해없음
2016062500100636,2016년 6월 25일 21시,토요일,대전광역시 유성구 전민동,중상사고,0,1,0,0,차대차 - 기타,안전운전불이행,건조,맑음,단일로 - 기타,승용,여,51세,상해없음,자전거,남,69세,중상
2016062500100661,2016년 6월 25일 22시,토요일,대전광역시 서구 탄방동,경상사고,0,0,3,0,차대차 - 추돌,신호위반,건조,맑음,교차로 - 교차로안,승용,남,34세,상해없음,승용,남,27세,경상
2016062600100019,2016년 6월 26일 00시,일요일,대전광역시 서구 둔산동,경상사고,0,0,2,0,차대차 - 추돌,안전운전불이행,건조,맑음,교차로 - 교차로부근,승용,남,27세,상해없음,승용,남,45세,경상
2016062600100123,2016년 6월 26일 08시,일요일,대전광역시 서구 정림동,경상사고,0,0,4,0,차대차 - 추돌,안전운전불이행,건조,맑음,교차로 - 교차로부근,승용,남,25세,상해없음,승용,여,66세,경상
2016062600100124,2016년 6월 26일 08시,일요일,대전광역시 서구 복수동,경상사고,0,0,1,0,차대차 - 추돌,안전운전불이행,건조,맑음,교차로 - 교차로부근,승용,남,43세,상해없음,화물,남,54세,상해없음
2016062600100164,2016년 6월 26일 10시,일요일,대전광역시 동구 원동,경상사고,0,0,1,0,차량단독 - 기타,안전운전불이행,건조,맑음,교차로 - 교차로안,자전거,남,66세,경상,,,,
2016062600100248,2016년 6월 26일 13시,일요일,대전광역시 유성구 봉명동,경상사고,0,0,1,0,차대차 - 측면충돌,안전운전불이행,건조,맑음,단일로 - 기타,승용,남,75세,상해없음,이륜,남,22세,경상
2016062600100249,2016년 6월 26일 13시,일요일,대전광역시 유성구 봉명동,경상사고,0,0,1,0,차대차 - 측면직각충돌,안전거리미확보,건조,맑음,단일로 - 기타,승용,남,22세,상해없음,승용,여,52세,경상
2016062600100284,2016년 6월 26일 14시,일요일,대전광역시 중구 선화동,중상사고,0,1,0,0,차대사람 - 횡단중,안전운전불이행,건조,맑음,단일로 - 기타,승용,여,41세,상해없음,보행자,여,78세,중상
2016062600100285,2016년 6월 26일 14시,일요일,대전광역시 유성구 구암동,중상사고,0,1,0,0,차대차 - 기타,안전운전불이행,건조,맑음,단일로 - 기타,승용,남,45세,상해없음,기타불명,남,60세,중상
2016062600100406,2016년 6월 26일 19시,일요일,대전광역시 유성구 장대동,경상사고,0,0,3,0,차대차 - 측면직각충돌,신호위반,건조,맑음,교차로 - 교차로안,승용,여,49세,상해없음,승용,여,27세,경상
2016062600100407,2016년 6월 26일 19시,일요일,대전광역시 유성구 봉명동,경상사고,0,0,2,0,차대차 - 측면직각충돌,교차로운행방법위반,건조,맑음,교차로 - 교차로안,승용,남,51세,기타불명,승용,남,28세,경상
2016062600100435,2016년 6월 26일 20시,일요일,대전광역시 유성구 구암동,중상사고,0,1,0,0,차대차 - 측면충돌,신호위반,건조,맑음,교차로 - 교차로안,승용,남,57세,기타불명,화물,남,60세,중상
2016062600100458,2016년 6월 26일 21시,일요일,대전광역시 동구 홍도동,경상사고,0,0,2,0,차대차 - 측면충돌,교차로운행방법위반,건조,맑음,교차로 - 교차로안,승용,남,44세,상해없음,승용,여,24세,경상
2016062600100478,2016년 6월 26일 22시,일요일,대전광역시 유성구 봉명동,중상사고,0,1,0,0,차대차 - 측면직각충돌,신호위반,건조,맑음,교차로 - 교차로부근,승용,여,61세,상해없음,이륜,남,23세,중상
2016062700100026,2016년 6월 27일 03시,월요일,대전광역시 대덕구 오정동,중상사고,0,2,0,0,차대차 - 정면충돌,신호위반,건조,맑음,교차로 - 교차로안,승용,여,61세,상해없음,승용,남,22세,중상
2016062700100117,2016년 6월 27일 08시,월요일,대전광역시 대덕구 대화동,사망사고,1,0,0,0,차대차 - 측면직각충돌,안전운전불이행,건조,맑음,단일로 - 기타,원동기,남,74세,사망,화물,남,73세,상해없음
2016062700100118,2016년 6월 27일 08시,월요일,대전광역시 유성구 봉명동,경상사고,0,0,1,0,차대사람 - 기타,안전운전불이행,건조,맑음,단일로 - 기타,승용,남,63세,상해없음,보행자,남,28세,경상
2016062700100152,2016년 6월 27일 09시,월요일,대전광역시 중구 문화동,경상사고,0,0,1,0,차대차 - 측면직각충돌,안전운전불이행,건조,맑음,교차로 - 교차로안,승용,남,56세,상해없음,화물,남,49세,경상
2016062700100178,2016년 6월 27일 10시,월요일,대전광역시 동구 홍도동,경상사고,0,0,1,0,차대사람 - 기타,안전운전불이행,건조,맑음,단일로 - 기타,화물,남,60세,상해없음,보행자,여,59세,경상
2016062700100211,2016년 6월 27일 11시,월요일,대전광역시 서구 탄방동,경상사고,0,0,1,0,차대차 - 추돌,안전운전불이행,건조,맑음,단일로 - 기타,승용,남,47세,기타불명,승용,여,53세,경상
2016062700100269,2016년 6월 27일 13시,월요일,대전광역시 서구 둔산동,경상사고,0,0,1,0,차량단독 - 기타,기타,건조,맑음,단일로 - 기타,승합,남,51세,상해없음,,,,
2016062700100270,2016년 6월 27일 13시,월요일,대전광역시 유성구 봉명동,경상사고,0,0,1,0,차대차 - 기타,안전운전불이행,건조,맑음,단일로 - 기타,승용,남,58세,상해없음,승용,여,38세,경상
2016062700100306,2016년 6월 27일 14시,월요일,대전광역시 동구 가양동,경상사고,0,0,1,0,차대사람 - 횡단중,안전운전불이행,건조,맑음,단일로 - 기타,승용,남,70세,상해없음,보행자,여,79세,경상
2016062700100307,2016년 6월 27일 14시,월요일,대전광역시 서구 가장동,경상사고,0,0,2,0,차대차 - 측면직각충돌,차로위반,건조,맑음,단일로 - 기타,승용,여,41세,상해없음,승용,남,60세,경상
2016062700100308,2016년 6월 27일 14시,월요일,대전광역시 서구 둔산동,경상사고,0,0,1,0,차대차 - 추돌,안전운전불이행,건조,맑음,기타 - 기타,승용,남,48세,상해없음,승합,남,46세,경상
2016062700100338,2016년 6월 27일 15시,월요일,대전광역시 서구 용문동,경상사고,0,0,3,0,차대차 - 추돌,안전운전불이행,건조,맑음,교차로 - 교차로부근,승용,남,43세,상해없음,승용,남,30세,경상
2016062700100377,2016년 6월 27일 16시,월요일,대전광역시 중구 문화동,경상사고,0,0,1,0,차대차 - 측면충돌,신호위반,건조,맑음,교차로 - 교차로안,승용,남,64세,상해없음,승용,남,34세,경상
2016062700100378,2016년 6월 27일 16시,월요일,대전광역시 중구 대흥동,경상사고,0,0,1,0,차량단독 - 기타,기타,건조,맑음,단일로 - 기타,승합,남,47세,상해없음,,,,
2016062700100379,2016년 6월 27일 16시,월요일,대전광역시 서구 도마동,경상사고,0,0,1,0,차대차 - 측면직각충돌,안전운전불이행,건조,맑음,단일로 - 기타,화물,남,44세,상해없음,승용,여,50세,경상
2016062700100418,2016년 6월 27일 17시,월요일,대전광역시 중구 중촌동,경상사고,0,0,2,0,차대차 - 정면충돌,신호위반,습기,비,교차로 - 교차로안,승용,여,53세,상해없음,승용,남,34세,경상
2016062700100419,2016년 6월 27일 17시,월요일,대전광역시 서구 도안동,경상사고,0,0,2,0,차대차 - 측면직각충돌,교차로운행방법위반,건조,맑음,교차로 - 교차로안,승용,남,56세,경상,승용,남,41세,경상
2016062700100420,2016년 6월 27일 17시,월요일,대전광역시 대덕구 신탄진동,부상신고사고,0,0,0,1,차대차 - 추돌,안전운전불이행,건조,맑음,단일로 - 기타,화물,남,66세,상해없음,승합,남,62세,부상신고
2016062700100421,2016년 6월 27일 17시,월요일,대전광역시 대덕구 오정동,경상사고,0,0,1,0,차대차 - 추돌,안전운전불이행,습기,비,교차로 - 교차로부근,화물,남,59세,상해없음,승용,남,30세,경상
2016062700100489,2016년 6월 27일 19시,월요일,대전광역시 동구 용전동,경상사고,0,0,1,0,차대차 - 측면충돌,교차로운행방법위반,건조,맑음,교차로 - 교차로안,승용,남,29세,상해없음,승용,남,72세,경상
2016062700100490,2016년 6월 27일 19시,월요일,대전광역시 유성구 지족동,중상사고,0,1,0,0,차대차 - 추돌,안전운전불이행,건조,맑음,교차로 - 교차로부근,승용,여,46세,상해없음,이륜,남,65세,중상
2016062700100579,2016년 6월 27일 22시,월요일,대전광역시 대덕구 법동,경상사고,0,0,2,0,차대차 - 추돌,안전거리미확보,건조,맑음,교차로 - 교차로안,승용,남,49세,상해없음,승용,남,68세,상해없음
2016062700100580,2016년 6월 27일 22시,월요일,대전광역시 서구 탄방동,경상사고,0,0,1,0,차대차 - 추돌,안전운전불이행,건조,맑음,단일로 - 기타,승용,남,65세,상해없음,이륜,남,22세,경상
2016062700100581,2016년 6월 27일 22시,월요일,대전광역시 유성구 장대동,경상사고,0,0,1,0,차대사람 - 횡단중,안전운전불이행,건조,맑음,단일로 - 기타,승용,남,34세,상해없음,보행자,남,45세,경상
2016062700100582,2016년 6월 27일 22시,월요일,대전광역시 유성구 신성동,중상사고,0,1,0,0,차대사람 - 횡단중,안전운전불이행,건조,맑음,단일로 - 기타,승용,남,61세,상해없음,보행자,여,18세,중상
2016062700100600,2016년 6월 27일 23시,월요일,대전광역시 서구 정림동,중상사고,0,1,0,0,차대사람 - 보도통행중,보행자보호의무위반,건조,맑음,단일로 - 횡단보도상,승용,남,54세,상해없음,보행자,남,53세,중상
2016062800100040,2016년 6월 28일 03시,화요일,대전광역시 중구 유천동,중상사고,0,1,0,0,차대차 - 측면충돌,안전운전불이행,건조,맑음,단일로 - 기타,승용,남,57세,상해없음,원동기,남,19세,중상
2016062800100059,2016년 6월 28일 05시,화요일,대전광역시 서구 내동,중상사고,0,1,0,0,차대차 - 기타,신호위반,건조,맑음,교차로 - 교차로안,승용,남,63세,상해없음,이륜,남,57세,중상
2016062800100065,2016년 6월 28일 06시,화요일,대전광역시 대덕구 덕암동,사망사고,1,0,0,0,차대차 - 추돌,안전운전불이행,건조,맑음,기타 - 기타,화물,남,59세,사망,화물,남,37세,상해없음
2016062800100085,2016년 6월 28일 07시,화요일,대전광역시 중구 산성동,경상사고,0,0,1,0,차대차 - 측면충돌,안전운전불이행,건조,맑음,교차로 - 교차로안,승용,여,37세,상해없음,승용,여,48세,경상
2016062800100124,2016년 6월 28일 08시,화요일,대전광역시 대덕구 신대동,경상사고,0,0,2,0,차대차 - 측면충돌,안전운전불이행,건조,맑음,단일로 - 기타,화물,남,37세,상해없음,승용,남,56세,경상
2016062800100125,2016년 6월 28일 08시,화요일,대전광역시 서구 둔산동,부상신고사고,0,0,0,1,차대차 - 측면직각충돌,안전운전불이행,건조,맑음,교차로 - 교차로안,이륜,남,88세,부상신고,승용,남,43세,상해없음
2016062800100156,2016년 6월 28일 09시,화요일,대전광역시 서구 정림동,경상사고,0,0,1,0,차대차 - 추돌,안전운전불이행,건조,맑음,기타 - 기타,승용,여,46세,상해없음,승용,여,40세,경상
2016062800100157,2016년 6월 28일 09시,화요일,대전광역시 대덕구 문평동,중상사고,0,1,1,0,차대차 - 측면직각충돌,안전운전불이행,건조,맑음,단일로 - 기타,특수,남,57세,상해없음,승용,남,55세,중상
2016062800100187,2016년 6월 28일 10시,화요일,대전광역시 중구 유천동,경상사고,0,0,1,0,차대차 - 측면직각충돌,안전운전불이행,건조,맑음,단일로 - 횡단보도상,승용,남,26세,상해없음,자전거,남,41세,경상
2016062800100256,2016년 6월 28일 13시,화요일,대전광역시 유성구 가정동,경상사고,0,0,2,0,차대차 - 측면직각충돌,신호위반,건조,맑음,교차로 - 교차로안,승용,여,58세,상해없음,승용,남,55세,경상
2016062800100290,2016년 6월 28일 14시,화요일,대전광역시 유성구 가정동,중상사고,0,1,0,0,차대차 - 측면충돌,신호위반,건조,맑음,교차로 - 교차로안,승용,남,35세,상해없음,원동기,남,55세,중상
2016062800100323,2016년 6월 28일 15시,화요일,대전광역시 서구 도안동,중상사고,0,1,0,0,차대사람 - 횡단중,안전운전불이행,건조,맑음,교차로 - 교차로부근,승용,여,35세,상해없음,보행자,여,6세,중상
2016062800100394,2016년 6월 28일 17시,화요일,대전광역시 대덕구 법동,경상사고,0,0,1,0,차대차 - 정면충돌,신호위반,건조,맑음,단일로 - 기타,승용,남,48세,상해없음,승용,남,61세,경상
2016062800100395,2016년 6월 28일 17시,화요일,대전광역시 대덕구 중리동,경상사고,0,0,1,0,차대차 - 측면직각충돌,안전운전불이행,건조,맑음,교차로 - 교차로부근,승용,남,43세,상해없음,승용,남,61세,경상
2016062800100437,2016년 6월 28일 18시,화요일,대전광역시 중구 목동,중상사고,0,1,0,0,차대차 - 측면충돌,안전운전불이행,건조,맑음,교차로 - 교차로안,승합,여,61세,상해없음,승용,남,39세,상해없음
2016062800100497,2016년 6월 28일 20시,화요일,대전광역시 대덕구 상서동,경상사고,0,0,1,0,차대차 - 측면직각충돌,안전운전불이행,건조,맑음,교차로 - 교차로안,승용,남,65세,상해없음,승용,남,67세,경상
2016062800100498,2016년 6월 28일 20시,화요일,대전광역시 서구 월평동,중상사고,0,1,0,0,차대차 - 측면직각충돌,교차로운행방법위반,건조,맑음,교차로 - 교차로안,승용,남,62세,상해없음,이륜,여,50세,중상
2016062800100533,2016년 6월 28일 21시,화요일,대전광역시 중구 안영동,경상사고,0,0,3,1,차대차 - 측면충돌,안전거리미확보,건조,맑음,단일로 - 기타,승용,남,18세,상해없음,승합,남,58세,경상
2016062800100584,2016년 6월 28일 23시,화요일,대전광역시 동구 용전동,경상사고,0,0,1,0,차대차 - 측면직각충돌,차로위반,건조,맑음,단일로 - 기타,승용,남,24세,상해없음,승용,남,55세,경상
2016062800100585,2016년 6월 28일 23시,화요일,대전광역시 서구 둔산동,중상사고,0,1,1,0,차대차 - 측면직각충돌,신호위반,건조,맑음,교차로 - 교차로안,승용,남,43세,상해없음,승용,여,58세,경상
2016062800100586,2016년 6월 28일 23시,화요일,대전광역시 서구 둔산동,중상사고,0,1,2,1,차대차 - 측면직각충돌,신호위반,건조,맑음,교차로 - 교차로안,승합,남,25세,상해없음,승용,남,65세,경상
2016062900100029,2016년 6월 29일 01시,수요일,대전광역시 유성구 용산동,중상사고,0,1,0,0,차대차 - 측면직각충돌,신호위반,건조,맑음,교차로 - 교차로안,승용,남,53세,상해없음,승용,남,24세,중상
2016062900100057,2016년 6월 29일 05시,수요일,대전광역시 유성구 덕진동,중상사고,0,2,0,0,차량단독 - 기타,안전운전불이행,건조,맑음,단일로 - 기타,승용,남,52세,상해없음,,,,
2016062900100143,2016년 6월 29일 08시,수요일,대전광역시 중구 대사동,경상사고,0,0,1,0,차량단독 - 기타,기타,건조,맑음,단일로 - 기타,승합,남,50세,상해없음,,,,
2016062900100167,2016년 6월 29일 09시,수요일,대전광역시 동구 성남동,경상사고,0,0,1,0,차대차 - 정면충돌,신호위반,건조,맑음,교차로 - 교차로부근,이륜,남,59세,경상,화물,남,65세,상해없음
2016062900100168,2016년 6월 29일 09시,수요일,대전광역시 서구 관저동,중상사고,0,1,0,0,차대차 - 기타,신호위반,건조,맑음,교차로 - 교차로안,승용,여,40세,상해없음,승용,남,53세,중상
2016062900100169,2016년 6월 29일 09시,수요일,대전광역시 서구 둔산동,경상사고,0,0,2,1,차대차 - 추돌,안전운전불이행,건조,맑음,단일로 - 기타,승용,남,35세,상해없음,승용,남,64세,경상
2016062900100267,2016년 6월 29일 12시,수요일,대전광역시 중구 유천동,경상사고,0,0,1,0,차량단독 - 기타,안전운전불이행,건조,맑음,교차로 - 교차로안,승합,남,54세,상해없음,,,,
2016062900100268,2016년 6월 29일 12시,수요일,대전광역시 서구 도마동,중상사고,0,2,0,0,차대차 - 측면직각충돌,신호위반,건조,맑음,교차로 - 교차로안,승용,여,60세,기타불명,승용,남,39세,중상
2016062900100269,2016년 6월 29일 12시,수요일,대전광역시 서구 월평동,경상사고,0,0,2,0,차대차 - 추돌,안전운전불이행,건조,맑음,단일로 - 기타,승용,남,48세,상해없음,승용,남,58세,경상
2016062900100326,2016년 6월 29일 14시,수요일,대전광역시 대덕구 와동,경상사고,0,0,2,0,차대차 - 측면충돌,교차로운행방법위반,건조,맑음,교차로 - 교차로부근,승용,여,39세,상해없음,승합,남,44세,경상
2016062900100327,2016년 6월 29일 14시,수요일,대전광역시 서구 둔산동,중상사고,0,1,0,0,차대사람 - 차도통행중,안전운전불이행,건조,맑음,교차로 - 교차로안,화물,남,53세,상해없음,보행자,여,90세 이상,중상