사고번호,사고일시,요일,시군구,사고내용,사망자수,중상자수,경상자수,부상신고자수,사고유형,법규위반,노면상태,기상상태,도로형태,가해운전자 차종,가해운전자 성별,가해운전자 연령,가해운전자 상해정도,피해운전자 차종,피해운전자 성별,피해운전자 연령,피해운전자 상해정도
2016062900100395,2016년 6월 29일 16시,수요일,대전광역시 중구 문화동,중상사고,0,1,0,0,차대차 - 측면직각충돌,신호위반,건조,맑음,교차로 - 교차로안,승용,남,57세,상해없음,원동기,남,20세,중상
2016062900100396,2016년 6월 29일 16시,수요일,대전광역시 대덕구 오정동,경상사고,0,0,1,0,차대차 - 추돌,안전운전불이행,건조,맑음,교차로 - 교차로안,승용,남,55세,상해없음,승용,남,56세,경상
2016062900100397,2016년 6월 29일 16시,수요일,대전광역시 서구 만년동,경상사고,0,0,1,0,차대차 - 측면직각충돌,차로위반,건조,맑음,단일로 - 기타,승합,남,59세,상해없음,승용,남,56세,경상
2016062900100398,2016년 6월 29일 16시,수요일,대전광역시 유성구 노은동,경상사고,0,0,2,0,차대차 - 측면충돌,교차로운행방법위반,건조,맑음,교차로 - 교차로안,승용,남,54세,상해없음,승용,남,22세,경상
2016062900100481,2016년 6월 29일 18시,수요일,대전광역시 동구 중동,경상사고,0,0,1,0,차대차 - 정면충돌,안전운전불이행,건조,맑음,교차로 - 교차로부근,승용,기타불명,기타불명,기타불명,승용,남,42세,경상
2016062900100482,2016년 6월 29일 18시,수요일,대전광역시 동구 중동,경상사고,0,0,1,0,차대사람 - 기타,안전운전불이행,건조,맑음,단일로 - 기타,승용,남,28세,상해없음,보행자,여,46세,경상
2016062900100483,2016년 6월 29일 18시,수요일,대전광역시 서구 탄방동,중상사고,0,2,0,0,차대차 - 측면직각충돌,안전거리미확보,건조,맑음,단일로 - 기타,승용,남,31세,상해없음,이륜,남,63세,중상
2016062900100507,2016년 6월 29일 19시,수요일,대전광역시 중구 대사동,경상사고,0,0,1,0,차대차 - 기타,안전운전불이행,건조,맑음,단일로 - 횡단보도상,승용,남,64세,상해없음,자전거,남,21세,경상
2016062900100508,2016년 6월 29일 19시,수요일,대전광역시 대덕구 상서동,경상사고,0,0,1,0,차대사람 - 횡단중,안전운전불이행,건조,맑음,단일로 - 횡단보도상,화물,남,26세,상해없음,보행자,남,5세,경상
2016062900100509,2016년 6월 29일 19시,수요일,대전광역시 서구 월평동,부상신고사고,0,0,0,1,차대차 - 측면직각충돌,안전운전불이행,건조,맑음,단일로 - 기타,이륜,남,24세,부상신고,승용,여,40세,상해없음
2016062900100568,2016년 6월 29일 21시,수요일,대전광역시 중구 선화동,경상사고,0,0,1,0,차대차 - 추돌,교차로운행방법위반,건조,맑음,교차로 - 교차로부근,승용,여,42세,상해없음,승용,여,22세,경상
2016062900100569,2016년 6월 29일 21시,수요일,대전광역시 동구 성남동,부상신고사고,0,0,0,1,차대차 - 측면충돌,중앙선침범,건조,맑음,단일로 - 기타,자전거,여,63세,부상신고,승용,여,55세,상해없음
2016062900100585,2016년 6월 29일 22시,수요일,대전광역시 서구 갈마동,경상사고,0,0,1,0,차대차 - 추돌,안전운전불이행,건조,맑음,단일로 - 기타,승용,남,55세,기타불명,승용,여,48세,경상
2016062900100586,2016년 6월 29일 22시,수요일,대전광역시 유성구 도룡동,중상사고,0,1,0,0,차대차 - 측면직각충돌,안전운전불이행,건조,맑음,단일로 - 기타,승용,남,27세,상해없음,자전거,남,21세,중상
2016063000100015,2016년 6월 30일 00시,목요일,대전광역시 동구 용전동,중상사고,0,1,1,0,차대차 - 측면충돌,안전운전불이행,건조,맑음,교차로 - 교차로부근,원동기,남,44세,중상,승용,남,26세,상해없음
2016063000100044,2016년 6월 30일 04시,목요일,대전광역시 유성구 지족동,사망사고,1,1,0,0,차대차 - 정면충돌,중앙선침범,건조,흐림,단일로 - 기타,승용,남,48세,사망,승용,남,35세,중상
2016063000100066,2016년 6월 30일 06시,목요일,대전광역시 동구 비룡동,중상사고,0,1,0,0,차대차 - 측면직각충돌,안전운전불이행,건조,맑음,교차로 - 교차로안,승용,남,63세,상해없음,자전거,남,69세,중상
2016063000100067,2016년 6월 30일 06시,목요일,대전광역시 유성구 장대동,경상사고,0,0,1,0,차대차 - 추돌,안전운전불이행,건조,맑음,단일로 - 기타,건설기계,남,26세,상해없음,승용,남,35세,경상
2016063000100093,2016년 6월 30일 07시,목요일,대전광역시 대덕구 읍내동,중상사고,0,1,0,0,차대차 - 측면직각충돌,신호위반,건조,맑음,교차로 - 교차로부근,승용,남,56세,상해없음,이륜,남,50세,중상
2016063000100124,2016년 6월 30일 08시,목요일,대전광역시 서구 월평동,중상사고,0,1,0,0,차대사람 - 횡단중,안전운전불이행,건조,맑음,교차로 - 교차로부근,승용,여,62세,상해없음,보행자,여,7세,중상
2016063000100150,2016년 6월 30일 09시,목요일,대전광역시 서구 내동,경상사고,0,0,1,0,차대차 - 측면직각충돌,중앙선침범,건조,맑음,단일로 - 기타,자전거,남,66세,경상,화물,남,22세,상해없음
2016063000100200,2016년 6월 30일 11시,목요일,대전광역시 유성구 자운동,경상사고,0,0,1,0,차량단독 - 기타,안전운전불이행,건조,맑음,단일로 - 기타,승합,남,57세,상해없음,,,,
2016063000100234,2016년 6월 30일 12시,목요일,대전광역시 유성구 덕명동,경상사고,0,0,2,0,차대차 - 추돌,안전운전불이행,건조,맑음,교차로 - 교차로부근,화물,남,35세,상해없음,승용,여,45세,경상
2016063000100283,2016년 6월 30일 14시,목요일,대전광역시 대덕구 비래동,경상사고,0,0,1,0,차량단독 - 기타,기타,건조,맑음,단일로 - 기타,승합,남,55세,상해없음,,,,
2016063000100306,2016년 6월 30일 15시,목요일,대전광역시 대덕구 덕암동,경상사고,0,0,2,0,차대차 - 측면직각충돌,차로위반,건조,맑음,단일로 - 기타,승용,남,36세,경상,화물,남,56세,경상
2016063000100348,2016년 6월 30일 16시,목요일,대전광역시 동구 가오동,경상사고,0,0,1,0,차대차 - 추돌,안전운전불이행,건조,맑음,미분류 - 미분류,승용,남,66세,상해없음,승용,남,40세,경상
2016063000100349,2016년 6월 30일 16시,목요일,대전광역시 유성구 장동,중상사고,0,1,0,0,차대차 - 추돌,안전거리미확보,건조,맑음,단일로 - 기타,승용,남,25세,상해없음,이륜,남,35세,중상
2016063000100388,2016년 6월 30일 17시,목요일,대전광역시 대덕구 중리동,경상사고,0,0,1,0,차대차 - 추돌,중앙선침범,건조,맑음,단일로 - 기타,승용,남,48세,상해없음,원동기,남,21세,경상
2016063000100433,2016년 6월 30일 18시,목요일,대전광역시 중구 대흥동,경상사고,0,0,1,0,차대차 - 추돌,안전운전불이행,건조,맑음,교차로 - 교차로안,승용,남,68세,상해없음,승용,여,42세,경상
2016063000100434,2016년 6월 30일 18시,목요일,대전광역시 유성구 상대동,중상사고,0,1,0,0,차량단독 - 전도전복,기타,건조,맑음,교차로 - 교차로안,승합,남,43세,상해없음,,,,
2016063000100459,2016년 6월 30일 19시,목요일,대전광역시 중구 태평동,경상사고,0,0,1,0,차대차 - 추돌,안전운전불이행,건조,맑음,교차로 - 교차로안,건설기계,남,48세,상해없음,원동기,남,59세,경상
2016063000100500,2016년 6월 30일 20시,목요일,대전광역시 유성구 죽동,경상사고,0,0,1,0,차대차 - 측면충돌,직진우회전진행방해,건조,맑음,교차로 - 교차로안,승용,여,24세,상해없음,원동기,남,28세,경상
2016063000100530,2016년 6월 30일 21시,목요일,대전광역시 중구 오류동,경상사고,0,0,1,0,차대차 - 측면직각충돌,중앙선침범,건조,맑음,단일로 - 기타,승용,남,62세,상해없음,승용,남,52세,경상
2016063000100531,2016년 6월 30일 21시,목요일,대전광역시 대덕구 신탄진동,경상사고,0,0,1,0,차대사람 - 횡단중,보행자보호의무위반,건조,맑음,교차로 - 교차로안,승용,남,48세,상해없음,보행자,남,55세,경상
2016070100100017,2016년 7월 1일 00시,금요일,대전광역시 유성구 봉명동,경상사고,0,0,1,0,차대차 - 측면충돌,신호위반,건조,맑음,교차로 - 교차로안,승용,남,51세,기타불명,승용,남,31세,경상
2016070100100048,2016년 7월 1일 02시,금요일,대전광역시 중구 산성동,중상사고,0,1,0,0,차대차 - 측면직각충돌,신호위반,건조,맑음,교차로 - 교차로안,승용,남,39세,상해없음,원동기,남,40세,중상
2016070100100056,2016년 7월 1일 04시,금요일,대전광역시 중구 대흥동,경상사고,0,0,3,0,차대차 - 추돌,안전운전불이행,건조,맑음,단일로 - 기타,승용,남,58세,상해없음,승용,남,21세,경상
2016070100100084,2016년 7월 1일 07시,금요일,대전광역시 대덕구 오정동,중상사고,0,1,0,0,차대차 - 측면직각충돌,신호위반,건조,맑음,교차로 - 교차로부근,승합,남,65세,상해없음,화물,남,51세,중상
2016070100100085,2016년 7월 1일 07시,금요일,대전광역시 유성구 도룡동,경상사고,0,0,1,0,차대사람 - 횡단중,보행자보호의무위반,건조,맑음,교차로 - 교차로안,승용,남,34세,상해없음,보행자,남,7세,경상
2016070100100114,2016년 7월 1일 08시,금요일,대전광역시 중구 태평동,중상사고,0,4,2,0,차대차 - 측면직각충돌,신호위반,건조,맑음,교차로 - 교차로안,화물,남,25세,상해없음,승용,남,28세,경상
2016070100100134,2016년 7월 1일 09시,금요일,대전광역시 서구 괴정동,경상사고,0,0,1,0,차대차 - 기타,안전운전불이행,건조,흐림,단일로 - 기타,승용,남,58세,상해없음,자전거,여,25세,경상
2016070100100135,2016년 7월 1일 09시,금요일,대전광역시 대덕구 오정동,경상사고,0,0,1,0,차대사람 - 기타,안전운전불이행,건조,맑음,단일로 - 기타,승용,기타불명,기타불명,기타불명,보행자,여,41세,경상
2016070100100136,2016년 7월 1일 09시,금요일,대전광역시 대덕구 송촌동,경상사고,0,0,1,0,차대차 - 측면충돌,차로위반,건조,기타,단일로 - 기타,승합,남,45세,상해없음,승용,남,43세,경상
2016070100100137,2016년 7월 1일 09시,금요일,대전광역시 유성구 관평동,경상사고,0,0,1,0,차대차 - 측면충돌,중앙선침범,건조,흐림,단일로 - 기타,승용,남,53세,상해없음,승용,남,54세,경상
2016070100100159,2016년 7월 1일 10시,금요일,대전광역시 중구 선화동,경상사고,0,0,1,0,차대차 - 추돌,안전운전불이행,건조,맑음,단일로 - 기타,승용,여,53세,상해없음,승용,남,33세,경상
2016070100100242,2016년 7월 1일 12시,금요일,대전광역시 유성구 방동,중상사고,0,1,3,0,차대차 - 측면충돌,중앙선침범,습기,비,단일로 - 기타,승용,남,55세,기타불명,승용,남,37세,상해없음
2016070100100243,2016년 7월 1일 12시,금요일,대전광역시 유성구 봉명동,경상사고,0,0,2,0,차대차 - 측면충돌,과속,건조,흐림,단일로 - 기타,승용,남,53세,기타불명,화물,남,49세,상해없음
2016070100100287,2016년 7월 1일 13시,금요일,대전광역시 유성구 원신흥동,중상사고,0,1,0,0,차대차 - 추돌,안전거리미확보,습기,비,교차로 - 교차로부근,화물,남,45세,기타불명,승용,여,41세,중상
2016070100100439,2016년 7월 1일 16시,금요일,대전광역시 중구 부사동,경상사고,0,0,1,0,차대차 - 추돌,안전운전불이행,습기,비,단일로 - 기타,승용,남,36세,상해없음,승용,남,25세,경상
2016070100100440,2016년 7월 1일 16시,금요일,대전광역시 서구 월평동,경상사고,0,0,1,0,차대차 - 추돌,안전운전불이행,건조,맑음,단일로 - 기타,승용,남,24세,상해없음,승용,남,60세,경상
2016070100100441,2016년 7월 1일 16시,금요일,대전광역시 유성구 봉명동,경상사고,0,0,1,0,차대차 - 추돌,안전운전불이행,습기,비,단일로 - 기타,승용,남,50세,상해없음,승용,남,28세,경상
2016070100100491,2016년 7월 1일 17시,금요일,대전광역시 대덕구 문평동,경상사고,0,0,1,0,차량단독 - 전도전복,안전운전불이행,습기,비,단일로 - 기타,화물,남,56세,경상,,,,
2016070100100492,2016년 7월 1일 17시,금요일,대전광역시 서구 둔산동,경상사고,0,0,1,0,차대차 - 측면직각충돌,교차로운행방법위반,습기,비,교차로 - 교차로안,승합,남,60세,기타불명,승용,여,47세,경상
2016070100100536,2016년 7월 1일 18시,금요일,대전광역시 동구 가양동,중상사고,0,1,0,0,차대차 - 정면충돌,안전운전불이행,습기,비,교차로 - 교차로부근,승용,기타불명,기타불명,기타불명,원동기,남,68세,중상
2016070100100537,2016년 7월 1일 18시,금요일,대전광역시 서구 둔산동,경상사고,0,0,1,0,차대차 - 측면직각충돌,신호위반,습기,비,교차로 - 교차로안,승용,남,20세,상해없음,승용,여,36세,경상
2016070100100592,2016년 7월 1일 19시,금요일,대전광역시 중구 목동,경상사고,0,0,1,0,차대차 - 추돌,안전운전불이행,습기,비,단일로 - 기타,승용,남,54세,상해없음,화물,남,45세,경상
2016070100100654,2016년 7월 1일 20시,금요일,대전광역시 중구 대흥동,경상사고,0,0,1,0,차대차 - 측면직각충돌,차로위반,습기,비,단일로 - 기타,승용,남,49세,상해없음,원동기,남,71세,경상
2016070100100655,2016년 7월 1일 20시,금요일,대전광역시 동구 신흥동,경상사고,0,0,1,0,차대차 - 추돌,안전거리미확보,습기,비,교차로 - 교차로부근,승합,남,38세,상해없음,승용,남,54세,경상
2016070100100656,2016년 7월 1일 20시,금요일,대전광역시 대덕구 목상동,중상사고,0,1,0,0,차대차 - 추돌,안전운전불이행,습기,비,교차로 - 교차로부근,승용,남,41세,상해없음,승용,여,34세,중상
2016070100100702,2016년 7월 1일 21시,금요일,대전광역시 동구 가양동,경상사고,0,0,1,0,차대차 - 기타,교차로운행방법위반,건조,맑음,교차로 - 교차로안,승용,남,65세,상해없음,승용,남,46세,상해없음
2016070100100703,2016년 7월 1일 21시,금요일,대전광역시 서구 괴정동,경상사고,0,0,1,0,차대사람 - 길가장자리구역통행중,안전운전불이행,습기,비,교차로 - 교차로부근,승용,기타불명,기타불명,기타불명,보행자,남,21세,경상
2016070100100704,2016년 7월 1일 21시,금요일,대전광역시 대덕구 목상동,경상사고,0,0,1,0,차대사람 - 횡단중,보행자보호의무위반,습기,비,단일로 - 횡단보도상,승용,여,53세,상해없음,보행자,여,60세,경상
2016070100100743,2016년 7월 1일 22시,금요일,대전광역시 중구 문창동,경상사고,0,0,2,0,차대차 - 추돌,안전운전불이행,습기,비,단일로 - 기타,승용,남,53세,상해없음,승용,남,26세,경상
2016070100100744,2016년 7월 1일 22시,금요일,대전광역시 서구 가장동,경상사고,0,0,2,0,차대차 - 추돌,안전운전불이행,습기,비,교차로 - 교차로안,승용,여,28세,상해없음,승용,남,41세,경상
2016070100100745,2016년 7월 1일 22시,금요일,대전광역시 대덕구 신탄진동,중상사고,0,1,0,0,차대사람 - 기타,안전운전불이행,습기,비,단일로 - 기타,승용,남,56세,상해없음,보행자,남,52세,중상
2016070100100791,2016년 7월 1일 23시,금요일,대전광역시 중구 문화동,경상사고,0,0,2,0,차대차 - 추돌,안전운전불이행,습기,비,단일로 - 기타,승용,남,42세,상해없음,승용,남,41세,경상
2016070100100792,2016년 7월 1일 23시,금요일,대전광역시 유성구 궁동,중상사고,0,1,0,0,차량단독 - 공작물충돌,안전운전불이행,습기,비,단일로 - 기타,승용,남,52세,중상,,,,
2016070100100793,2016년 7월 1일 23시,금요일,대전광역시 유성구 관평동,경상사고,0,0,1,0,차대차 - 측면직각충돌,신호위반,습기,비,단일로 - 횡단보도상,승용,남,24세,상해없음,원동기,남,48세,경상
2016070100100794,2016년 7월 1일 23시,금요일,대전광역시 유성구 구암동,경상사고,0,0,1,0,차대차 - 측면직각충돌,안전운전불이행,습기,비,교차로 - 교차로안,승용,남,33세,상해없음,승용,남,45세,경상
2016070200100040,2016년 7월 2일 00시,토요일,대전광역시 서구 만년동,경상사고,0,0,2,0,차대차 - 측면충돌,신호위반,습기,비,교차로 - 교차로안,승용,남,63세,기타불명,승용,남,51세,경상
2016070200100062,2016년 7월 2일 01시,토요일,대전광역시 중구 오류동,중상사고,0,2,1,0,차대차 - 측면직각충돌,차로위반,습기,비,단일로 - 기타,승용,남,53세,상해없음,승용,남,52세,중상
2016070200100063,2016년 7월 2일 01시,토요일,대전광역시 중구 산성동,경상사고,0,0,1,0,차대차 - 측면직각충돌,신호위반,습기,비,교차로 - 교차로안,승용,남,30세,상해없음,승용,여,59세,경상
2016070200100224,2016년 7월 2일 10시,토요일,대전광역시 동구 대성동,경상사고,0,0,1,0,차대사람 - 횡단중,안전운전불이행,건조,맑음,단일로 - 기타,승용,남,29세,상해없음,보행자,여,10세,경상
2016070200100225,2016년 7월 2일 10시,토요일,대전광역시 동구 가양동,경상사고,0,0,1,0,차대차 - 측면직각충돌,안전운전불이행,건조,맑음,단일로 - 기타,승용,남,49세,상해없음,자전거,남,57세,경상
2016070200100260,2016년 7월 2일 11시,토요일,대전광역시 서구 탄방동,경상사고,0,0,1,0,차대차 - 추돌,안전운전불이행,건조,맑음,교차로 - 교차로안,승용,남,54세,상해없음,이륜,남,62세,경상
2016070200100292,2016년 7월 2일 12시,토요일,대전광역시 대덕구 대화동,경상사고,0,0,1,0,차대차 - 측면충돌,교차로운행방법위반,건조,맑음,교차로 - 교차로안,승합,남,64세,상해없음,승합,남,56세,경상
2016070200100359,2016년 7월 2일 14시,토요일,대전광역시 대덕구 신대동,경상사고,0,0,2,0,차대차 - 측면충돌,안전운전불이행,건조,맑음,단일로 - 기타,승용,남,67세,상해없음,승용,여,35세,경상
2016070200100395,2016년 7월 2일 15시,토요일,대전광역시 대덕구 읍내동,경상사고,0,0,1,0,차대차 - 추돌,안전운전불이행,건조,맑음,교차로 - 교차로부근,승용,남,44세,상해없음,승용,남,47세,경상
2016070200100396,2016년 7월 2일 15시,토요일,대전광역시 서구 둔산동,경상사고,0,0,2,0,차대사람 - 횡단중,안전운전불이행,건조,맑음,교차로 - 교차로부근,승용,남,22세,상해없음,보행자,남,19세,경상
2016070200100438,2016년 7월 2일 16시,토요일,대전광역시 중구 선화동,경상사고,0,0,2,0,차대차 - 측면직각충돌,안전운전불이행,건조,맑음,교차로 - 교차로안,승용,남,51세,상해없음,승용,남,34세,경상
2016070200100439,2016년 7월 2일 16시,토요일,대전광역시 서구 갈마동,경상사고,0,0,1,0,차대차 - 측면직각충돌,교차로운행방법위반,건조,흐림,교차로 - 교차로안,승용,여,47세,상해없음,승용,남,46세,경상
2016070200100517,2016년 7월 2일 19시,토요일,대전광역시 유성구 구암동,중상사고,0,1,0,0,차량단독 - 기타,안전운전불이행,건조,맑음,단일로 - 기타,승합,남,60세,상해없음,,,,
2016070200100538,2016년 7월 2일 20시,토요일,대전광역시 서구 둔산동,경상사고,0,0,1,0,차대사람 - 기타,안전운전불이행,건조,맑음,단일로 - 기타,승용,여,25세,상해없음,보행자,여,19세,경상
2016070200100567,2016년 7월 2일 21시,토요일,대전광역시 중구 문화동,중상사고,0,1,0,0,차대차 - 측면충돌,안전거리미확보,건조,맑음,단일로 - 기타,승용,남,69세,상해없음,자전거,남,16세,중상
2016070200100622,2016년 7월 2일 23시,토요일,대전광역시 중구 선화동,중상사고,0,1,0,0,차대차 - 측면직각충돌,안전운전불이행,건조,맑음,교차로 - 교차로부근,승용,남,52세,상해없음,자전거,여,23세,중상
2016070300100013,2016년 7월 3일 00시,일요일,대전광역시 서구 둔산동,경상사고,0,0,1,0,차대사람 - 횡단중,안전운전불이행,건조,맑음,단일로 - 기타,승용,남,22세,상해없음,보행자,남,19세,경상
2016070300100037,2016년 7월 3일 02시,일요일,대전광역시 중구 오류동,사망사고,1,1,1,0,차대차 - 측면직각충돌,신호위반,건조,흐림,교차로 - 교차로안,화물,남,50세,상해없음,승용,남,29세,사망
2016070300100065,2016년 7월 3일 05시,일요일,대전광역시 중구 목동,중상사고,0,1,0,0,차대차 - 정면충돌,과속,건조,맑음,교차로 - 교차로부근,승용,남,27세,중상,승용,남,56세,상해없음
2016070300100081,2016년 7월 3일 07시,일요일,대전광역시 유성구 구성동,중상사고,0,1,0,0,차대차 - 측면직각충돌,신호위반,건조,흐림,교차로 - 교차로안,승용,여,46세,상해없음,승용,남,47세,중상
2016070300100173,2016년 7월 3일 12시,일요일,대전광역시 유성구 송강동,경상사고,0,0,3,2,차대차 - 측면충돌,신호위반,습기,흐림,교차로 - 교차로안,승용,남,37세,상해없음,승합,남,56세,부상신고
2016070300100204,2016년 7월 3일 13시,일요일,대전광역시 유성구 도룡동,경상사고,0,0,2,0,차대차 - 기타,안전운전불이행,습기,비,교차로 - 교차로안,승용,남,30세,상해없음,승용,여,27세,경상
2016070300100231,2016년 7월 3일 14시,일요일,대전광역시 동구 홍도동,중상사고,0,1,0,0,차대차 - 정면충돌,중앙선침범,습기,비,단일로 - 기타,승용,여,44세,상해없음,이륜,남,51세,중상
2016070300100263,2016년 7월 3일 15시,일요일,대전광역시 서구 용문동,경상사고,0,0,4,0,차대차 - 측면직각충돌,신호위반,건조,맑음,교차로 - 교차로안,승용,남,30세,상해없음,승용,남,59세,경상
2016070300100264,2016년 7월 3일 15시,일요일,대전광역시 유성구 화암동,중상사고,0,1,1,0,차대차 - 측면충돌,신호위반,건조,맑음,교차로 - 교차로안,승용,남,46세,기타불명,승용,여,32세,중상
2016070300100304,2016년 7월 3일 17시,일요일,대전광역시 중구 산성동,경상사고,0,0,1,0,차대차 - 추돌,안전운전불이행,습기,비,단일로 - 교량,승용,남,55세,상해없음,승용,남,37세,경상
2016070300100305,2016년 7월 3일 17시,일요일,대전광역시 동구 대동,경상사고,0,0,1,0,차대사람 - 횡단중,안전운전불이행,습기,비,단일로 - 기타,승용,남,53세,상해없음,보행자,남,41세,경상
2016070300100306,2016년 7월 3일 17시,일요일,대전광역시 유성구 노은동,경상사고,0,0,1,0,차대차 - 기타,교차로운행방법위반,습기,비,교차로 - 교차로안,승용,여,54세,상해없음,승용,여,39세,경상
2016070300100339,2016년 7월 3일 18시,일요일,대전광역시 동구 대성동,중상사고,0,1,1,0,차대차 - 추돌,안전운전불이행,습기,비,교차로 - 교차로부근,승용,남,42세,상해없음,승용,여,53세,경상
2016070300100340,2016년 7월 3일 18시,일요일,대전광역시 유성구 궁동,경상사고,0,0,1,0,차대차 - 추돌,교차로운행방법위반,건조,맑음,교차로 - 교차로부근,승용,남,31세,상해없음,원동기,남,50세,경상
2016070300100377,2016년 7월 3일 20시,일요일,대전광역시 동구 원동,경상사고,0,0,1,0,차대차 - 추돌,교차로운행방법위반,습기,비,교차로 - 교차로부근,승용,남,57세,상해없음,자전거,여,55세,경상
2016070300100421,2016년 7월 3일 22시,일요일,대전광역시 동구 삼정동,경상사고,0,0,1,0,차대차 - 추돌,안전거리미확보,습기,비,단일로 - 기타,승용,남,67세,상해없음,승용,남,30세,경상
2016070300100422,2016년 7월 3일 22시,일요일,대전광역시 유성구 지족동,경상사고,0,0,1,0,차대사람 - 횡단중,안전운전불이행,습기,비,교차로 - 교차로부근,승용,남,28세,상해없음,보행자,여,42세,경상
2016070300100443,2016년 7월 3일 23시,일요일,대전광역시 중구 유천동,사망사고,1,0,0,0,차대사람 - 횡단중,과속,습기,비,단일로 - 기타,승용,남,50세,상해없음,보행자,남,56세,사망
2016070300100444,2016년 7월 3일 23시,일요일,대전광역시 동구 가양동,경상사고,0,0,1,0,차대사람 - 횡단중,보행자보호의무위반,습기,비,교차로 - 교차로부근,승용,남,27세,상해없음,보행자,여,20세,경상
2016070300100445,2016년 7월 3일 23시,일요일,대전광역시 서구 월평동,경상사고,0,0,1,0,차대사람 - 횡단중,보행자보호의무위반,습기,비,교차로 - 교차로부근,승용,남,54세,상해없음,보행자,남,26세,경상
2016070400100052,2016년 7월 4일 06시,월요일,대전광역시 대덕구 오정동,경상사고,0,0,1,0,차대사람 - 기타,안전운전불이행,습기,비,단일로 - 기타,원동기,남,35세,상해없음,보행자,남,43세,경상
2016070400100070,2016년 7월 4일 07시,월요일,대전광역시 대덕구 신대동,경상사고,0,0,1,0,차대차 - 추돌,안전운전불이행,습기,비,단일로 - 기타,승용,남,26세,상해없음,승용,여,52세,경상
2016070400100071,2016년 7월 4일 07시,월요일,대전광역시 유성구 반석동,경상사고,0,0,3,0,차대차 - 추돌,안전거리미확보,습기,비,단일로 - 기타,승합,남,48세,경상,승용,남,43세,경상
2016070400100170,2016년 7월 4일 10시,월요일,대전광역시 서구 갈마동,경상사고,0,0,2,0,차대차 - 측면직각충돌,안전운전불이행,건조,맑음,교차로 - 교차로부근,승용,남,24세,경상,승용,여,38세,경상
2016070400100200,2016년 7월 4일 11시,월요일,대전광역시 서구 둔산동,중상사고,0,1,1,0,차대차 - 추돌,신호위반,습기,비,교차로 - 교차로안,화물,남,44세,중상,승합,남,55세,경상
2016070400100255,2016년 7월 4일 13시,월요일,대전광역시 서구 둔산동,중상사고,0,1,0,0,차대차 - 추돌,교차로운행방법위반,습기,비,교차로 - 교차로안,승용,여,39세,상해없음,이륜,남,49세,중상
2016070400100347,2016년 7월 4일 16시,월요일,대전광역시 중구 중촌동,중상사고,0,1,0,0,차대차 - 측면직각충돌,교차로운행방법위반,습기,비,단일로 - 기타,승용,여,48세,상해없음,원동기,남,62세,중상
2016070400100348,2016년 7월 4일 16시,월요일,대전광역시 중구 산성동,경상사고,0,0,1,0,차량단독 - 기타,기타,건조,맑음,단일로 - 기타,승합,남,54세,상해없음,,,,
2016070400100374,2016년 7월 4일 17시,월요일,대전광역시 중구 문화동,경상사고,0,0,1,0,차대사람 - 횡단중,안전운전불이행,습기,흐림,단일로 - 기타,기타불명,기타불명,기타불명,기타불명,보행자,남,10세,경상
2016070400100375,2016년 7월 4일 17시,월요일,대전광역시 중구 산성동,경상사고,0,0,1,0,차대사람 - 기타,안전운전불이행,습기,비,기타 - 기타,승용,남,35세,상해없음,보행자,남,38세,경상
2016070400100376,2016년 7월 4일 17시,월요일,대전광역시 유성구 구암동,경상사고,0,0,2,0,차대차 - 추돌,안전운전불이행,습기,비,교차로 - 교차로부근,화물,남,38세,경상,승용,여,53세,경상
2016070400100529,2016년 7월 4일 21시,월요일,대전광역시 대덕구 송촌동,중상사고,0,1,0,0,차대사람 - 횡단중,보행자보호의무위반,건조,맑음,단일로 - 횡단보도상,승용,남,45세,기타불명,보행자,남,54세,중상
2016070400100530,2016년 7월 4일 21시,월요일,대전광역시 유성구 반석동,경상사고,0,0,2,0,차대차 - 측면충돌,안전운전불이행,습기,비,교차로 - 교차로부근,승용,남,36세,상해없음,승용,여,51세,경상
2016070500100022,2016년 7월 5일 00시,화요일,대전광역시 중구 오류동,경상사고,0,0,1,0,차대차 - 측면직각충돌,신호위반,건조,맑음,교차로 - 교차로안,승용,남,58세,상해없음,승용,남,53세,경상
2016070500100023,2016년 7월 5일 00시,화요일,대전광역시 유성구 가정동,중상사고,0,1,0,0,차대차 - 정면충돌,안전운전불이행,습기,비,교차로 - 교차로안,승용,남,25세,기타불명,승용,남,32세,중상
2016070500100024,2016년 7월 5일 00시,화요일,대전광역시 유성구 봉명동,경상사고,0,0,2,0,차대차 - 추돌,안전운전불이행,습기,맑음,교차로 - 교차로부근,승용,여,43세,상해없음,승용,남,50세,경상
2016070500100070,2016년 7월 5일 05시,화요일,대전광역시 유성구 봉명동,경상사고,0,0,2,0,차대차 - 측면충돌,안전운전불이행,건조,흐림,교차로 - 교차로안,승용,남,33세,상해없음,승용,남,36세,경상
2016070500100121,2016년 7월 5일 08시,화요일,대전광역시 중구 태평동,경상사고,0,0,1,0,차대차 - 정면충돌,안전운전불이행,건조,맑음,교차로 - 교차로안,승용,여,60세,상해없음,이륜,남,24세,경상
2016070500100122,2016년 7월 5일 08시,화요일,대전광역시 동구 신흥동,경상사고,0,0,1,0,차대차 - 기타,안전운전불이행,건조,맑음,단일로 - 기타,승용,여,48세,상해없음,승용,남,42세,경상