사고번호,사고일시,요일,시군구,사고내용,사망자수,중상자수,경상자수,부상신고자수,사고유형,법규위반,노면상태,기상상태,도로형태,가해운전자 차종,가해운전자 성별,가해운전자 연령,가해운전자 상해정도,피해운전자 차종,피해운전자 성별,피해운전자 연령,피해운전자 상해정도
2016071600100422,2016년 7월 16일 15시,토요일,대전광역시 서구 월평동,경상사고,0,0,1,0,차대차 - 측면직각충돌,신호위반,습기,비,교차로 - 교차로안,승용,남,57세,상해없음,화물,남,53세,경상
2016071600100455,2016년 7월 16일 16시,토요일,대전광역시 서구 월평동,중상사고,0,1,0,0,차대차 - 기타,안전운전불이행,건조,맑음,교차로 - 교차로부근,승용,남,57세,상해없음,자전거,남,32세,중상
2016071600100480,2016년 7월 16일 17시,토요일,대전광역시 유성구 봉명동,경상사고,0,0,1,0,차대차 - 기타,안전운전불이행,습기,비,교차로 - 교차로부근,원동기,남,41세,경상,승용,남,48세,기타불명
2016071600100582,2016년 7월 16일 20시,토요일,대전광역시 유성구 봉명동,경상사고,0,0,1,0,차대차 - 측면충돌,안전운전불이행,건조,맑음,단일로 - 기타,승용,남,49세,상해없음,승용,남,24세,경상
2016071700100026,2016년 7월 17일 00시,일요일,대전광역시 중구 유천동,경상사고,0,0,1,0,차대차 - 측면직각충돌,신호위반,건조,맑음,교차로 - 교차로안,승용,남,54세,상해없음,승용,남,50세,경상
2016071700100048,2016년 7월 17일 01시,일요일,대전광역시 유성구 복용동,중상사고,0,2,0,2,차대차 - 측면충돌,신호위반,습기,비,교차로 - 교차로안,승용,남,22세,상해없음,승용,남,59세,중상
2016071700100113,2016년 7월 17일 07시,일요일,대전광역시 대덕구 상서동,경상사고,0,0,1,0,차대차 - 기타,기타,건조,맑음,단일로 - 기타,승합,남,56세,상해없음,기타불명,여,69세,경상
2016071700100150,2016년 7월 17일 10시,일요일,대전광역시 서구 월평동,경상사고,0,0,1,0,차대차 - 추돌,안전운전불이행,건조,맑음,단일로 - 기타,승용,여,35세,상해없음,승용,남,48세,경상
2016071700100172,2016년 7월 17일 11시,일요일,대전광역시 동구 중동,중상사고,0,1,0,0,차량단독 - 기타,안전운전불이행,건조,맑음,단일로 - 기타,승합,남,49세,상해없음,,,,
2016071700100287,2016년 7월 17일 15시,일요일,대전광역시 서구 둔산동,경상사고,0,0,1,0,차대사람 - 횡단중,안전운전불이행,건조,맑음,교차로 - 교차로안,승용,남,30세,상해없음,보행자,여,20세,경상
2016071700100358,2016년 7월 17일 17시,일요일,대전광역시 유성구 봉명동,중상사고,0,1,0,0,차대차 - 추돌,안전거리미확보,건조,맑음,교차로 - 교차로부근,승용,남,47세,상해없음,원동기,남,37세,중상
2016071700100385,2016년 7월 17일 18시,일요일,대전광역시 서구 둔산동,경상사고,0,0,2,0,차대차 - 측면직각충돌,안전운전불이행,건조,맑음,교차로 - 교차로안,승용,여,41세,상해없음,승용,여,24세,경상
2016071700100386,2016년 7월 17일 18시,일요일,대전광역시 유성구 교촌동,부상신고사고,0,0,0,1,차대차 - 측면직각충돌,안전운전불이행,건조,맑음,교차로 - 교차로안,화물,남,59세,상해없음,이륜,남,31세,부상신고
2016071700100465,2016년 7월 17일 21시,일요일,대전광역시 서구 월평동,경상사고,0,0,1,0,차대차 - 측면직각충돌,안전운전불이행,건조,맑음,교차로 - 교차로안,승용,남,59세,상해없음,승용,여,41세,경상
2016071700100485,2016년 7월 17일 22시,일요일,대전광역시 서구 월평동,경상사고,0,0,1,0,차대차 - 측면직각충돌,안전운전불이행,건조,맑음,교차로 - 교차로안,이륜,남,62세,상해없음,승용,남,26세,경상
2016071700100486,2016년 7월 17일 22시,일요일,대전광역시 유성구 관평동,중상사고,0,1,0,0,차대차 - 측면직각충돌,신호위반,건조,맑음,교차로 - 교차로안,승용,남,25세,상해없음,이륜,남,19세,중상
2016071700100507,2016년 7월 17일 23시,일요일,대전광역시 대덕구 상서동,경상사고,0,0,1,0,차대차 - 추돌,안전운전불이행,건조,맑음,교차로 - 교차로부근,승합,여,53세,상해없음,승용,남,32세,경상
2016071800100083,2016년 7월 18일 07시,월요일,대전광역시 동구 용전동,중상사고,0,1,0,0,차대차 - 측면충돌,안전운전불이행,건조,맑음,교차로 - 교차로안,화물,남,55세,상해없음,자전거,남,68세,중상
2016071800100122,2016년 7월 18일 08시,월요일,대전광역시 서구 내동,경상사고,0,0,2,0,차대차 - 추돌,안전거리미확보,건조,맑음,교차로 - 교차로부근,화물,남,55세,상해없음,승용,남,53세,경상
2016071800100123,2016년 7월 18일 08시,월요일,대전광역시 서구 변동,경상사고,0,0,1,0,차대사람 - 길가장자리구역통행중,안전운전불이행,건조,맑음,교차로 - 교차로부근,기타불명,기타불명,기타불명,기타불명,보행자,남,11세,경상
2016071800100159,2016년 7월 18일 09시,월요일,대전광역시 서구 용문동,경상사고,0,0,1,0,차대차 - 기타,중앙선침범,건조,맑음,교차로 - 교차로부근,자전거,여,53세,경상,승용,남,31세,상해없음
2016071800100185,2016년 7월 18일 10시,월요일,대전광역시 중구 문화동,중상사고,0,1,0,0,차량단독 - 기타,기타,건조,맑음,단일로 - 기타,승합,남,58세,상해없음,,,,
2016071800100186,2016년 7월 18일 10시,월요일,대전광역시 서구 정림동,경상사고,0,0,1,0,차량단독 - 기타,안전운전불이행,건조,맑음,교차로 - 교차로부근,승용,남,65세,상해없음,,,,
2016071800100187,2016년 7월 18일 10시,월요일,대전광역시 대덕구 중리동,경상사고,0,0,1,0,차대차 - 추돌,안전운전불이행,건조,맑음,단일로 - 기타,화물,남,55세,상해없음,승용,남,68세,경상
2016071800100242,2016년 7월 18일 12시,월요일,대전광역시 유성구 봉명동,경상사고,0,0,1,0,차대사람 - 기타,안전운전불이행,건조,맑음,단일로 - 기타,화물,남,41세,기타불명,보행자,남,22세,경상
2016071800100350,2016년 7월 18일 15시,월요일,대전광역시 유성구 궁동,경상사고,0,0,1,0,차대차 - 기타,안전운전불이행,건조,맑음,단일로 - 기타,승용,여,54세,상해없음,자전거,여,27세,경상
2016071800100386,2016년 7월 18일 16시,월요일,대전광역시 서구 갈마동,경상사고,0,0,1,0,차대사람 - 기타,안전운전불이행,건조,맑음,교차로 - 교차로안,승용,여,46세,상해없음,보행자,남,27세,경상
2016071800100422,2016년 7월 18일 17시,월요일,대전광역시 서구 용문동,경상사고,0,0,1,0,차대사람 - 차도통행중,안전운전불이행,건조,맑음,단일로 - 기타,승용,남,61세,상해없음,보행자,남,22세,경상
2016071800100472,2016년 7월 18일 18시,월요일,대전광역시 동구 중동,경상사고,0,0,1,0,차대차 - 측면직각충돌,안전운전불이행,건조,맑음,단일로 - 기타,승용,남,20세,상해없음,승용,여,32세,경상
2016071800100501,2016년 7월 18일 19시,월요일,대전광역시 중구 선화동,경상사고,0,0,2,0,차대차 - 정면충돌,중앙선침범,건조,맑음,단일로 - 기타,승용,남,30세,상해없음,승용,남,52세,경상
2016071800100524,2016년 7월 18일 20시,월요일,대전광역시 중구 태평동,중상사고,0,3,0,0,차대사람 - 횡단중,안전운전불이행,건조,맑음,단일로 - 기타,승용,남,41세,상해없음,보행자,여,19세,중상
2016071800100554,2016년 7월 18일 21시,월요일,대전광역시 서구 내동,경상사고,0,0,4,0,차대차 - 기타,안전운전불이행,건조,맑음,교차로 - 교차로부근,승용,남,30세,경상,승용,남,50세,경상
2016071800100555,2016년 7월 18일 21시,월요일,대전광역시 유성구 궁동,중상사고,0,1,1,0,차대차 - 측면충돌,신호위반,건조,맑음,교차로 - 교차로안,승용,남,66세,상해없음,이륜,남,25세,중상
2016071900100147,2016년 7월 19일 08시,화요일,대전광역시 유성구 신성동,중상사고,0,1,0,0,차대차 - 추돌,안전운전불이행,건조,맑음,단일로 - 기타,화물,남,34세,기타불명,승용,남,31세,중상
2016071900100148,2016년 7월 19일 08시,화요일,대전광역시 유성구 덕진동,경상사고,0,0,2,0,차대차 - 추돌,안전운전불이행,건조,맑음,교차로 - 교차로부근,승용,남,26세,경상,승용,남,30세,경상
2016071900100214,2016년 7월 19일 10시,화요일,대전광역시 중구 선화동,경상사고,0,0,4,0,차대차 - 추돌,안전운전불이행,건조,맑음,교차로 - 교차로부근,화물,남,58세,상해없음,승용,여,33세,경상
2016071900100306,2016년 7월 19일 13시,화요일,대전광역시 동구 가양동,경상사고,0,0,1,0,차대사람 - 기타,기타,건조,맑음,단일로 - 기타,승합,남,58세,상해없음,보행자,여,76세,경상
2016071900100385,2016년 7월 19일 15시,화요일,대전광역시 대덕구 송촌동,부상신고사고,0,0,0,1,차대차 - 정면충돌,안전운전불이행,건조,맑음,단일로 - 기타,승용,남,36세,상해없음,기타불명,남,12세,부상신고
2016071900100434,2016년 7월 19일 16시,화요일,대전광역시 중구 태평동,경상사고,0,0,3,0,차대차 - 추돌,교차로운행방법위반,건조,맑음,교차로 - 교차로안,승용,남,67세,상해없음,승합,남,40세,경상
2016071900100482,2016년 7월 19일 17시,화요일,대전광역시 서구 둔산동,중상사고,0,1,0,0,차대사람 - 횡단중,안전운전불이행,건조,맑음,단일로 - 기타,승용,남,24세,상해없음,보행자,여,20세,중상
2016071900100559,2016년 7월 19일 19시,화요일,대전광역시 대덕구 법동,중상사고,0,1,1,0,차대차 - 추돌,안전운전불이행,건조,맑음,단일로 - 기타,승용,남,59세,기타불명,승용,남,54세,중상
2016071900100597,2016년 7월 19일 20시,화요일,대전광역시 중구 문화동,경상사고,0,0,1,0,차대차 - 측면충돌,안전운전불이행,건조,맑음,단일로 - 기타,승용,남,34세,상해없음,원동기,남,34세,경상
2016071900100598,2016년 7월 19일 20시,화요일,대전광역시 서구 도안동,경상사고,0,0,1,0,차대차 - 측면직각충돌,안전운전불이행,건조,맑음,교차로 - 교차로안,승합,남,69세,상해없음,이륜,남,37세,경상
2016071900100632,2016년 7월 19일 21시,화요일,대전광역시 중구 대흥동,경상사고,0,0,2,0,차대차 - 측면충돌,교차로운행방법위반,건조,맑음,교차로 - 교차로안,승용,남,55세,상해없음,승용,남,34세,경상
2016071900100633,2016년 7월 19일 21시,화요일,대전광역시 서구 변동,경상사고,0,0,2,0,차대차 - 추돌,안전거리미확보,건조,맑음,교차로 - 교차로부근,승용,여,46세,상해없음,승용,남,51세,경상
2016071900100658,2016년 7월 19일 22시,화요일,대전광역시 서구 월평동,중상사고,0,1,0,0,차대사람 - 횡단중,안전운전불이행,건조,맑음,단일로 - 기타,승용,남,37세,상해없음,보행자,남,41세,중상
2016072000100009,2016년 7월 20일 00시,수요일,대전광역시 동구 대동,중상사고,0,1,0,0,차대사람 - 횡단중,안전운전불이행,건조,맑음,단일로 - 기타,승용,여,46세,상해없음,보행자,여,53세,중상
2016072000100072,2016년 7월 20일 06시,수요일,대전광역시 서구 복수동,경상사고,0,0,3,0,차대차 - 측면직각충돌,안전운전불이행,건조,맑음,교차로 - 교차로안,승용,여,46세,경상,화물,남,47세,경상
2016072000100096,2016년 7월 20일 07시,수요일,대전광역시 유성구 방동,경상사고,0,0,1,0,차대차 - 기타,안전운전불이행,건조,맑음,교차로 - 교차로안,화물,남,42세,상해없음,화물,남,45세,경상
2016072000100137,2016년 7월 20일 08시,수요일,대전광역시 중구 중촌동,경상사고,0,0,1,0,차대차 - 측면직각충돌,교차로운행방법위반,건조,맑음,교차로 - 교차로안,승용,남,63세,상해없음,승용,여,25세,경상
2016072000100138,2016년 7월 20일 08시,수요일,대전광역시 동구 가양동,경상사고,0,0,1,0,차대사람 - 보도통행중,안전운전불이행,건조,맑음,단일로 - 기타,승용,여,47세,상해없음,보행자,여,49세,경상
2016072000100139,2016년 7월 20일 08시,수요일,대전광역시 서구 변동,중상사고,0,1,0,0,차대차 - 측면직각충돌,안전운전불이행,건조,맑음,단일로 - 기타,승용,남,30세,상해없음,자전거,여,59세,중상
2016072000100172,2016년 7월 20일 09시,수요일,대전광역시 동구 대동,경상사고,0,0,1,0,차대사람 - 횡단중,보행자보호의무위반,건조,맑음,단일로 - 횡단보도상,승용,남,59세,상해없음,보행자,여,59세,경상
2016072000100283,2016년 7월 20일 13시,수요일,대전광역시 대덕구 연축동,경상사고,0,0,2,0,차대차 - 기타,안전운전불이행,건조,맑음,기타 - 기타,승용,남,68세,상해없음,승용,여,52세,경상
2016072000100297,2016년 7월 20일 13시,수요일,대전광역시 유성구 원내동,경상사고,0,0,1,0,차대사람 - 횡단중,안전운전불이행,건조,맑음,교차로 - 교차로안,승용,여,52세,상해없음,보행자,남,7세,경상
2016072000100329,2016년 7월 20일 14시,수요일,대전광역시 유성구 대정동,중상사고,0,1,0,0,차대차 - 측면충돌,중앙선침범,건조,맑음,교차로 - 교차로부근,자전거,남,61세,중상,화물,남,51세,상해없음
2016072000100452,2016년 7월 20일 17시,수요일,대전광역시 대덕구 중리동,중상사고,0,1,0,0,차대사람 - 횡단중,보행자보호의무위반,건조,맑음,교차로 - 교차로안,승용,여,39세,상해없음,보행자,여,71세,중상
2016072000100453,2016년 7월 20일 17시,수요일,대전광역시 대덕구 문평동,경상사고,0,0,1,0,차대차 - 측면충돌,신호위반,건조,맑음,교차로 - 교차로안,화물,남,35세,상해없음,승용,남,40세,경상
2016072000100507,2016년 7월 20일 18시,수요일,대전광역시 서구 둔산동,중상사고,0,1,0,0,차대차 - 측면직각충돌,안전운전불이행,건조,맑음,단일로 - 기타,승용,남,41세,상해없음,자전거,남,58세,중상
2016072000100543,2016년 7월 20일 19시,수요일,대전광역시 대덕구 오정동,경상사고,0,0,3,0,차대차 - 추돌,신호위반,건조,맑음,단일로 - 기타,승용,남,67세,상해없음,승합,남,56세,경상
2016072000100544,2016년 7월 20일 19시,수요일,대전광역시 서구 갈마동,중상사고,0,1,0,0,차대사람 - 횡단중,안전운전불이행,건조,맑음,단일로 - 기타,승용,남,35세,상해없음,보행자,남,32세,중상
2016072000100581,2016년 7월 20일 20시,수요일,대전광역시 중구 태평동,경상사고,0,0,1,0,차대차 - 측면직각충돌,안전운전불이행,건조,맑음,교차로 - 교차로안,승용,남,51세,상해없음,자전거,남,12세,경상
2016072000100582,2016년 7월 20일 20시,수요일,대전광역시 서구 둔산동,경상사고,0,0,1,0,차량단독 - 기타,안전운전불이행,건조,맑음,단일로 - 기타,승용,남,64세,상해없음,,,,
2016072000100641,2016년 7월 20일 22시,수요일,대전광역시 중구 유천동,경상사고,0,0,1,0,차대차 - 측면직각충돌,안전운전불이행,건조,맑음,교차로 - 교차로안,자전거,남,40세,경상,승용,남,53세,상해없음
2016072000100642,2016년 7월 20일 22시,수요일,대전광역시 유성구 지족동,중상사고,0,4,3,2,차대차 - 측면직각충돌,신호위반,건조,맑음,교차로 - 교차로안,승합,남,61세,중상,승합,남,40세,중상
2016072000100643,2016년 7월 20일 22시,수요일,대전광역시 유성구 봉명동,경상사고,0,0,1,0,차대차 - 측면충돌,신호위반,건조,맑음,교차로 - 교차로안,승용,남,46세,상해없음,승용,여,26세,경상
2016072000100661,2016년 7월 20일 23시,수요일,대전광역시 중구 선화동,중상사고,0,1,0,0,차대차 - 정면충돌,안전운전불이행,건조,맑음,교차로 - 교차로부근,승용,남,25세,상해없음,승용,남,55세,상해없음
2016072100100025,2016년 7월 21일 02시,목요일,대전광역시 서구 갈마동,경상사고,0,0,4,0,차대차 - 추돌,안전운전불이행,건조,맑음,단일로 - 기타,승용,여,60세,경상,승용,여,45세,경상
2016072100100030,2016년 7월 21일 03시,목요일,대전광역시 대덕구 상서동,사망사고,2,0,0,0,차대사람 - 기타,안전운전불이행,건조,맑음,단일로 - 기타,화물,남,42세,상해없음,보행자,남,46세,사망
2016072100100092,2016년 7월 21일 07시,목요일,대전광역시 서구 갈마동,경상사고,0,0,1,0,차대차 - 추돌,안전운전불이행,건조,맑음,교차로 - 교차로안,이륜,남,29세,상해없음,승용,여,61세,경상
2016072100100134,2016년 7월 21일 08시,목요일,대전광역시 서구 가장동,경상사고,0,0,1,0,차대사람 - 횡단중,보행자보호의무위반,건조,맑음,교차로 - 교차로안,승합,여,52세,상해없음,보행자,여,24세,경상
2016072100100135,2016년 7월 21일 08시,목요일,대전광역시 유성구 도룡동,경상사고,0,0,1,0,차대사람 - 횡단중,안전운전불이행,건조,맑음,단일로 - 기타,승용,남,33세,상해없음,보행자,여,53세,경상
2016072100100164,2016년 7월 21일 09시,목요일,대전광역시 서구 괴정동,중상사고,0,1,0,0,차대사람 - 보도통행중,안전운전불이행,건조,맑음,단일로 - 기타,자전거,남,43세,상해없음,보행자,여,65세,중상
2016072100100186,2016년 7월 21일 10시,목요일,대전광역시 대덕구 신일동,경상사고,0,0,1,0,차대차 - 측면충돌,안전운전불이행,건조,맑음,단일로 - 기타,건설기계,남,60세,상해없음,승용,남,46세,상해없음
2016072100100277,2016년 7월 21일 13시,목요일,대전광역시 동구 삼정동,경상사고,0,0,1,0,차대차 - 추돌,안전운전불이행,건조,맑음,단일로 - 기타,승합,남,52세,상해없음,승용,여,52세,경상
2016072100100349,2016년 7월 21일 15시,목요일,대전광역시 중구 태평동,중상사고,0,1,0,0,차대차 - 추돌,안전운전불이행,건조,맑음,단일로 - 기타,원동기,남,73세,중상,원동기,남,57세,상해없음
2016072100100350,2016년 7월 21일 15시,목요일,대전광역시 유성구 궁동,경상사고,0,0,2,0,차대차 - 추돌,교차로운행방법위반,건조,맑음,교차로 - 교차로안,승용,여,61세,경상,승용,남,31세,경상
2016072100100396,2016년 7월 21일 16시,목요일,대전광역시 중구 안영동,경상사고,0,0,1,0,차대차 - 추돌,안전운전불이행,건조,맑음,단일로 - 기타,승용,여,50세,상해없음,화물,남,35세,경상
2016072100100496,2016년 7월 21일 18시,목요일,대전광역시 동구 가양동,중상사고,0,1,1,0,차대사람 - 횡단중,보행자보호의무위반,건조,맑음,단일로 - 횡단보도상,원동기,남,50세,상해없음,보행자,남,9세,중상
2016072100100497,2016년 7월 21일 18시,목요일,대전광역시 유성구 지족동,경상사고,0,0,1,0,차대차 - 측면충돌,안전운전불이행,건조,맑음,교차로 - 교차로부근,승용,여,41세,상해없음,자전거,남,12세,경상
2016072100100570,2016년 7월 21일 20시,목요일,대전광역시 유성구 송강동,경상사고,0,0,1,0,차대사람 - 기타,안전운전불이행,건조,맑음,단일로 - 기타,화물,남,49세,상해없음,보행자,남,69세,경상
2016072100100603,2016년 7월 21일 21시,목요일,대전광역시 동구 효동,부상신고사고,0,0,0,1,차대차 - 측면충돌,안전운전불이행,건조,맑음,교차로 - 교차로안,승용,남,57세,상해없음,자전거,남,20세,기타불명
2016072100100604,2016년 7월 21일 21시,목요일,대전광역시 서구 변동,경상사고,0,0,1,0,차대사람 - 횡단중,안전운전불이행,건조,맑음,단일로 - 기타,자전거,남,57세,상해없음,보행자,여,57세,경상
2016072100100626,2016년 7월 21일 22시,목요일,대전광역시 유성구 용산동,경상사고,0,0,1,0,차대차 - 측면충돌,신호위반,건조,맑음,교차로 - 교차로안,승용,여,48세,상해없음,승합,남,57세,경상
2016072100100649,2016년 7월 21일 23시,목요일,대전광역시 동구 삼성동,중상사고,0,1,2,0,차대차 - 추돌,안전운전불이행,건조,맑음,교차로 - 교차로부근,승용,여,58세,상해없음,승용,남,58세,중상
2016072100100650,2016년 7월 21일 23시,목요일,대전광역시 유성구 봉명동,경상사고,0,0,2,0,차대차 - 추돌,안전거리미확보,건조,맑음,교차로 - 교차로부근,승용,여,49세,상해없음,승용,여,34세,경상
2016072200100039,2016년 7월 22일 02시,금요일,대전광역시 대덕구 석봉동,경상사고,0,0,2,0,차대차 - 측면직각충돌,직진우회전진행방해,건조,맑음,교차로 - 교차로안,승용,남,25세,상해없음,승용,남,50세,경상
2016072200100057,2016년 7월 22일 05시,금요일,대전광역시 유성구 궁동,중상사고,0,1,0,0,차대사람 - 횡단중,안전운전불이행,건조,맑음,단일로 - 기타,승용,남,68세,상해없음,보행자,여,20세,중상
2016072200100089,2016년 7월 22일 07시,금요일,대전광역시 대덕구 중리동,경상사고,0,0,1,0,차대차 - 추돌,안전거리미확보,건조,맑음,교차로 - 교차로부근,승용,남,61세,상해없음,승용,남,35세,상해없음
2016072200100122,2016년 7월 22일 08시,금요일,대전광역시 서구 둔산동,경상사고,0,0,1,0,차대차 - 측면직각충돌,안전운전불이행,건조,맑음,단일로 - 기타,승용,여,53세,상해없음,승용,여,30세,상해없음
2016072200100155,2016년 7월 22일 09시,금요일,대전광역시 유성구 봉명동,경상사고,0,0,1,0,차대차 - 기타,안전운전불이행,건조,맑음,교차로 - 교차로안,승용,남,42세,상해없음,승용,여,47세,경상
2016072200100189,2016년 7월 22일 10시,금요일,대전광역시 서구 가수원동,경상사고,0,0,1,0,차대차 - 기타,안전운전불이행,건조,맑음,단일로 - 기타,승용,남,48세,상해없음,승용,여,57세,경상
2016072200100227,2016년 7월 22일 11시,금요일,대전광역시 중구 문화동,경상사고,0,0,4,0,차대차 - 측면직각충돌,안전운전불이행,건조,맑음,단일로 - 기타,승용,여,40세,상해없음,승용,남,38세,상해없음
2016072200100228,2016년 7월 22일 11시,금요일,대전광역시 서구 도마동,경상사고,0,0,1,0,차대차 - 추돌,안전운전불이행,건조,맑음,교차로 - 교차로부근,승용,남,82세,상해없음,승용,남,32세,경상
2016072200100261,2016년 7월 22일 12시,금요일,대전광역시 서구 만년동,경상사고,0,0,1,0,차대차 - 측면직각충돌,교차로운행방법위반,건조,맑음,교차로 - 교차로안,승용,남,28세,상해없음,자전거,남,10세,경상
2016072200100366,2016년 7월 22일 15시,금요일,대전광역시 동구 자양동,경상사고,0,0,2,0,차대차 - 측면충돌,안전거리미확보,건조,맑음,단일로 - 기타,승용,남,69세,경상,승용,여,58세,경상
2016072200100367,2016년 7월 22일 15시,금요일,대전광역시 유성구 복용동,경상사고,0,0,3,0,차대차 - 추돌,안전운전불이행,건조,맑음,교차로 - 교차로부근,승용,남,37세,기타불명,승용,여,28세,경상
2016072200100418,2016년 7월 22일 16시,금요일,대전광역시 중구 용두동,경상사고,0,0,2,0,차대사람 - 차도통행중,안전운전불이행,건조,맑음,단일로 - 기타,승용,여,59세,기타불명,보행자,여,23세,경상
2016072200100464,2016년 7월 22일 17시,금요일,대전광역시 동구 성남동,경상사고,0,0,1,0,차대차 - 추돌,안전거리미확보,건조,맑음,단일로 - 기타,승용,여,25세,상해없음,승용,남,62세,상해없음
2016072200100465,2016년 7월 22일 17시,금요일,대전광역시 대덕구 대화동,중상사고,0,2,1,0,차대차 - 추돌,안전운전불이행,건조,맑음,단일로 - 기타,승용,남,56세,상해없음,승용,남,42세,중상
2016072200100466,2016년 7월 22일 17시,금요일,대전광역시 서구 월평동,중상사고,0,1,0,0,차대사람 - 횡단중,안전운전불이행,건조,맑음,단일로 - 기타,승용,여,22세,상해없음,보행자,남,69세,중상
2016072200100525,2016년 7월 22일 18시,금요일,대전광역시 중구 중촌동,경상사고,0,0,1,0,차대차 - 측면직각충돌,교차로운행방법위반,건조,맑음,교차로 - 교차로안,승용,여,61세,상해없음,승용,여,50세,경상
2016072200100549,2016년 7월 22일 19시,금요일,대전광역시 유성구 화암동,부상신고사고,0,0,0,3,차대차 - 추돌,안전운전불이행,건조,맑음,기타 - 기타,승용,여,27세,상해없음,승용,남,35세,부상신고
2016072200100572,2016년 7월 22일 19시,금요일,대전광역시 유성구 노은동,경상사고,0,0,1,0,차대차 - 정면충돌,신호위반,건조,맑음,교차로 - 교차로안,승용,남,25세,상해없음,승용,여,52세,경상
2016072200100649,2016년 7월 22일 21시,금요일,대전광역시 중구 선화동,경상사고,0,0,1,0,차대차 - 기타,안전운전불이행,건조,맑음,교차로 - 교차로안,승용,여,31세,상해없음,자전거,남,52세,경상
2016072200100650,2016년 7월 22일 21시,금요일,대전광역시 동구 가오동,경상사고,0,0,1,0,차대차 - 정면충돌,안전운전불이행,건조,맑음,단일로 - 기타,승용,남,27세,상해없음,승용,남,36세,경상
2016072200100685,2016년 7월 22일 22시,금요일,대전광역시 서구 월평동,부상신고사고,0,0,0,1,차대차 - 추돌,안전거리미확보,건조,맑음,단일로 - 기타,이륜,남,28세,부상신고,승용,여,29세,상해없음
2016072200100686,2016년 7월 22일 22시,금요일,대전광역시 유성구 봉명동,경상사고,0,0,1,0,차대차 - 기타,안전운전불이행,건조,맑음,단일로 - 기타,기타불명,기타불명,기타불명,기타불명,승용,남,30세,경상
2016072300100051,2016년 7월 23일 02시,토요일,대전광역시 유성구 봉명동,부상신고사고,0,0,0,1,차대차 - 정면충돌,신호위반,건조,맑음,교차로 - 교차로안,승용,남,33세,상해없음,승용,남,61세,부상신고
2016072300100145,2016년 7월 23일 08시,토요일,대전광역시 서구 월평동,경상사고,0,0,1,0,차대차 - 기타,안전운전불이행,건조,맑음,단일로 - 횡단보도상,기타불명,기타불명,기타불명,기타불명,자전거,남,73세,경상
2016072300100202,2016년 7월 23일 10시,토요일,대전광역시 동구 가양동,경상사고,0,0,1,0,차대사람 - 횡단중,안전운전불이행,건조,맑음,교차로 - 교차로부근,승용,여,34세,상해없음,보행자,여,53세,경상
2016072300100203,2016년 7월 23일 10시,토요일,대전광역시 유성구 구암동,경상사고,0,0,2,0,차대차 - 측면직각충돌,안전운전불이행,건조,맑음,단일로 - 기타,승용,여,69세,상해없음,승용,남,28세,경상
2016072300100318,2016년 7월 23일 13시,토요일,대전광역시 중구 문화동,경상사고,0,0,1,0,차대차 - 측면직각충돌,안전운전불이행,건조,맑음,교차로 - 교차로부근,승용,여,49세,상해없음,승용,남,31세,경상
2016072300100319,2016년 7월 23일 13시,토요일,대전광역시 동구 원동,경상사고,0,0,3,0,차대차 - 기타,안전운전불이행,건조,맑음,단일로 - 기타,승용,여,39세,경상,화물,남,45세,상해없음
2016072300100351,2016년 7월 23일 14시,토요일,대전광역시 동구 용전동,경상사고,0,0,3,0,차대차 - 추돌,안전운전불이행,건조,맑음,단일로 - 기타,승용,남,25세,상해없음,승용,남,25세,경상
2016072300100463,2016년 7월 23일 17시,토요일,대전광역시 중구 용두동,중상사고,0,1,3,0,차대차 - 측면직각충돌,안전거리미확보,건조,맑음,단일로 - 기타,승용,남,41세,상해없음,승용,남,65세,경상
2016072300100464,2016년 7월 23일 17시,토요일,대전광역시 유성구 신동,경상사고,0,0,1,1,차대차 - 추돌,안전운전불이행,건조,맑음,단일로 - 터널,승용,남,57세,상해없음,건설기계,남,56세,상해없음
2016072300100504,2016년 7월 23일 18시,토요일,대전광역시 유성구 장대동,경상사고,0,0,1,0,차대차 - 측면충돌,안전운전불이행,건조,맑음,단일로 - 횡단보도상,기타불명,기타불명,기타불명,기타불명,승용,여,38세,경상
2016072300100533,2016년 7월 23일 19시,토요일,대전광역시 동구 가양동,중상사고,0,1,0,0,차대사람 - 기타,안전운전불이행,건조,맑음,단일로 - 기타,승용,남,64세,상해없음,보행자,여,69세,중상
2016072300100567,2016년 7월 23일 20시,토요일,대전광역시 서구 갈마동,경상사고,0,0,1,0,차대차 - 기타,안전운전불이행,건조,맑음,단일로 - 기타,이륜,남,42세,상해없음,기타불명,여,75세,경상
2016072300100568,2016년 7월 23일 20시,토요일,대전광역시 서구 둔산동,경상사고,0,0,1,0,차대차 - 추돌,안전운전불이행,건조,맑음,교차로 - 교차로안,승용,남,63세,상해없음,승용,남,48세,경상
2016072300100598,2016년 7월 23일 21시,토요일,대전광역시 동구 원동,경상사고,0,0,1,0,차대차 - 측면직각충돌,신호위반,건조,맑음,교차로 - 교차로안,승용,여,34세,상해없음,원동기,남,17세,경상
2016072300100617,2016년 7월 23일 22시,토요일,대전광역시 대덕구 오정동,경상사고,0,0,1,0,차대차 - 측면충돌,교차로운행방법위반,건조,흐림,교차로 - 교차로안,승용,남,22세,상해없음,승용,남,45세,경상