사고번호,사고일시,요일,시군구,사고내용,사망자수,중상자수,경상자수,부상신고자수,사고유형,법규위반,노면상태,기상상태,도로형태,가해운전자 차종,가해운전자 성별,가해운전자 연령,가해운전자 상해정도,피해운전자 차종,피해운전자 성별,피해운전자 연령,피해운전자 상해정도
2016072400100035,2016년 7월 24일 01시,일요일,대전광역시 동구 가오동,중상사고,0,1,0,0,차대차 - 측면충돌,안전운전불이행,건조,맑음,교차로 - 교차로안,승용,남,44세,상해없음,승용,남,59세,중상
2016072400100044,2016년 7월 24일 02시,일요일,대전광역시 유성구 봉명동,경상사고,0,0,1,0,차대사람 - 횡단중,신호위반,건조,맑음,교차로 - 교차로부근,승용,남,64세,상해없음,보행자,남,26세,경상
2016072400100097,2016년 7월 24일 07시,일요일,대전광역시 대덕구 덕암동,경상사고,0,0,1,0,차대사람 - 횡단중,안전운전불이행,건조,맑음,교차로 - 교차로안,승용,남,52세,상해없음,보행자,남,38세,경상
2016072400100124,2016년 7월 24일 09시,일요일,대전광역시 서구 월평동,중상사고,0,1,0,0,차대사람 - 횡단중,안전운전불이행,건조,맑음,교차로 - 교차로안,승용,남,72세,상해없음,보행자,여,56세,중상
2016072400100146,2016년 7월 24일 10시,일요일,대전광역시 중구 문화동,경상사고,0,0,1,0,차대사람 - 횡단중,안전운전불이행,건조,맑음,교차로 - 교차로안,화물,남,34세,상해없음,보행자,여,84세,경상
2016072400100165,2016년 7월 24일 11시,일요일,대전광역시 중구 호동,중상사고,0,1,0,0,차량단독 - 공작물충돌,안전운전불이행,건조,맑음,단일로 - 기타,자전거,남,77세,중상,,,,
2016072400100202,2016년 7월 24일 12시,일요일,대전광역시 대덕구 오정동,경상사고,0,0,2,0,차대차 - 측면직각충돌,교차로운행방법위반,건조,맑음,교차로 - 교차로안,승용,여,51세,상해없음,승용,남,24세,경상
2016072400100203,2016년 7월 24일 12시,일요일,대전광역시 유성구 구암동,경상사고,0,0,4,0,차대차 - 측면직각충돌,안전운전불이행,건조,맑음,교차로 - 교차로안,승용,남,57세,상해없음,승용,남,31세,경상
2016072400100225,2016년 7월 24일 13시,일요일,대전광역시 유성구 봉산동,경상사고,0,0,1,0,차대차 - 기타,불법유턴,건조,맑음,단일로 - 기타,승합,남,65세,상해없음,승용,여,34세,상해없음
2016072400100259,2016년 7월 24일 14시,일요일,대전광역시 서구 둔산동,경상사고,0,0,1,0,차대차 - 기타,안전운전불이행,건조,맑음,단일로 - 기타,승용,여,55세,상해없음,이륜,남,39세,경상
2016072400100260,2016년 7월 24일 14시,일요일,대전광역시 서구 갈마동,경상사고,0,0,3,0,차대차 - 추돌,안전운전불이행,건조,맑음,교차로 - 교차로안,승용,남,28세,상해없음,승용,남,54세,경상
2016072400100347,2016년 7월 24일 17시,일요일,대전광역시 유성구 화암동,경상사고,0,0,2,0,차대차 - 추돌,안전거리미확보,건조,맑음,교차로 - 교차로부근,승용,남,39세,경상,승용,남,35세,경상
2016072400100368,2016년 7월 24일 18시,일요일,대전광역시 서구 월평동,경상사고,0,0,1,0,차대사람 - 횡단중,안전운전불이행,건조,맑음,단일로 - 기타,승용,남,45세,상해없음,보행자,남,35세,경상
2016072400100369,2016년 7월 24일 18시,일요일,대전광역시 유성구 대정동,경상사고,0,0,1,0,차대사람 - 횡단중,보행자보호의무위반,건조,맑음,단일로 - 기타,승용,남,65세,상해없음,보행자,남,3세,경상
2016072400100424,2016년 7월 24일 20시,일요일,대전광역시 중구 사정동,중상사고,0,2,1,0,차대차 - 측면직각충돌,안전운전불이행,건조,맑음,교차로 - 교차로부근,승용,남,49세,상해없음,승용,여,45세,중상
2016072400100485,2016년 7월 24일 23시,일요일,대전광역시 대덕구 오정동,경상사고,0,0,2,0,차대사람 - 횡단중,안전운전불이행,건조,맑음,교차로 - 교차로안,승용,여,50세,상해없음,보행자,여,57세,경상
2016072500100020,2016년 7월 25일 01시,월요일,대전광역시 중구 사정동,중상사고,0,1,0,0,차대사람 - 기타,안전운전불이행,건조,맑음,단일로 - 기타,원동기,남,40세,상해없음,보행자,남,36세,중상
2016072500100099,2016년 7월 25일 08시,월요일,대전광역시 동구 홍도동,중상사고,0,1,0,0,차대사람 - 횡단중,안전운전불이행,건조,맑음,단일로 - 기타,승용,남,60세,상해없음,보행자,여,24세,중상
2016072500100139,2016년 7월 25일 09시,월요일,대전광역시 대덕구 평촌동,경상사고,0,0,2,0,차대차 - 추돌,안전운전불이행,건조,맑음,교차로 - 교차로부근,화물,남,51세,상해없음,승용,여,32세,경상
2016072500100188,2016년 7월 25일 10시,월요일,대전광역시 서구 가수원동,중상사고,0,1,0,0,차대차 - 측면직각충돌,안전운전불이행,건조,맑음,교차로 - 교차로부근,승용,남,36세,상해없음,승용,남,81세,상해없음
2016072500100289,2016년 7월 25일 13시,월요일,대전광역시 서구 갈마동,경상사고,0,0,1,0,차대사람 - 기타,안전운전불이행,건조,맑음,교차로 - 교차로부근,승용,남,49세,상해없음,보행자,여,56세,경상
2016072500100350,2016년 7월 25일 15시,월요일,대전광역시 동구 용전동,중상사고,0,1,0,0,차대사람 - 횡단중,안전운전불이행,건조,맑음,교차로 - 교차로부근,승용,남,23세,상해없음,보행자,남,20세,중상
2016072500100351,2016년 7월 25일 15시,월요일,대전광역시 동구 하소동,경상사고,0,0,1,0,차량단독 - 전도전복,안전운전불이행,건조,맑음,단일로 - 기타,승용,여,59세,상해없음,,,,
2016072500100352,2016년 7월 25일 15시,월요일,대전광역시 서구 변동,경상사고,0,0,1,0,차대차 - 측면충돌,안전운전불이행,건조,맑음,단일로 - 횡단보도상,승용,남,43세,상해없음,자전거,남,15세,경상
2016072500100353,2016년 7월 25일 15시,월요일,대전광역시 대덕구 용호동,중상사고,0,1,0,0,차대차 - 기타,안전운전불이행,건조,맑음,단일로 - 기타,승용,여,57세,상해없음,자전거,남,55세,중상
2016072500100354,2016년 7월 25일 15시,월요일,대전광역시 유성구 장동,경상사고,0,0,2,0,차대차 - 추돌,안전거리미확보,건조,맑음,단일로 - 기타,승용,여,52세,상해없음,승용,남,36세,경상
2016072500100397,2016년 7월 25일 16시,월요일,대전광역시 유성구 반석동,경상사고,0,0,1,0,차대차 - 추돌,안전거리미확보,건조,맑음,단일로 - 기타,승용,남,31세,기타불명,승용,여,38세,경상
2016072500100445,2016년 7월 25일 17시,월요일,대전광역시 서구 탄방동,경상사고,0,0,1,0,차대차 - 추돌,안전운전불이행,건조,맑음,교차로 - 교차로안,화물,남,43세,상해없음,이륜,남,55세,경상
2016072500100446,2016년 7월 25일 17시,월요일,대전광역시 유성구 도룡동,경상사고,0,0,2,0,차대차 - 측면직각충돌,안전거리미확보,건조,맑음,단일로 - 기타,승용,남,56세,상해없음,승용,남,28세,경상
2016072500100447,2016년 7월 25일 17시,월요일,대전광역시 유성구 관평동,경상사고,0,0,1,0,차대차 - 측면직각충돌,안전운전불이행,건조,맑음,단일로 - 기타,승용,여,54세,상해없음,승용,남,38세,경상
2016072500100486,2016년 7월 25일 18시,월요일,대전광역시 중구 선화동,경상사고,0,0,1,0,차대차 - 측면직각충돌,교차로운행방법위반,건조,맑음,교차로 - 교차로안,승용,남,50세,상해없음,승용,여,57세,경상
2016072500100487,2016년 7월 25일 18시,월요일,대전광역시 서구 가수원동,경상사고,0,0,1,0,차대차 - 추돌,안전거리미확보,건조,맑음,교차로 - 교차로부근,승용,남,74세,상해없음,승용,여,27세,경상
2016072500100488,2016년 7월 25일 18시,월요일,대전광역시 서구 월평동,경상사고,0,0,1,0,차대차 - 추돌,안전운전불이행,건조,맑음,교차로 - 교차로안,승합,여,55세,상해없음,이륜,남,44세,경상
2016072500100511,2016년 7월 25일 19시,월요일,대전광역시 서구 갈마동,경상사고,0,0,1,0,차대사람 - 차도통행중,안전운전불이행,건조,맑음,교차로 - 교차로부근,승용,남,32세,상해없음,보행자,남,32세,경상
2016072500100512,2016년 7월 25일 19시,월요일,대전광역시 유성구 송강동,경상사고,0,0,1,0,차대사람 - 횡단중,안전운전불이행,건조,맑음,단일로 - 횡단보도부근,원동기,남,47세,상해없음,보행자,남,20세,경상
2016072500100547,2016년 7월 25일 20시,월요일,대전광역시 중구 산성동,중상사고,0,3,0,0,차대차 - 측면직각충돌,신호위반,건조,맑음,교차로 - 교차로안,승용,남,69세,중상,승용,남,64세,중상
2016072500100573,2016년 7월 25일 21시,월요일,대전광역시 동구 삼성동,경상사고,0,0,2,0,차대차 - 측면직각충돌,중앙선침범,건조,맑음,단일로 - 기타,승용,남,29세,상해없음,승용,남,61세,경상
2016072500100574,2016년 7월 25일 21시,월요일,대전광역시 동구 대동,경상사고,0,0,4,0,차대차 - 측면직각충돌,안전운전불이행,건조,맑음,교차로 - 교차로안,승용,남,60세,상해없음,화물,남,54세,상해없음
2016072500100622,2016년 7월 25일 23시,월요일,대전광역시 유성구 대정동,경상사고,0,0,1,0,차대차 - 측면직각충돌,교차로운행방법위반,건조,맑음,교차로 - 교차로안,승합,남,61세,상해없음,원동기,남,18세,경상
2016072600100052,2016년 7월 26일 05시,화요일,대전광역시 서구 관저동,경상사고,0,0,1,0,차대차 - 측면충돌,안전운전불이행,건조,맑음,교차로 - 교차로안,승용,여,64세,상해없음,승합,남,48세,경상
2016072600100067,2016년 7월 26일 06시,화요일,대전광역시 동구 낭월동,경상사고,0,0,1,0,차대차 - 측면직각충돌,신호위반,건조,맑음,교차로 - 교차로안,승합,남,49세,상해없음,승용,남,35세,경상
2016072600100125,2016년 7월 26일 08시,화요일,대전광역시 서구 도마동,경상사고,0,0,1,0,차대사람 - 횡단중,안전운전불이행,건조,맑음,단일로 - 기타,승용,여,44세,상해없음,보행자,여,63세,경상
2016072600100226,2016년 7월 26일 11시,화요일,대전광역시 유성구 화암동,경상사고,0,0,2,0,차대차 - 측면직각충돌,안전운전불이행,건조,맑음,교차로 - 교차로안,승용,남,26세,상해없음,승용,여,48세,경상
2016072600100257,2016년 7월 26일 12시,화요일,대전광역시 중구 유천동,경상사고,0,0,2,0,차대차 - 측면직각충돌,안전운전불이행,건조,맑음,교차로 - 교차로안,승용,남,35세,상해없음,승용,여,52세,경상
2016072600100258,2016년 7월 26일 12시,화요일,대전광역시 서구 둔산동,경상사고,0,0,1,0,차량단독 - 기타,안전운전불이행,건조,맑음,단일로 - 기타,승합,남,57세,상해없음,,,,
2016072600100259,2016년 7월 26일 12시,화요일,대전광역시 유성구 봉명동,경상사고,0,0,1,0,차대사람 - 횡단중,보행자보호의무위반,건조,맑음,교차로 - 교차로부근,승용,남,59세,상해없음,보행자,여,46세,경상
2016072600100296,2016년 7월 26일 13시,화요일,대전광역시 유성구 신성동,경상사고,0,0,2,0,차대차 - 측면직각충돌,안전운전불이행,건조,맑음,교차로 - 교차로안,승용,남,64세,상해없음,승용,남,32세,경상
2016072600100297,2016년 7월 26일 13시,화요일,대전광역시 유성구 봉명동,경상사고,0,0,1,0,차대차 - 측면충돌,안전거리미확보,건조,맑음,단일로 - 기타,승용,남,23세,상해없음,승용,여,57세,경상
2016072600100323,2016년 7월 26일 14시,화요일,대전광역시 대덕구 중리동,경상사고,0,0,1,0,차대차 - 측면충돌,안전운전불이행,건조,맑음,단일로 - 기타,승용,여,61세,상해없음,승용,남,26세,경상
2016072600100324,2016년 7월 26일 14시,화요일,대전광역시 서구 탄방동,중상사고,0,1,2,0,차대차 - 정면충돌,기타,건조,맑음,단일로 - 기타,승용,여,26세,상해없음,화물,남,60세,경상
2016072600100325,2016년 7월 26일 14시,화요일,대전광역시 유성구 관평동,경상사고,0,0,1,0,차대차 - 측면충돌,안전운전불이행,건조,맑음,교차로 - 교차로부근,승용,남,70세,상해없음,원동기,남,34세,경상
2016072600100326,2016년 7월 26일 14시,화요일,대전광역시 유성구 신성동,경상사고,0,0,1,0,차대차 - 기타,안전운전불이행,건조,맑음,교차로 - 교차로안,승용,남,58세,상해없음,자전거,남,14세,경상
2016072600100359,2016년 7월 26일 15시,화요일,대전광역시 대덕구 상서동,경상사고,0,0,1,0,차대차 - 추돌,차로위반,건조,맑음,교차로 - 교차로안,화물,남,34세,상해없음,화물,남,48세,경상
2016072600100384,2016년 7월 26일 16시,화요일,대전광역시 동구 천동,경상사고,0,0,1,0,차대사람 - 횡단중,보행자보호의무위반,건조,맑음,교차로 - 교차로안,승용,남,32세,상해없음,보행자,남,6세,경상
2016072600100422,2016년 7월 26일 17시,화요일,대전광역시 서구 만년동,부상신고사고,0,0,0,2,차대차 - 측면충돌,안전운전불이행,습기,맑음,교차로 - 교차로부근,승용,남,59세,상해없음,승용,여,51세,부상신고
2016072600100465,2016년 7월 26일 18시,화요일,대전광역시 중구 오류동,경상사고,0,0,6,0,차대차 - 측면충돌,안전거리미확보,건조,맑음,단일로 - 기타,승용,남,26세,상해없음,승용,여,42세,경상
2016072600100466,2016년 7월 26일 18시,화요일,대전광역시 유성구 봉명동,경상사고,0,0,4,0,차대차 - 추돌,안전운전불이행,건조,맑음,단일로 - 기타,승용,남,22세,상해없음,승용,남,26세,경상
2016072600100507,2016년 7월 26일 19시,화요일,대전광역시 대덕구 송촌동,경상사고,0,0,1,0,차대차 - 추돌,안전운전불이행,건조,맑음,단일로 - 기타,승합,남,48세,기타불명,승용,남,30세,경상
2016072600100574,2016년 7월 26일 21시,화요일,대전광역시 서구 용문동,중상사고,0,1,0,0,차대사람 - 횡단중,신호위반,건조,맑음,단일로 - 횡단보도상,승용,남,27세,상해없음,보행자,남,35세,중상
2016072600100575,2016년 7월 26일 21시,화요일,대전광역시 대덕구 중리동,경상사고,0,0,1,0,차대차 - 측면충돌,안전거리미확보,건조,맑음,단일로 - 기타,승용,여,53세,상해없음,승용,여,31세,경상
2016072600100622,2016년 7월 26일 23시,화요일,대전광역시 서구 월평동,경상사고,0,0,1,0,차대사람 - 기타,안전운전불이행,건조,맑음,단일로 - 기타,화물,남,23세,상해없음,보행자,남,55세,경상
2016072700100023,2016년 7월 27일 01시,수요일,대전광역시 대덕구 오정동,중상사고,0,1,0,0,차대차 - 추돌,안전운전불이행,건조,맑음,교차로 - 교차로부근,승용,남,64세,상해없음,승용,남,29세,중상
2016072700100081,2016년 7월 27일 06시,수요일,대전광역시 동구 삼성동,경상사고,0,0,2,0,차대차 - 측면충돌,신호위반,건조,맑음,교차로 - 교차로안,화물,남,37세,상해없음,승용,남,43세,경상
2016072700100155,2016년 7월 27일 09시,수요일,대전광역시 동구 대동,경상사고,0,0,1,0,차대사람 - 기타,보행자보호의무위반,건조,맑음,교차로 - 교차로부근,승합,남,47세,상해없음,보행자,여,69세,경상
2016072700100192,2016년 7월 27일 10시,수요일,대전광역시 중구 대흥동,경상사고,0,0,1,0,차대차 - 기타,차로위반,건조,맑음,단일로 - 기타,승용,남,21세,상해없음,승합,남,37세,상해없음
2016072700100193,2016년 7월 27일 10시,수요일,대전광역시 동구 가양동,경상사고,0,0,2,0,차대차 - 측면직각충돌,교차로운행방법위반,건조,맑음,교차로 - 교차로안,승용,여,71세,상해없음,승용,여,54세,경상
2016072700100194,2016년 7월 27일 10시,수요일,대전광역시 유성구 가정동,중상사고,0,1,0,0,차대차 - 기타,신호위반,건조,맑음,교차로 - 교차로안,승용,여,45세,상해없음,이륜,남,41세,중상
2016072700100227,2016년 7월 27일 11시,수요일,대전광역시 동구 가양동,중상사고,0,1,0,0,차대차 - 측면충돌,안전운전불이행,건조,맑음,교차로 - 교차로안,승용,남,83세,상해없음,자전거,남,76세,중상
2016072700100250,2016년 7월 27일 12시,수요일,대전광역시 대덕구 목상동,중상사고,0,1,0,0,차대차 - 추돌,교차로운행방법위반,건조,맑음,교차로 - 교차로안,승용,남,47세,상해없음,원동기,남,46세,중상
2016072700100325,2016년 7월 27일 14시,수요일,대전광역시 대덕구 비래동,부상신고사고,0,0,0,1,차대사람 - 보도통행중,안전운전불이행,건조,맑음,단일로 - 기타,승용,남,74세,상해없음,보행자,남,48세,부상신고
2016072700100361,2016년 7월 27일 15시,수요일,대전광역시 중구 유천동,중상사고,0,1,0,0,차대사람 - 횡단중,보행자보호의무위반,건조,맑음,단일로 - 횡단보도상,화물,남,55세,상해없음,보행자,남,69세,중상
2016072700100362,2016년 7월 27일 15시,수요일,대전광역시 동구 가양동,경상사고,0,0,1,0,차대차 - 측면직각충돌,교차로운행방법위반,건조,맑음,교차로 - 교차로안,승용,남,61세,상해없음,승용,여,48세,경상
2016072700100391,2016년 7월 27일 16시,수요일,대전광역시 유성구 궁동,경상사고,0,0,3,0,차대차 - 추돌,안전운전불이행,건조,맑음,단일로 - 기타,승용,남,46세,상해없음,승용,남,59세,경상
2016072700100392,2016년 7월 27일 16시,수요일,대전광역시 유성구 봉명동,경상사고,0,0,1,0,차대차 - 기타,안전운전불이행,건조,맑음,교차로 - 교차로부근,승합,남,43세,상해없음,자전거,남,82세,경상
2016072700100427,2016년 7월 27일 17시,수요일,대전광역시 서구 가장동,경상사고,0,0,1,0,차대차 - 측면충돌,중앙선침범,건조,맑음,단일로 - 기타,승용,남,33세,상해없음,승용,남,36세,경상
2016072700100538,2016년 7월 27일 20시,수요일,대전광역시 대덕구 삼정동,경상사고,0,0,1,0,차대차 - 측면직각충돌,중앙선침범,건조,맑음,단일로 - 기타,승합,남,60세,상해없음,승용,남,33세,경상
2016072700100576,2016년 7월 27일 21시,수요일,대전광역시 유성구 봉명동,중상사고,0,1,0,0,차대차 - 측면충돌,신호위반,건조,맑음,교차로 - 교차로안,승용,남,58세,상해없음,승용,남,29세,중상
2016072700100625,2016년 7월 27일 23시,수요일,대전광역시 서구 가장동,경상사고,0,0,1,0,차대차 - 추돌,안전운전불이행,건조,맑음,교차로 - 교차로부근,승용,남,31세,상해없음,승용,남,45세,경상
2016072800100013,2016년 7월 28일 00시,목요일,대전광역시 동구 삼성동,중상사고,0,1,1,0,차대차 - 측면충돌,신호위반,건조,맑음,교차로 - 교차로안,승용,남,47세,상해없음,승용,남,47세,중상
2016072800100027,2016년 7월 28일 01시,목요일,대전광역시 동구 용전동,경상사고,0,0,1,0,차대사람 - 기타,안전운전불이행,건조,맑음,단일로 - 기타,승용,기타불명,기타불명,기타불명,보행자,남,42세,경상
2016072800100075,2016년 7월 28일 06시,목요일,대전광역시 동구 가양동,경상사고,0,0,2,0,차대차 - 추돌,안전운전불이행,건조,맑음,교차로 - 교차로부근,승용,남,28세,상해없음,승용,남,23세,경상
2016072800100114,2016년 7월 28일 08시,목요일,대전광역시 중구 목달동,경상사고,0,0,2,0,차대차 - 측면직각충돌,신호위반,건조,맑음,교차로 - 교차로안,승용,남,52세,상해없음,승용,남,70세,경상
2016072800100145,2016년 7월 28일 09시,목요일,대전광역시 중구 문창동,경상사고,0,0,1,0,차대차 - 추돌,안전거리미확보,건조,맑음,단일로 - 기타,승용,남,33세,상해없음,승용,여,49세,경상
2016072800100176,2016년 7월 28일 10시,목요일,대전광역시 서구 복수동,경상사고,0,0,4,0,차대차 - 측면직각충돌,교차로운행방법위반,건조,맑음,교차로 - 교차로안,승용,남,53세,상해없음,승용,남,31세,경상
2016072800100177,2016년 7월 28일 10시,목요일,대전광역시 유성구 봉명동,경상사고,0,0,1,0,차대차 - 추돌,안전운전불이행,건조,맑음,단일로 - 기타,승용,남,56세,상해없음,승용,남,58세,경상
2016072800100232,2016년 7월 28일 12시,목요일,대전광역시 중구 은행동,경상사고,0,0,2,0,차대차 - 추돌,안전거리미확보,건조,맑음,단일로 - 기타,승용,남,25세,기타불명,승합,남,46세,경상
2016072800100261,2016년 7월 28일 13시,목요일,대전광역시 동구 대동,중상사고,0,1,0,0,차대사람 - 횡단중,안전운전불이행,건조,맑음,단일로 - 횡단보도상,화물,남,52세,상해없음,보행자,여,77세,중상
2016072800100262,2016년 7월 28일 13시,목요일,대전광역시 동구 성남동,경상사고,0,0,1,0,차대차 - 측면충돌,안전운전불이행,건조,맑음,교차로 - 교차로부근,승용,남,27세,상해없음,승용,여,52세,경상
2016072800100263,2016년 7월 28일 13시,목요일,대전광역시 유성구 상대동,경상사고,0,0,2,0,차대차 - 추돌,교차로운행방법위반,건조,맑음,교차로 - 교차로안,승용,남,33세,경상,승용,남,46세,경상
2016072800100307,2016년 7월 28일 14시,목요일,대전광역시 유성구 자운동,중상사고,0,1,0,0,차량단독 - 전도전복,안전운전불이행,건조,맑음,단일로 - 기타,화물,남,49세,상해없음,,,,
2016072800100371,2016년 7월 28일 16시,목요일,대전광역시 동구 용전동,중상사고,0,2,2,0,차대차 - 추돌,안전운전불이행,건조,맑음,단일로 - 횡단보도부근,승용,남,44세,상해없음,승용,남,64세,경상
2016072800100372,2016년 7월 28일 16시,목요일,대전광역시 서구 관저동,중상사고,0,1,0,0,차대차 - 측면직각충돌,안전거리미확보,건조,맑음,단일로 - 기타,승용,남,43세,상해없음,승용,여,54세,상해없음
2016072800100373,2016년 7월 28일 16시,목요일,대전광역시 유성구 구성동,경상사고,0,0,1,0,차대차 - 추돌,안전운전불이행,건조,맑음,단일로 - 기타,화물,남,60세,상해없음,승용,남,31세,경상
2016072800100410,2016년 7월 28일 17시,목요일,대전광역시 중구 유천동,중상사고,0,1,0,0,차대사람 - 횡단중,안전운전불이행,건조,맑음,교차로 - 교차로안,승용,여,45세,상해없음,보행자,남,47세,중상
2016072800100411,2016년 7월 28일 17시,목요일,대전광역시 중구 산성동,중상사고,0,1,1,0,차대사람 - 횡단중,보행자보호의무위반,건조,맑음,교차로 - 교차로안,화물,남,43세,기타불명,보행자,여,41세,중상
2016072800100412,2016년 7월 28일 17시,목요일,대전광역시 서구 둔산동,중상사고,0,1,0,0,차대사람 - 횡단중,보행자보호의무위반,건조,맑음,단일로 - 횡단보도상,승합,남,57세,상해없음,보행자,여,27세,중상
2016072800100413,2016년 7월 28일 17시,목요일,대전광역시 유성구 구암동,중상사고,0,1,1,0,차대차 - 정면충돌,신호위반,건조,맑음,교차로 - 교차로안,원동기,남,53세,중상,승용,남,48세,경상
2016072800100438,2016년 7월 28일 18시,목요일,대전광역시 유성구 화암동,경상사고,0,0,1,0,차대차 - 기타,안전운전불이행,건조,맑음,기타 - 기타,승용,남,51세,상해없음,승용,남,29세,경상
2016072800100458,2016년 7월 28일 18시,목요일,대전광역시 동구 가양동,경상사고,0,0,1,0,차대사람 - 횡단중,안전운전불이행,건조,맑음,단일로 - 기타,승용,여,55세,상해없음,보행자,남,20세,경상
2016072800100520,2016년 7월 28일 20시,목요일,대전광역시 서구 만년동,경상사고,0,0,1,0,차대차 - 측면직각충돌,안전거리미확보,건조,맑음,단일로 - 기타,승합,여,49세,상해없음,승용,남,35세,경상
2016072800100577,2016년 7월 28일 22시,목요일,대전광역시 중구 대사동,경상사고,0,0,2,0,차대차 - 추돌,안전운전불이행,건조,맑음,교차로 - 교차로부근,승용,여,45세,상해없음,승용,여,59세,경상
2016072900100019,2016년 7월 29일 00시,금요일,대전광역시 유성구 봉명동,중상사고,0,1,0,0,차대사람 - 횡단중,안전운전불이행,건조,맑음,단일로 - 기타,승용,남,45세,상해없음,보행자,남,45세,중상
2016072900100056,2016년 7월 29일 03시,금요일,대전광역시 대덕구 비래동,중상사고,0,1,0,1,차량단독 - 전도전복,안전운전불이행,건조,맑음,단일로 - 기타,승용,여,23세,부상신고,,,,
2016072900100076,2016년 7월 29일 05시,금요일,대전광역시 대덕구 덕암동,경상사고,0,0,1,0,차대차 - 기타,안전운전불이행,건조,맑음,단일로 - 기타,화물,남,57세,상해없음,승용,남,31세,경상
2016072900100118,2016년 7월 29일 07시,금요일,대전광역시 서구 월평동,중상사고,0,1,0,0,차대차 - 측면충돌,불법유턴,건조,맑음,교차로 - 교차로부근,자전거,남,77세,중상,승용,여,57세,상해없음
2016072900100119,2016년 7월 29일 07시,금요일,대전광역시 유성구 송강동,경상사고,0,0,1,0,차대차 - 정면충돌,안전운전불이행,건조,맑음,교차로 - 교차로안,승용,남,54세,상해없음,자전거,남,18세,경상
2016072900100144,2016년 7월 29일 08시,금요일,대전광역시 동구 자양동,경상사고,0,0,1,0,차대사람 - 횡단중,보행자보호의무위반,건조,맑음,교차로 - 교차로안,승용,기타불명,기타불명,기타불명,보행자,남,22세,경상
2016072900100145,2016년 7월 29일 08시,금요일,대전광역시 대덕구 오정동,경상사고,0,0,1,0,차대차 - 추돌,안전운전불이행,건조,맑음,단일로 - 기타,승용,여,59세,상해없음,승용,여,55세,경상
2016072900100244,2016년 7월 29일 11시,금요일,대전광역시 유성구 장대동,경상사고,0,0,2,0,차대차 - 기타,안전거리미확보,건조,맑음,단일로 - 기타,승용,남,51세,경상,승용,여,39세,경상
2016072900100273,2016년 7월 29일 12시,금요일,대전광역시 서구 둔산동,경상사고,0,0,1,0,차대사람 - 길가장자리구역통행중,안전운전불이행,건조,맑음,단일로 - 기타,승용,여,52세,상해없음,보행자,여,24세,경상
2016072900100355,2016년 7월 29일 14시,금요일,대전광역시 중구 문화동,중상사고,0,1,0,0,차대사람 - 횡단중,안전운전불이행,건조,맑음,교차로 - 교차로부근,승용,여,60세,상해없음,보행자,여,67세,중상
2016072900100356,2016년 7월 29일 14시,금요일,대전광역시 동구 낭월동,경상사고,0,0,1,0,차대차 - 정면충돌,교차로운행방법위반,습기,흐림,교차로 - 교차로안,화물,여,50세,상해없음,원동기,남,57세,경상
2016072900100357,2016년 7월 29일 14시,금요일,대전광역시 서구 둔산동,경상사고,0,0,2,0,차대차 - 추돌,안전운전불이행,건조,맑음,교차로 - 교차로부근,승용,남,75세,상해없음,승용,남,59세,경상
2016072900100421,2016년 7월 29일 16시,금요일,대전광역시 서구 도마동,중상사고,0,1,0,0,차대사람 - 횡단중,안전운전불이행,건조,맑음,단일로 - 기타,승용,여,33세,상해없음,보행자,남,60세,중상
2016072900100470,2016년 7월 29일 17시,금요일,대전광역시 중구 태평동,중상사고,0,1,0,0,차량단독 - 기타,기타,건조,맑음,단일로 - 기타,승합,남,56세,상해없음,,,,
2016072900100511,2016년 7월 29일 18시,금요일,대전광역시 중구 사정동,중상사고,0,1,0,0,차대사람 - 횡단중,안전운전불이행,건조,맑음,교차로 - 교차로안,승용,남,25세,상해없음,보행자,남,68세,중상
2016072900100512,2016년 7월 29일 18시,금요일,대전광역시 동구 낭월동,경상사고,0,0,2,0,차대차 - 측면직각충돌,교차로운행방법위반,건조,맑음,교차로 - 교차로안,화물,남,43세,상해없음,승용,남,78세,경상
2016072900100513,2016년 7월 29일 18시,금요일,대전광역시 서구 도마동,경상사고,0,0,1,0,차대차 - 측면충돌,차로위반,건조,맑음,단일로 - 기타,승용,남,34세,상해없음,승용,남,50세,경상
2016072900100514,2016년 7월 29일 18시,금요일,대전광역시 대덕구 법동,경상사고,0,0,4,0,차대차 - 측면직각충돌,안전거리미확보,건조,맑음,단일로 - 기타,승용,여,49세,기타불명,승용,여,41세,경상
2016072900100515,2016년 7월 29일 18시,금요일,대전광역시 서구 월평동,경상사고,0,0,1,0,차대차 - 추돌,안전운전불이행,건조,맑음,교차로 - 교차로안,승용,여,39세,상해없음,이륜,남,33세,경상
2016072900100516,2016년 7월 29일 18시,금요일,대전광역시 유성구 봉명동,경상사고,0,0,4,0,차대차 - 추돌,안전운전불이행,건조,맑음,단일로 - 기타,승합,남,41세,상해없음,승용,남,36세,경상
2016072900100545,2016년 7월 29일 19시,금요일,대전광역시 서구 둔산동,경상사고,0,0,1,0,차대차 - 추돌,교차로운행방법위반,건조,맑음,교차로 - 교차로안,승용,남,56세,상해없음,승용,여,35세,경상
2016072900100587,2016년 7월 29일 20시,금요일,대전광역시 중구 오류동,경상사고,0,0,3,0,차대차 - 측면직각충돌,안전운전불이행,건조,맑음,교차로 - 교차로부근,승용,여,31세,상해없음,승용,남,49세,경상