사고번호,사고일시,요일,시군구,사고내용,사망자수,중상자수,경상자수,부상신고자수,사고유형,법규위반,노면상태,기상상태,도로형태,가해운전자 차종,가해운전자 성별,가해운전자 연령,가해운전자 상해정도,피해운전자 차종,피해운전자 성별,피해운전자 연령,피해운전자 상해정도
2016072900100588,2016년 7월 29일 20시,금요일,대전광역시 서구 갈마동,중상사고,0,1,0,1,차대차 - 추돌,안전운전불이행,건조,맑음,단일로 - 기타,승용,남,41세,상해없음,승용,남,65세,중상
2016072900100690,2016년 7월 29일 23시,금요일,대전광역시 유성구 지족동,중상사고,0,1,0,0,차대차 - 측면직각충돌,신호위반,건조,맑음,교차로 - 교차로부근,승용,여,56세,상해없음,자전거,여,77세,중상
2016073000100025,2016년 7월 30일 00시,토요일,대전광역시 동구 천동,중상사고,0,3,0,0,차대차 - 정면충돌,중앙선침범,건조,맑음,단일로 - 기타,승용,남,52세,상해없음,승용,남,28세,중상
2016073000100118,2016년 7월 30일 06시,토요일,대전광역시 동구 인동,경상사고,0,0,1,0,차대사람 - 횡단중,안전운전불이행,건조,맑음,기타 - 기타,승용,기타불명,기타불명,기타불명,보행자,남,47세,경상
2016073000100153,2016년 7월 30일 08시,토요일,대전광역시 유성구 복용동,중상사고,0,1,0,0,차대차 - 추돌,안전운전불이행,건조,맑음,단일로 - 교량,승용,남,24세,상해없음,원동기,여,55세,중상
2016073000100205,2016년 7월 30일 10시,토요일,대전광역시 중구 오류동,경상사고,0,0,1,0,차대차 - 측면직각충돌,안전거리미확보,건조,맑음,교차로 - 교차로부근,승용,여,38세,상해없음,승용,남,27세,경상
2016073000100206,2016년 7월 30일 10시,토요일,대전광역시 유성구 봉명동,경상사고,0,0,1,0,차대사람 - 차도통행중,안전운전불이행,건조,맑음,단일로 - 기타,승용,남,33세,상해없음,보행자,여,36세,경상
2016073000100314,2016년 7월 30일 13시,토요일,대전광역시 동구 가오동,경상사고,0,0,1,0,차대차 - 정면충돌,안전운전불이행,건조,맑음,기타 - 기타,승합,남,45세,상해없음,승용,남,36세,기타불명
2016073000100347,2016년 7월 30일 14시,토요일,대전광역시 서구 정림동,경상사고,0,0,2,0,차대차 - 추돌,안전운전불이행,건조,맑음,단일로 - 기타,승용,여,56세,상해없음,승합,여,45세,경상
2016073000100405,2016년 7월 30일 16시,토요일,대전광역시 서구 내동,경상사고,0,0,1,0,차대차 - 추돌,안전거리미확보,건조,맑음,단일로 - 기타,승용,남,42세,상해없음,승용,남,32세,경상
2016073000100434,2016년 7월 30일 17시,토요일,대전광역시 동구 홍도동,경상사고,0,0,2,0,차대차 - 추돌,안전거리미확보,건조,맑음,단일로 - 기타,승용,여,44세,상해없음,승용,여,67세,경상
2016073000100435,2016년 7월 30일 17시,토요일,대전광역시 서구 갈마동,경상사고,0,0,1,0,차대차 - 측면직각충돌,안전거리미확보,건조,맑음,단일로 - 기타,이륜,남,57세,상해없음,이륜,남,25세,경상
2016073000100581,2016년 7월 30일 22시,토요일,대전광역시 동구 용전동,중상사고,0,1,2,0,차대차 - 정면충돌,안전운전불이행,건조,맑음,교차로 - 교차로안,승용,남,72세,상해없음,승용,남,26세,중상
2016073000100582,2016년 7월 30일 22시,토요일,대전광역시 동구 용운동,중상사고,0,1,0,0,차대차 - 측면직각충돌,안전운전불이행,건조,맑음,교차로 - 교차로부근,승용,기타불명,기타불명,기타불명,이륜,남,19세,중상
2016073000100583,2016년 7월 30일 22시,토요일,대전광역시 서구 용문동,경상사고,0,0,1,0,차대차 - 추돌,안전운전불이행,건조,맑음,단일로 - 기타,승용,남,37세,상해없음,승용,여,50세,경상
2016073000100613,2016년 7월 30일 23시,토요일,대전광역시 유성구 노은동,중상사고,0,2,0,0,차대차 - 측면충돌,신호위반,건조,맑음,교차로 - 교차로안,승용,여,56세,중상,승용,남,22세,중상
2016073100100023,2016년 7월 31일 00시,일요일,대전광역시 동구 자양동,사망사고,1,0,0,0,차대차 - 측면충돌,신호위반,건조,맑음,단일로 - 기타,원동기,남,43세,상해없음,자전거,남,25세,사망
2016073100100052,2016년 7월 31일 02시,일요일,대전광역시 중구 목동,중상사고,0,1,0,0,차대사람 - 횡단중,안전운전불이행,건조,맑음,교차로 - 교차로안,승용,남,27세,상해없음,보행자,남,46세,중상
2016073100100082,2016년 7월 31일 04시,일요일,대전광역시 동구 용전동,경상사고,0,0,1,0,차대차 - 측면충돌,교차로운행방법위반,건조,맑음,교차로 - 교차로안,승용,남,50세,상해없음,승용,남,61세,상해없음
2016073100100181,2016년 7월 31일 10시,일요일,대전광역시 중구 선화동,경상사고,0,0,1,0,차량단독 - 기타,안전운전불이행,건조,맑음,단일로 - 기타,승합,남,53세,상해없음,,,,
2016073100100213,2016년 7월 31일 11시,일요일,대전광역시 유성구 도룡동,경상사고,0,0,1,0,차대차 - 기타,안전운전불이행,건조,맑음,단일로 - 기타,승용,남,35세,상해없음,승용,여,39세,경상
2016073100100237,2016년 7월 31일 12시,일요일,대전광역시 서구 가수원동,경상사고,0,0,2,0,차대차 - 기타,안전운전불이행,건조,맑음,단일로 - 기타,승용,여,51세,상해없음,승용,남,45세,경상
2016073100100305,2016년 7월 31일 14시,일요일,대전광역시 대덕구 용호동,경상사고,0,0,4,0,차대차 - 측면직각충돌,중앙선침범,건조,맑음,단일로 - 기타,화물,남,48세,기타불명,승용,남,67세,경상
2016073100100366,2016년 7월 31일 16시,일요일,대전광역시 중구 부사동,중상사고,0,1,0,0,차대사람 - 횡단중,안전운전불이행,건조,맑음,단일로 - 기타,승용,여,55세,상해없음,보행자,여,7세,중상
2016073100100367,2016년 7월 31일 16시,일요일,대전광역시 유성구 하기동,경상사고,0,0,1,0,차대차 - 측면직각충돌,안전거리미확보,건조,맑음,단일로 - 기타,특수,남,51세,상해없음,승용,여,34세,경상
2016073100100390,2016년 7월 31일 17시,일요일,대전광역시 서구 도안동,중상사고,0,1,1,0,차대차 - 기타,신호위반,건조,맑음,교차로 - 교차로안,이륜,남,25세,중상,승용,남,25세,경상
2016073100100441,2016년 7월 31일 19시,일요일,대전광역시 서구 탄방동,경상사고,0,0,4,0,차대차 - 측면충돌,안전운전불이행,건조,맑음,단일로 - 기타,승용,남,28세,상해없음,승용,여,44세,경상
2016073100100476,2016년 7월 31일 20시,일요일,대전광역시 유성구 관평동,경상사고,0,0,1,0,차대사람 - 기타,안전운전불이행,건조,맑음,단일로 - 기타,승용,남,30세,상해없음,보행자,남,59세,경상
2016073100100499,2016년 7월 31일 21시,일요일,대전광역시 서구 도안동,경상사고,0,0,1,0,차대차 - 기타,중앙선침범,건조,맑음,교차로 - 교차로부근,승용,남,62세,상해없음,이륜,남,28세,경상
2016073100100520,2016년 7월 31일 22시,일요일,대전광역시 서구 둔산동,경상사고,0,0,5,0,차대차 - 추돌,안전운전불이행,건조,맑음,교차로 - 교차로부근,승용,남,18세,상해없음,승용,여,31세,경상
2016080100100095,2016년 8월 1일 08시,월요일,대전광역시 서구 둔산동,중상사고,0,1,0,0,차대사람 - 횡단중,안전운전불이행,건조,맑음,교차로 - 교차로안,승용,남,41세,상해없음,보행자,여,66세,중상
2016080100100131,2016년 8월 1일 09시,월요일,대전광역시 유성구 노은동,경상사고,0,0,1,0,차대차 - 측면직각충돌,직진우회전진행방해,건조,맑음,교차로 - 교차로안,승용,남,38세,상해없음,승용,여,32세,상해없음
2016080100100165,2016년 8월 1일 10시,월요일,대전광역시 서구 복수동,경상사고,0,0,1,0,차대차 - 측면직각충돌,안전거리미확보,건조,맑음,단일로 - 기타,승용,여,51세,상해없음,승용,여,51세,경상
2016080100100166,2016년 8월 1일 10시,월요일,대전광역시 대덕구 오정동,부상신고사고,0,0,0,1,차대차 - 측면직각충돌,안전운전불이행,건조,맑음,교차로 - 교차로안,자전거,남,77세,부상신고,승합,남,61세,상해없음
2016080100100167,2016년 8월 1일 10시,월요일,대전광역시 유성구 용계동,중상사고,0,3,2,0,차대차 - 측면충돌,안전운전불이행,건조,맑음,단일로 - 기타,승용,여,48세,중상,승용,남,40세,중상
2016080100100240,2016년 8월 1일 12시,월요일,대전광역시 서구 관저동,부상신고사고,0,0,0,1,차대차 - 측면직각충돌,신호위반,건조,맑음,교차로 - 교차로안,승용,남,47세,기타불명,이륜,여,61세,부상신고
2016080100100241,2016년 8월 1일 12시,월요일,대전광역시 서구 둔산동,경상사고,0,0,2,0,차대차 - 측면직각충돌,안전운전불이행,건조,맑음,단일로 - 기타,승용,남,68세,상해없음,승용,남,60세,경상
2016080100100277,2016년 8월 1일 13시,월요일,대전광역시 동구 낭월동,중상사고,0,1,0,0,차대차 - 추돌,안전운전불이행,건조,맑음,단일로 - 기타,승용,남,52세,상해없음,승용,여,47세,중상
2016080100100278,2016년 8월 1일 13시,월요일,대전광역시 유성구 노은동,중상사고,0,1,0,0,차대차 - 정면충돌,신호위반,건조,맑음,교차로 - 교차로안,승용,남,26세,상해없음,승용,남,39세,중상
2016080100100310,2016년 8월 1일 14시,월요일,대전광역시 동구 용전동,경상사고,0,0,1,0,차대차 - 추돌,안전운전불이행,건조,맑음,교차로 - 교차로부근,승용,남,28세,상해없음,승용,남,59세,경상
2016080100100311,2016년 8월 1일 14시,월요일,대전광역시 서구 둔산동,중상사고,0,1,0,0,차대차 - 정면충돌,신호위반,건조,맑음,교차로 - 교차로안,승용,여,43세,상해없음,승용,여,50세,중상
2016080100100312,2016년 8월 1일 14시,월요일,대전광역시 유성구 송강동,경상사고,0,0,6,0,차대차 - 측면충돌,안전운전불이행,건조,맑음,교차로 - 교차로안,승용,남,25세,경상,건설기계,남,57세,경상
2016080100100332,2016년 8월 1일 15시,월요일,대전광역시 대덕구 장동,경상사고,0,0,3,0,차대차 - 정면충돌,안전거리미확보,건조,맑음,단일로 - 기타,승용,남,31세,상해없음,승용,남,45세,상해없음
2016080100100350,2016년 8월 1일 15시,월요일,대전광역시 서구 갈마동,중상사고,0,1,0,0,차대차 - 기타,안전운전불이행,건조,맑음,단일로 - 기타,화물,남,43세,기타불명,이륜,남,53세,중상
2016080100100389,2016년 8월 1일 16시,월요일,대전광역시 중구 대흥동,경상사고,0,0,3,0,차대차 - 측면직각충돌,안전거리미확보,건조,맑음,단일로 - 기타,승용,여,46세,상해없음,승용,남,55세,경상
2016080100100390,2016년 8월 1일 16시,월요일,대전광역시 중구 부사동,중상사고,0,1,0,0,차대차 - 측면직각충돌,안전거리미확보,습기,비,단일로 - 기타,원동기,남,67세,중상,승용,남,46세,상해없음
2016080100100391,2016년 8월 1일 16시,월요일,대전광역시 대덕구 송촌동,경상사고,0,0,1,0,차대차 - 측면직각충돌,안전운전불이행,건조,맑음,교차로 - 교차로안,승용,여,44세,상해없음,자전거,남,8세,경상
2016080100100392,2016년 8월 1일 16시,월요일,대전광역시 대덕구 중리동,경상사고,0,0,1,0,차대차 - 측면충돌,교차로운행방법위반,건조,맑음,교차로 - 교차로안,승용,남,66세,상해없음,승용,남,47세,경상
2016080100100393,2016년 8월 1일 16시,월요일,대전광역시 서구 둔산동,경상사고,0,0,1,0,차대사람 - 길가장자리구역통행중,안전운전불이행,건조,맑음,단일로 - 기타,승용,여,36세,기타불명,보행자,여,25세,경상
2016080100100394,2016년 8월 1일 16시,월요일,대전광역시 유성구 관평동,경상사고,0,0,2,0,차량단독 - 기타,안전운전불이행,건조,맑음,단일로 - 기타,승합,남,54세,상해없음,,,,
2016080100100437,2016년 8월 1일 17시,월요일,대전광역시 중구 문화동,경상사고,0,0,4,0,차대차 - 추돌,안전거리미확보,건조,맑음,교차로 - 교차로부근,승합,남,51세,상해없음,승용,여,30세,경상
2016080100100438,2016년 8월 1일 17시,월요일,대전광역시 중구 문창동,중상사고,0,1,0,0,차대사람 - 횡단중,보행자보호의무위반,건조,맑음,단일로 - 횡단보도상,승용,남,43세,상해없음,보행자,남,61세,중상
2016080100100477,2016년 8월 1일 18시,월요일,대전광역시 대덕구 대화동,경상사고,0,0,2,0,차대차 - 추돌,안전거리미확보,건조,맑음,단일로 - 기타,화물,남,30세,상해없음,화물,남,64세,경상
2016080100100500,2016년 8월 1일 19시,월요일,대전광역시 서구 둔산동,경상사고,0,0,1,0,차대사람 - 횡단중,기타,기타,맑음,단일로 - 기타,원동기,남,47세,상해없음,보행자,남,20세,경상
2016080100100536,2016년 8월 1일 20시,월요일,대전광역시 서구 도안동,경상사고,0,0,1,0,차대차 - 기타,안전운전불이행,건조,맑음,단일로 - 기타,자전거,남,57세,상해없음,자전거,남,52세,경상
2016080100100585,2016년 8월 1일 22시,월요일,대전광역시 중구 유천동,경상사고,0,0,2,0,차대차 - 측면충돌,중앙선침범,건조,맑음,단일로 - 기타,승용,남,40세,상해없음,승용,남,62세,경상
2016080100100586,2016년 8월 1일 22시,월요일,대전광역시 유성구 장대동,경상사고,0,0,2,0,차대차 - 측면직각충돌,안전거리미확보,건조,맑음,단일로 - 기타,승용,여,44세,상해없음,승용,남,48세,경상
2016080100100608,2016년 8월 1일 23시,월요일,대전광역시 중구 사정동,경상사고,0,0,1,0,차대차 - 측면직각충돌,신호위반,건조,맑음,교차로 - 교차로안,승용,여,40세,상해없음,승용,남,27세,경상
2016080200100014,2016년 8월 2일 00시,화요일,대전광역시 동구 홍도동,경상사고,0,0,1,0,차대차 - 추돌,안전거리미확보,건조,맑음,단일로 - 기타,화물,남,43세,상해없음,승용,남,59세,경상
2016080200100036,2016년 8월 2일 03시,화요일,대전광역시 동구 가양동,경상사고,0,0,1,0,차대차 - 측면충돌,신호위반,건조,맑음,교차로 - 교차로안,원동기,남,19세,상해없음,승용,남,58세,상해없음
2016080200100051,2016년 8월 2일 05시,화요일,대전광역시 서구 둔산동,경상사고,0,0,1,0,차대사람 - 횡단중,안전운전불이행,건조,맑음,교차로 - 교차로안,승용,여,43세,상해없음,보행자,여,81세,경상
2016080200100063,2016년 8월 2일 06시,화요일,대전광역시 중구 산성동,중상사고,0,1,0,0,차대사람 - 횡단중,안전운전불이행,건조,맑음,교차로 - 교차로안,승용,남,68세,기타불명,보행자,남,82세,중상
2016080200100064,2016년 8월 2일 06시,화요일,대전광역시 서구 둔산동,중상사고,0,1,1,0,차대차 - 추돌,안전거리미확보,건조,맑음,단일로 - 기타,승용,남,54세,상해없음,승합,남,51세,경상
2016080200100107,2016년 8월 2일 08시,화요일,대전광역시 서구 관저동,경상사고,0,0,1,0,차대차 - 측면직각충돌,안전운전불이행,건조,맑음,단일로 - 기타,승용,남,38세,상해없음,자전거,남,18세,경상
2016080200100108,2016년 8월 2일 08시,화요일,대전광역시 대덕구 대화동,중상사고,0,1,0,0,차대차 - 측면직각충돌,교차로운행방법위반,건조,맑음,교차로 - 교차로부근,화물,남,58세,상해없음,승용,여,59세,중상
2016080200100195,2016년 8월 2일 11시,화요일,대전광역시 중구 선화동,경상사고,0,0,2,0,차대차 - 추돌,안전운전불이행,건조,맑음,교차로 - 교차로부근,승용,남,76세,상해없음,승용,여,42세,경상
2016080200100196,2016년 8월 2일 11시,화요일,대전광역시 중구 문화동,경상사고,0,0,2,0,차대차 - 추돌,안전거리미확보,건조,맑음,교차로 - 교차로부근,승용,남,63세,상해없음,승용,여,54세,경상
2016080200100223,2016년 8월 2일 12시,화요일,대전광역시 서구 가수원동,중상사고,0,1,0,0,차대차 - 측면충돌,신호위반,건조,맑음,교차로 - 교차로부근,승용,여,32세,상해없음,이륜,남,54세,중상
2016080200100426,2016년 8월 2일 18시,화요일,대전광역시 중구 산성동,부상신고사고,0,0,0,1,차대차 - 추돌,안전운전불이행,건조,맑음,단일로 - 기타,원동기,남,41세,부상신고,화물,남,55세,상해없음
2016080200100491,2016년 8월 2일 20시,화요일,대전광역시 서구 가수원동,경상사고,0,0,1,0,차대차 - 추돌,안전운전불이행,건조,맑음,단일로 - 기타,화물,남,48세,상해없음,승용,남,42세,경상
2016080200100534,2016년 8월 2일 22시,화요일,대전광역시 서구 둔산동,경상사고,0,0,1,0,차대사람 - 차도통행중,안전운전불이행,건조,맑음,단일로 - 기타,승용,남,29세,상해없음,보행자,남,12세,경상
2016080200100535,2016년 8월 2일 22시,화요일,대전광역시 유성구 봉명동,경상사고,0,0,2,0,차대차 - 추돌,차로위반,건조,맑음,단일로 - 기타,승용,남,64세,상해없음,승용,남,27세,경상
2016080200100566,2016년 8월 2일 23시,화요일,대전광역시 대덕구 오정동,중상사고,0,1,1,0,차대차 - 측면직각충돌,신호위반,건조,맑음,교차로 - 교차로안,승용,남,25세,상해없음,승용,남,41세,경상
2016080300100014,2016년 8월 3일 00시,수요일,대전광역시 중구 산성동,중상사고,0,1,0,0,차대차 - 정면충돌,중앙선침범,건조,맑음,교차로 - 교차로부근,원동기,남,75세,중상,승용,남,37세,상해없음
2016080300100015,2016년 8월 3일 00시,수요일,대전광역시 유성구 봉명동,경상사고,0,0,1,0,차대차 - 측면충돌,신호위반,건조,맑음,교차로 - 교차로안,승용,남,34세,상해없음,승용,남,31세,경상
2016080300100016,2016년 8월 3일 00시,수요일,대전광역시 유성구 문지동,경상사고,0,0,2,0,차대차 - 측면충돌,안전운전불이행,건조,맑음,단일로 - 기타,승용,여,43세,상해없음,승용,남,25세,경상
2016080300100037,2016년 8월 3일 02시,수요일,대전광역시 유성구 도룡동,중상사고,0,1,0,0,차량단독 - 전도전복,안전운전불이행,건조,맑음,교차로 - 교차로부근,이륜,남,36세,상해없음,,,,
2016080300100049,2016년 8월 3일 03시,수요일,대전광역시 서구 둔산동,경상사고,0,0,1,0,차대사람 - 기타,안전운전불이행,건조,맑음,단일로 - 기타,승용,남,24세,상해없음,보행자,남,21세,경상
2016080300100185,2016년 8월 3일 10시,수요일,대전광역시 서구 괴정동,경상사고,0,0,1,0,차대차 - 측면직각충돌,신호위반,건조,맑음,교차로 - 교차로부근,승용,남,30세,상해없음,자전거,여,23세,경상
2016080300100186,2016년 8월 3일 10시,수요일,대전광역시 대덕구 비래동,중상사고,0,1,0,0,차대사람 - 기타,안전운전불이행,건조,맑음,교차로 - 교차로안,승용,남,71세,상해없음,보행자,여,57세,중상
2016080300100285,2016년 8월 3일 13시,수요일,대전광역시 중구 산성동,경상사고,0,0,1,0,차대차 - 측면직각충돌,안전운전불이행,건조,맑음,단일로 - 기타,승용,남,61세,상해없음,승용,여,37세,경상
2016080300100286,2016년 8월 3일 13시,수요일,대전광역시 서구 관저동,경상사고,0,0,1,0,차대차 - 추돌,교차로운행방법위반,건조,맑음,교차로 - 교차로안,이륜,남,24세,경상,승용,여,29세,상해없음
2016080300100356,2016년 8월 3일 15시,수요일,대전광역시 서구 괴정동,경상사고,0,0,1,0,차대사람 - 횡단중,보행자보호의무위반,건조,맑음,교차로 - 교차로부근,승합,남,53세,상해없음,보행자,남,65세,경상
2016080300100357,2016년 8월 3일 15시,수요일,대전광역시 유성구 구암동,경상사고,0,0,2,0,차대차 - 기타,안전거리미확보,건조,맑음,교차로 - 교차로부근,승용,여,51세,상해없음,승용,여,33세,경상
2016080300100428,2016년 8월 3일 17시,수요일,대전광역시 동구 용전동,경상사고,0,0,1,0,차대차 - 정면충돌,안전운전불이행,건조,맑음,단일로 - 기타,승용,남,57세,상해없음,자전거,남,33세,경상
2016080300100429,2016년 8월 3일 17시,수요일,대전광역시 동구 가양동,경상사고,0,0,2,0,차대차 - 기타,안전운전불이행,건조,맑음,단일로 - 기타,승용,남,61세,상해없음,화물,남,33세,상해없음
2016080300100463,2016년 8월 3일 18시,수요일,대전광역시 중구 문화동,경상사고,0,0,1,0,차대차 - 추돌,안전운전불이행,건조,맑음,교차로 - 교차로안,원동기,남,60세,상해없음,자전거,여,69세,경상
2016080300100464,2016년 8월 3일 18시,수요일,대전광역시 동구 판암동,경상사고,0,0,1,0,차대차 - 측면충돌,안전운전불이행,건조,맑음,단일로 - 횡단보도상,승합,남,54세,상해없음,승용,남,31세,경상
2016080300100465,2016년 8월 3일 18시,수요일,대전광역시 서구 변동,경상사고,0,0,1,0,차대차 - 추돌,안전운전불이행,건조,맑음,교차로 - 교차로안,승용,남,67세,상해없음,승용,남,37세,경상
2016080300100466,2016년 8월 3일 18시,수요일,대전광역시 서구 탄방동,중상사고,0,1,0,0,차대사람 - 횡단중,신호위반,건조,맑음,교차로 - 교차로부근,승용,여,49세,상해없음,보행자,여,18세,중상
2016080300100467,2016년 8월 3일 18시,수요일,대전광역시 유성구 지족동,경상사고,0,0,1,0,차대차 - 기타,안전거리미확보,건조,맑음,단일로 - 기타,특수,남,30세,상해없음,이륜,남,27세,경상
2016080300100490,2016년 8월 3일 19시,수요일,대전광역시 동구 용전동,경상사고,0,0,2,0,차대차 - 측면충돌,신호위반,건조,맑음,단일로 - 기타,원동기,남,25세,경상,승용,남,55세,경상
2016080300100491,2016년 8월 3일 19시,수요일,대전광역시 유성구 관평동,경상사고,0,0,1,0,차대차 - 기타,중앙선침범,건조,맑음,단일로 - 기타,기타불명,기타불명,기타불명,기타불명,자전거,남,13세,경상
2016080300100492,2016년 8월 3일 19시,수요일,대전광역시 유성구 신성동,경상사고,0,0,1,0,차대차 - 추돌,안전운전불이행,건조,맑음,단일로 - 기타,승용,남,22세,상해없음,승용,여,26세,경상
2016080300100523,2016년 8월 3일 20시,수요일,대전광역시 중구 옥계동,경상사고,0,0,2,0,차대차 - 측면직각충돌,안전운전불이행,건조,맑음,교차로 - 교차로안,승용,남,43세,경상,승용,여,52세,경상
2016080300100547,2016년 8월 3일 21시,수요일,대전광역시 중구 유천동,경상사고,0,0,5,0,차대차 - 측면직각충돌,교차로운행방법위반,건조,맑음,교차로 - 교차로부근,승용,여,39세,상해없음,승용,여,29세,경상
2016080300100584,2016년 8월 3일 23시,수요일,대전광역시 유성구 신성동,경상사고,0,0,1,0,차대사람 - 기타,안전운전불이행,건조,맑음,단일로 - 기타,승용,남,31세,상해없음,보행자,여,18세,경상
2016080400100064,2016년 8월 4일 05시,목요일,대전광역시 유성구 구암동,중상사고,0,1,0,0,차대차 - 기타,안전운전불이행,건조,맑음,단일로 - 기타,화물,남,38세,상해없음,승용,여,21세,중상
2016080400100071,2016년 8월 4일 06시,목요일,대전광역시 중구 유천동,경상사고,0,0,1,0,차대차 - 추돌,안전운전불이행,건조,맑음,교차로 - 교차로안,승합,남,69세,상해없음,자전거,남,71세,경상
2016080400100072,2016년 8월 4일 06시,목요일,대전광역시 중구 선화동,중상사고,0,1,1,0,차대차 - 추돌,안전운전불이행,건조,맑음,교차로 - 교차로안,승용,여,42세,상해없음,승용,남,42세,경상
2016080400100119,2016년 8월 4일 08시,목요일,대전광역시 서구 도마동,중상사고,0,1,0,0,차대사람 - 길가장자리구역통행중,중앙선침범,건조,맑음,단일로 - 기타,승용,남,35세,상해없음,보행자,남,73세,중상
2016080400100120,2016년 8월 4일 08시,목요일,대전광역시 유성구 관평동,경상사고,0,0,1,0,차대차 - 추돌,안전운전불이행,건조,맑음,교차로 - 교차로안,승용,남,60세,상해없음,승용,여,27세,경상
2016080400100145,2016년 8월 4일 09시,목요일,대전광역시 중구 태평동,경상사고,0,0,1,0,차대차 - 측면직각충돌,안전운전불이행,건조,맑음,단일로 - 횡단보도상,승용,남,41세,상해없음,자전거,여,24세,경상
2016080400100146,2016년 8월 4일 09시,목요일,대전광역시 대덕구 신탄진동,경상사고,0,0,2,0,차대차 - 추돌,안전운전불이행,건조,맑음,단일로 - 기타,승용,남,46세,상해없음,승용,여,50세,경상
2016080400100178,2016년 8월 4일 10시,목요일,대전광역시 서구 용문동,중상사고,0,1,0,0,차대차 - 기타,안전거리미확보,건조,맑음,단일로 - 기타,승용,여,48세,상해없음,승합,남,43세,상해없음
2016080400100248,2016년 8월 4일 12시,목요일,대전광역시 동구 성남동,경상사고,0,0,2,0,차대차 - 기타,안전운전불이행,건조,맑음,단일로 - 기타,승용,남,52세,상해없음,화물,남,43세,경상
2016080400100249,2016년 8월 4일 12시,목요일,대전광역시 대덕구 송촌동,경상사고,0,0,1,0,차대사람 - 횡단중,안전운전불이행,건조,맑음,교차로 - 교차로안,승용,남,52세,상해없음,보행자,여,27세,경상
2016080400100280,2016년 8월 4일 13시,목요일,대전광역시 중구 문창동,경상사고,0,0,1,0,차대차 - 추돌,안전운전불이행,건조,맑음,단일로 - 기타,승용,남,48세,상해없음,승용,남,32세,경상
2016080400100281,2016년 8월 4일 13시,목요일,대전광역시 서구 둔산동,경상사고,0,0,1,0,차대차 - 추돌,안전운전불이행,건조,맑음,단일로 - 기타,승용,남,27세,상해없음,이륜,남,23세,경상
2016080400100311,2016년 8월 4일 14시,목요일,대전광역시 중구 산성동,중상사고,0,1,0,0,차대사람 - 횡단중,안전운전불이행,건조,맑음,교차로 - 교차로부근,승용,남,49세,상해없음,보행자,여,71세,중상
2016080400100312,2016년 8월 4일 14시,목요일,대전광역시 유성구 장대동,경상사고,0,0,1,0,차대차 - 측면충돌,안전거리미확보,건조,맑음,단일로 - 기타,승용,남,28세,상해없음,승용,남,57세,경상
2016080400100336,2016년 8월 4일 15시,목요일,대전광역시 대덕구 중리동,경상사고,0,0,1,0,차대차 - 측면직각충돌,안전운전불이행,건조,맑음,단일로 - 기타,승합,남,66세,상해없음,승용,여,28세,경상
2016080400100370,2016년 8월 4일 16시,목요일,대전광역시 동구 삼성동,중상사고,0,1,0,0,차대차 - 기타,안전운전불이행,건조,맑음,단일로 - 기타,건설기계,남,58세,상해없음,원동기,남,39세,중상
2016080400100371,2016년 8월 4일 16시,목요일,대전광역시 서구 갈마동,경상사고,0,0,1,0,차대차 - 측면직각충돌,신호위반,건조,맑음,교차로 - 교차로안,승용,남,42세,상해없음,승용,남,62세,경상
2016080400100372,2016년 8월 4일 16시,목요일,대전광역시 유성구 장대동,경상사고,0,0,2,0,차대차 - 측면직각충돌,안전거리미확보,건조,맑음,단일로 - 기타,승합,남,57세,기타불명,승용,여,40세,경상
2016080400100413,2016년 8월 4일 17시,목요일,대전광역시 중구 선화동,중상사고,0,1,0,0,차대사람 - 횡단중,안전운전불이행,건조,맑음,교차로 - 교차로부근,화물,남,26세,상해없음,보행자,남,22세,중상
2016080400100451,2016년 8월 4일 18시,목요일,대전광역시 중구 선화동,경상사고,0,0,1,0,차대차 - 추돌,안전운전불이행,건조,맑음,교차로 - 교차로부근,화물,남,64세,상해없음,승용,남,58세,경상
2016080400100452,2016년 8월 4일 18시,목요일,대전광역시 동구 중동,경상사고,0,0,1,0,차대사람 - 횡단중,안전운전불이행,건조,맑음,단일로 - 기타,승용,남,32세,상해없음,보행자,여,75세,경상
2016080400100499,2016년 8월 4일 20시,목요일,대전광역시 중구 태평동,중상사고,0,1,0,0,차대사람 - 횡단중,보행자보호의무위반,건조,맑음,단일로 - 횡단보도상,승용,남,59세,상해없음,보행자,남,46세,중상
2016080400100500,2016년 8월 4일 20시,목요일,대전광역시 유성구 봉명동,중상사고,0,1,0,0,차대차 - 기타,중앙선침범,건조,맑음,단일로 - 기타,승용,여,41세,상해없음,이륜,남,44세,중상
2016080400100531,2016년 8월 4일 21시,목요일,대전광역시 동구 자양동,경상사고,0,0,1,0,차대차 - 추돌,안전운전불이행,건조,맑음,교차로 - 교차로부근,승용,여,24세,상해없음,승용,여,51세,경상
2016080400100562,2016년 8월 4일 23시,목요일,대전광역시 대덕구 오정동,경상사고,0,0,3,0,차대차 - 추돌,안전운전불이행,건조,맑음,단일로 - 기타,이륜,남,35세,상해없음,승용,남,22세,경상
2016080400100563,2016년 8월 4일 23시,목요일,대전광역시 서구 갈마동,경상사고,0,0,1,0,차대사람 - 횡단중,안전운전불이행,건조,맑음,단일로 - 기타,원동기,남,40세,상해없음,보행자,남,38세,경상
2016080500100017,2016년 8월 5일 00시,금요일,대전광역시 유성구 구암동,부상신고사고,0,0,0,1,차대차 - 측면직각충돌,교차로운행방법위반,건조,맑음,교차로 - 교차로안,승용,남,34세,상해없음,승용,여,46세,부상신고