사고번호,사고일시,요일,시군구,사고내용,사망자수,중상자수,경상자수,부상신고자수,사고유형,법규위반,노면상태,기상상태,도로형태,가해운전자 차종,가해운전자 성별,가해운전자 연령,가해운전자 상해정도,피해운전자 차종,피해운전자 성별,피해운전자 연령,피해운전자 상해정도
2016083000100046,2016년 8월 30일 04시,화요일,대전광역시 서구 도마동,경상사고,0,0,1,0,차대차 - 측면직각충돌,안전운전불이행,건조,맑음,교차로 - 교차로부근,기타불명,기타불명,기타불명,기타불명,승용,남,55세,경상
2016083000100147,2016년 8월 30일 08시,화요일,대전광역시 중구 대흥동,중상사고,0,1,0,0,차대차 - 측면충돌,안전운전불이행,건조,맑음,교차로 - 교차로안,승용,남,36세,상해없음,자전거,남,32세,중상
2016083000100148,2016년 8월 30일 08시,화요일,대전광역시 서구 둔산동,경상사고,0,0,3,0,차대차 - 추돌,안전거리미확보,건조,맑음,단일로 - 기타,승용,남,62세,기타불명,승합,남,64세,경상
2016083000100186,2016년 8월 30일 09시,화요일,대전광역시 동구 대동,경상사고,0,0,2,0,차대차 - 측면충돌,교차로운행방법위반,건조,맑음,교차로 - 교차로안,승용,여,55세,상해없음,승용,남,55세,상해없음
2016083000100187,2016년 8월 30일 09시,화요일,대전광역시 서구 월평동,경상사고,0,0,1,0,차대차 - 추돌,안전운전불이행,건조,맑음,교차로 - 교차로부근,화물,남,52세,상해없음,승용,여,52세,경상
2016083000100217,2016년 8월 30일 10시,화요일,대전광역시 중구 은행동,경상사고,0,0,2,0,차대차 - 측면충돌,신호위반,건조,맑음,교차로 - 교차로안,승용,남,75세,상해없음,승용,여,45세,경상
2016083000100218,2016년 8월 30일 10시,화요일,대전광역시 중구 중촌동,경상사고,0,0,1,0,차대사람 - 기타,안전운전불이행,건조,맑음,단일로 - 기타,승용,남,44세,기타불명,보행자,여,25세,경상
2016083000100219,2016년 8월 30일 10시,화요일,대전광역시 서구 괴정동,경상사고,0,0,1,0,차대차 - 추돌,안전운전불이행,건조,맑음,교차로 - 교차로부근,승용,남,26세,상해없음,승용,남,60세,경상
2016083000100283,2016년 8월 30일 12시,화요일,대전광역시 대덕구 상서동,중상사고,0,1,0,0,차대사람 - 기타,안전운전불이행,건조,맑음,단일로 - 기타,원동기,여,47세,상해없음,보행자,남,73세,중상
2016083000100403,2016년 8월 30일 16시,화요일,대전광역시 서구 도마동,경상사고,0,0,1,0,차대차 - 측면직각충돌,안전운전불이행,건조,맑음,단일로 - 기타,승용,남,54세,상해없음,승용,남,21세,경상
2016083000100404,2016년 8월 30일 16시,화요일,대전광역시 유성구 하기동,경상사고,0,0,1,0,차대차 - 측면충돌,교차로운행방법위반,건조,맑음,교차로 - 교차로안,화물,남,53세,상해없음,승용,여,54세,경상
2016083000100441,2016년 8월 30일 17시,화요일,대전광역시 동구 자양동,경상사고,0,0,1,0,차대차 - 추돌,안전운전불이행,건조,맑음,단일로 - 기타,화물,남,64세,상해없음,승용,남,32세,경상
2016083000100506,2016년 8월 30일 19시,화요일,대전광역시 동구 천동,경상사고,0,0,4,0,차대차 - 측면직각충돌,안전운전불이행,건조,맑음,교차로 - 교차로부근,승용,여,35세,상해없음,승용,남,51세,경상
2016083000100573,2016년 8월 30일 21시,화요일,대전광역시 유성구 전민동,경상사고,0,0,1,0,차대차 - 측면직각충돌,안전운전불이행,습기,흐림,교차로 - 교차로안,원동기,남,19세,상해없음,승용,남,49세,경상
2016083100100077,2016년 8월 31일 04시,수요일,대전광역시 서구 도마동,중상사고,0,1,0,0,차량단독 - 공작물충돌,안전운전불이행,습기,비,단일로 - 기타,승용,남,20세,상해없음,,,,
2016083100100101,2016년 8월 31일 06시,수요일,대전광역시 서구 괴정동,경상사고,0,0,1,0,차대차 - 측면직각충돌,안전운전불이행,습기,비,단일로 - 기타,승용,여,43세,상해없음,승용,여,45세,경상
2016083100100130,2016년 8월 31일 07시,수요일,대전광역시 동구 천동,경상사고,0,0,1,0,차대차 - 측면직각충돌,신호위반,건조,맑음,교차로 - 교차로안,승용,남,34세,상해없음,승용,남,27세,경상
2016083100100131,2016년 8월 31일 07시,수요일,대전광역시 서구 변동,경상사고,0,0,1,0,차대차 - 추돌,안전운전불이행,습기,비,단일로 - 기타,승용,여,52세,상해없음,승용,남,62세,경상
2016083100100182,2016년 8월 31일 08시,수요일,대전광역시 서구 가수원동,중상사고,0,1,0,0,차대차 - 측면충돌,안전운전불이행,습기,비,교차로 - 교차로안,화물,남,61세,상해없음,승용,여,60세,중상
2016083100100183,2016년 8월 31일 08시,수요일,대전광역시 서구 도안동,경상사고,0,0,1,0,차량단독 - 기타,안전운전불이행,습기,비,단일로 - 기타,승합,남,43세,상해없음,,,,
2016083100100184,2016년 8월 31일 08시,수요일,대전광역시 서구 월평동,중상사고,0,1,0,0,차대차 - 기타,안전운전불이행,습기,비,교차로 - 교차로안,승용,남,57세,상해없음,승용,여,48세,상해없음
2016083100100221,2016년 8월 31일 09시,수요일,대전광역시 유성구 송정동,경상사고,0,0,1,0,차대차 - 정면충돌,안전운전불이행,습기,비,단일로 - 기타,화물,남,31세,상해없음,승합,남,41세,상해없음
2016083100100222,2016년 8월 31일 09시,수요일,대전광역시 유성구 하기동,경상사고,0,0,2,0,차대차 - 추돌,안전운전불이행,건조,맑음,교차로 - 교차로부근,승용,남,54세,상해없음,승용,남,69세,경상
2016083100100273,2016년 8월 31일 11시,수요일,대전광역시 유성구 가정동,경상사고,0,0,1,0,차대차 - 기타,안전운전불이행,건조,맑음,교차로 - 교차로부근,승용,남,26세,기타불명,승용,여,48세,경상
2016083100100274,2016년 8월 31일 11시,수요일,대전광역시 유성구 궁동,경상사고,0,0,1,0,차대차 - 추돌,안전운전불이행,건조,맑음,단일로 - 기타,승용,남,29세,기타불명,화물,남,37세,경상
2016083100100294,2016년 8월 31일 12시,수요일,대전광역시 대덕구 석봉동,경상사고,0,0,2,0,차대차 - 측면직각충돌,교차로운행방법위반,건조,맑음,단일로 - 기타,승용,여,33세,경상,승용,여,52세,경상
2016083100100295,2016년 8월 31일 12시,수요일,대전광역시 대덕구 오정동,중상사고,0,1,0,0,차대차 - 측면직각충돌,안전운전불이행,건조,맑음,기타 - 기타,화물,남,55세,상해없음,자전거,여,55세,중상
2016083100100296,2016년 8월 31일 12시,수요일,대전광역시 유성구 구암동,중상사고,0,1,0,0,차대차 - 기타,안전운전불이행,건조,맑음,교차로 - 교차로안,원동기,남,26세,중상,승용,남,39세,상해없음
2016083100100358,2016년 8월 31일 14시,수요일,대전광역시 서구 둔산동,중상사고,0,1,0,0,차대차 - 측면직각충돌,안전운전불이행,건조,맑음,단일로 - 기타,승용,남,60세,상해없음,이륜,남,46세,중상
2016083100100359,2016년 8월 31일 14시,수요일,대전광역시 유성구 노은동,경상사고,0,0,1,0,차대차 - 추돌,안전거리미확보,건조,맑음,미분류 - 미분류,건설기계,남,53세,상해없음,승용,여,35세,경상
2016083100100402,2016년 8월 31일 15시,수요일,대전광역시 중구 오류동,경상사고,0,0,1,0,차량단독 - 기타,안전운전불이행,건조,맑음,단일로 - 기타,승합,남,41세,상해없음,,,,
2016083100100403,2016년 8월 31일 15시,수요일,대전광역시 중구 석교동,경상사고,0,0,1,0,차대차 - 측면직각충돌,안전운전불이행,건조,맑음,단일로 - 기타,승합,남,47세,상해없음,자전거,남,68세,경상
2016083100100404,2016년 8월 31일 15시,수요일,대전광역시 대덕구 대화동,경상사고,0,0,1,0,차대사람 - 길가장자리구역통행중,안전운전불이행,건조,맑음,단일로 - 기타,자전거,기타불명,기타불명,기타불명,보행자,여,74세,경상
2016083100100499,2016년 8월 31일 18시,수요일,대전광역시 동구 용전동,경상사고,0,0,1,0,차량단독 - 기타,안전운전불이행,건조,맑음,단일로 - 기타,승합,남,41세,상해없음,,,,
2016083100100500,2016년 8월 31일 18시,수요일,대전광역시 유성구 노은동,경상사고,0,0,3,0,차대차 - 측면직각충돌,신호위반,건조,맑음,교차로 - 교차로안,승용,남,23세,상해없음,승용,남,38세,경상
2016083100100535,2016년 8월 31일 19시,수요일,대전광역시 유성구 송강동,부상신고사고,0,0,0,1,차량단독 - 기타,기타,건조,맑음,교차로 - 교차로부근,승합,남,51세,상해없음,,,,
2016083100100589,2016년 8월 31일 21시,수요일,대전광역시 대덕구 법동,경상사고,0,0,1,0,차대사람 - 횡단중,보행자보호의무위반,건조,맑음,교차로 - 교차로부근,승용,남,56세,상해없음,보행자,여,19세,경상
2016083100100590,2016년 8월 31일 21시,수요일,대전광역시 유성구 원신흥동,경상사고,0,0,2,0,차대차 - 추돌,안전운전불이행,건조,맑음,단일로 - 기타,승용,남,38세,상해없음,승용,남,27세,경상
2016083100100623,2016년 8월 31일 22시,수요일,대전광역시 중구 중촌동,경상사고,0,0,2,0,차대차 - 추돌,안전운전불이행,건조,맑음,교차로 - 교차로부근,승용,여,58세,상해없음,승용,남,51세,경상
2016083100100624,2016년 8월 31일 22시,수요일,대전광역시 동구 가양동,경상사고,0,0,1,0,차대사람 - 횡단중,보행자보호의무위반,건조,맑음,단일로 - 횡단보도상,승용,여,55세,상해없음,보행자,남,63세,경상
2016083100100652,2016년 8월 31일 23시,수요일,대전광역시 중구 중촌동,중상사고,0,1,0,0,차대차 - 정면충돌,중앙선침범,건조,맑음,단일로 - 기타,승용,남,48세,기타불명,승용,여,52세,중상
2016083100100653,2016년 8월 31일 23시,수요일,대전광역시 서구 둔산동,경상사고,0,0,1,0,차대사람 - 길가장자리구역통행중,안전운전불이행,건조,맑음,단일로 - 기타,승용,여,25세,상해없음,보행자,남,45세,경상
2016090100100010,2016년 9월 1일 00시,목요일,대전광역시 유성구 봉명동,경상사고,0,0,1,1,차대차 - 정면충돌,중앙선침범,습기,비,단일로 - 기타,승용,여,50세,상해없음,승용,남,48세,경상
2016090100100029,2016년 9월 1일 02시,목요일,대전광역시 중구 오류동,중상사고,0,3,4,0,차대차 - 측면충돌,신호위반,건조,흐림,교차로 - 교차로안,승용,남,26세,상해없음,승용,남,44세,중상
2016090100100038,2016년 9월 1일 03시,목요일,대전광역시 동구 정동,사망사고,1,0,0,0,차대사람 - 횡단중,안전운전불이행,건조,맑음,단일로 - 기타,화물,남,43세,상해없음,보행자,남,59세,사망
2016090100100048,2016년 9월 1일 04시,목요일,대전광역시 서구 도마동,경상사고,0,0,1,0,차대차 - 정면충돌,신호위반,건조,맑음,교차로 - 교차로안,승용,남,61세,상해없음,승용,여,52세,경상
2016090100100102,2016년 9월 1일 07시,목요일,대전광역시 서구 내동,중상사고,0,1,0,0,차대사람 - 횡단중,보행자보호의무위반,건조,맑음,단일로 - 기타,승용,남,32세,상해없음,보행자,남,13세,중상
2016090100100205,2016년 9월 1일 10시,목요일,대전광역시 중구 유천동,경상사고,0,0,1,0,차대차 - 측면직각충돌,안전운전불이행,건조,맑음,단일로 - 횡단보도상,승용,남,64세,상해없음,자전거,남,56세,경상
2016090100100206,2016년 9월 1일 10시,목요일,대전광역시 유성구 봉산동,중상사고,0,1,0,0,차대사람 - 횡단중,보행자보호의무위반,건조,맑음,교차로 - 교차로안,승용,남,52세,기타불명,보행자,여,70세,중상
2016090100100231,2016년 9월 1일 11시,목요일,대전광역시 대덕구 읍내동,중상사고,0,1,0,0,차대사람 - 기타,안전운전불이행,건조,맑음,단일로 - 기타,자전거,남,45세,기타불명,보행자,여,52세,중상
2016090100100232,2016년 9월 1일 11시,목요일,대전광역시 서구 둔산동,경상사고,0,0,1,0,차대사람 - 횡단중,보행자보호의무위반,건조,흐림,교차로 - 교차로부근,승용,여,42세,상해없음,보행자,남,55세,경상
2016090100100284,2016년 9월 1일 13시,목요일,대전광역시 중구 중촌동,중상사고,0,1,0,0,차대사람 - 횡단중,보행자보호의무위반,건조,맑음,교차로 - 교차로안,승합,남,34세,상해없음,보행자,여,68세,중상
2016090100100285,2016년 9월 1일 13시,목요일,대전광역시 동구 가양동,중상사고,0,1,1,0,차대사람 - 기타,안전운전불이행,건조,맑음,단일로 - 기타,승용,여,36세,상해없음,보행자,남,37세,중상
2016090100100314,2016년 9월 1일 14시,목요일,대전광역시 서구 둔산동,경상사고,0,0,1,0,차대차 - 측면충돌,안전운전불이행,건조,맑음,교차로 - 교차로부근,승용,남,26세,상해없음,이륜,여,63세,경상
2016090100100347,2016년 9월 1일 15시,목요일,대전광역시 서구 도마동,중상사고,0,1,0,0,차대사람 - 차도통행중,안전운전불이행,건조,맑음,단일로 - 기타,승용,여,33세,상해없음,보행자,여,28세,중상
2016090100100348,2016년 9월 1일 15시,목요일,대전광역시 유성구 대정동,경상사고,0,0,2,0,차대차 - 기타,직진우회전진행방해,건조,맑음,교차로 - 교차로안,승용,여,35세,기타불명,승용,여,40세,경상
2016090100100432,2016년 9월 1일 17시,목요일,대전광역시 동구 용전동,경상사고,0,0,3,0,차대차 - 측면충돌,신호위반,건조,맑음,단일로 - 횡단보도상,승용,남,64세,상해없음,원동기,남,37세,경상
2016090100100433,2016년 9월 1일 17시,목요일,대전광역시 서구 관저동,경상사고,0,0,1,0,차대차 - 측면충돌,중앙선침범,건조,맑음,단일로 - 기타,기타불명,기타불명,기타불명,기타불명,승용,여,40세,경상
2016090100100466,2016년 9월 1일 18시,목요일,대전광역시 중구 산성동,중상사고,0,1,1,0,차대사람 - 기타,안전운전불이행,건조,맑음,단일로 - 기타,자전거,여,50세,상해없음,보행자,여,64세,경상
2016090100100467,2016년 9월 1일 18시,목요일,대전광역시 동구 삼성동,경상사고,0,0,1,0,차대차 - 측면충돌,안전운전불이행,건조,맑음,교차로 - 교차로안,자전거,여,77세,경상,승용,여,34세,상해없음
2016090100100468,2016년 9월 1일 18시,목요일,대전광역시 서구 만년동,경상사고,0,0,1,0,차대차 - 기타,안전운전불이행,건조,맑음,단일로 - 기타,승용,남,48세,상해없음,자전거,여,24세,경상
2016090100100469,2016년 9월 1일 18시,목요일,대전광역시 서구 둔산동,경상사고,0,0,2,0,차대차 - 추돌,안전운전불이행,건조,맑음,교차로 - 교차로안,화물,남,56세,상해없음,승용,남,22세,경상
2016090100100508,2016년 9월 1일 19시,목요일,대전광역시 중구 태평동,경상사고,0,0,1,0,차량단독 - 기타,안전운전불이행,건조,맑음,단일로 - 기타,승합,남,56세,상해없음,,,,
2016090100100509,2016년 9월 1일 19시,목요일,대전광역시 대덕구 오정동,중상사고,0,1,0,0,차대사람 - 차도통행중,기타,건조,맑음,단일로 - 기타,승용,남,42세,상해없음,보행자,남,11세,중상
2016090100100510,2016년 9월 1일 19시,목요일,대전광역시 대덕구 법동,경상사고,0,0,1,0,차대차 - 추돌,교차로운행방법위반,건조,맑음,교차로 - 교차로안,승용,남,63세,상해없음,원동기,남,36세,경상
2016090100100537,2016년 9월 1일 20시,목요일,대전광역시 서구 둔산동,경상사고,0,0,1,0,차대차 - 측면직각충돌,교차로운행방법위반,건조,맑음,교차로 - 교차로안,승용,남,32세,상해없음,승용,여,48세,경상
2016090100100538,2016년 9월 1일 20시,목요일,대전광역시 유성구 상대동,중상사고,0,1,0,0,차대차 - 측면충돌,교차로운행방법위반,건조,맑음,교차로 - 교차로안,승용,남,25세,상해없음,자전거,남,13세,중상
2016090100100539,2016년 9월 1일 20시,목요일,대전광역시 유성구 원내동,경상사고,0,0,1,0,차대차 - 기타,불법유턴,건조,맑음,교차로 - 교차로부근,승합,남,58세,상해없음,승용,남,27세,경상
2016090100100573,2016년 9월 1일 21시,목요일,대전광역시 중구 사정동,경상사고,0,0,1,0,차대사람 - 기타,안전운전불이행,건조,맑음,단일로 - 기타,자전거,남,8세,상해없음,보행자,남,36세,경상
2016090100100574,2016년 9월 1일 21시,목요일,대전광역시 중구 호동,경상사고,0,0,2,0,차대차 - 측면직각충돌,안전운전불이행,건조,맑음,교차로 - 교차로안,화물,남,45세,상해없음,승용,남,40세,경상
2016090100100575,2016년 9월 1일 21시,목요일,대전광역시 서구 도마동,경상사고,0,0,1,0,차대사람 - 횡단중,보행자보호의무위반,건조,맑음,교차로 - 교차로안,승용,남,52세,상해없음,보행자,여,46세,경상
2016090100100576,2016년 9월 1일 21시,목요일,대전광역시 대덕구 읍내동,경상사고,0,0,1,0,차대차 - 추돌,안전운전불이행,건조,맑음,교차로 - 교차로부근,승용,남,31세,상해없음,승용,남,20세,기타불명
2016090100100605,2016년 9월 1일 22시,목요일,대전광역시 동구 삼성동,중상사고,0,1,4,0,차대차 - 측면충돌,신호위반,건조,맑음,교차로 - 교차로안,화물,남,54세,상해없음,승합,남,50세,경상
2016090100100606,2016년 9월 1일 22시,목요일,대전광역시 서구 도마동,경상사고,0,0,1,0,차대사람 - 횡단중,안전운전불이행,건조,맑음,단일로 - 기타,승용,남,32세,상해없음,보행자,남,17세,경상
2016090100100607,2016년 9월 1일 22시,목요일,대전광역시 서구 가장동,경상사고,0,0,3,0,차대차 - 측면충돌,교차로운행방법위반,건조,맑음,교차로 - 교차로안,승용,남,58세,상해없음,승용,남,59세,경상
2016090100100632,2016년 9월 1일 23시,목요일,대전광역시 서구 괴정동,경상사고,0,0,2,0,차대차 - 추돌,안전운전불이행,건조,맑음,단일로 - 기타,승용,남,32세,상해없음,승용,남,33세,경상
2016090200100018,2016년 9월 2일 00시,금요일,대전광역시 서구 갈마동,중상사고,0,1,0,0,차대차 - 추돌,안전거리미확보,건조,맑음,단일로 - 기타,이륜,남,20세,중상,승용,남,52세,상해없음
2016090200100068,2016년 9월 2일 04시,금요일,대전광역시 서구 정림동,경상사고,0,0,1,0,차량단독 - 공작물충돌,안전운전불이행,건조,맑음,단일로 - 교량,승용,남,53세,상해없음,,,,
2016090200100094,2016년 9월 2일 06시,금요일,대전광역시 중구 오류동,사망사고,1,0,0,0,차대차 - 측면충돌,중앙선침범,건조,맑음,교차로 - 교차로부근,원동기,남,68세,사망,승용,남,44세,상해없음
2016090200100127,2016년 9월 2일 07시,금요일,대전광역시 유성구 원내동,경상사고,0,0,1,0,차대차 - 추돌,안전거리미확보,건조,맑음,단일로 - 기타,화물,남,47세,상해없음,승용,남,41세,상해없음
2016090200100202,2016년 9월 2일 09시,금요일,대전광역시 서구 둔산동,중상사고,0,1,0,0,차대차 - 추돌,안전운전불이행,건조,맑음,교차로 - 교차로안,승합,남,56세,상해없음,승용,남,39세,중상
2016090200100256,2016년 9월 2일 11시,금요일,대전광역시 서구 용문동,중상사고,0,1,0,0,차대차 - 추돌,교차로운행방법위반,건조,맑음,교차로 - 교차로안,승용,여,42세,상해없음,이륜,남,62세,중상
2016090200100257,2016년 9월 2일 11시,금요일,대전광역시 대덕구 신탄진동,경상사고,0,0,1,0,차대사람 - 기타,보행자보호의무위반,건조,맑음,단일로 - 횡단보도상,승용,남,55세,기타불명,보행자,여,80세,경상
2016090200100258,2016년 9월 2일 11시,금요일,대전광역시 유성구 구암동,경상사고,0,0,1,0,차대사람 - 횡단중,신호위반,건조,맑음,단일로 - 횡단보도상,승용,여,46세,상해없음,보행자,여,48세,경상
2016090200100291,2016년 9월 2일 12시,금요일,대전광역시 유성구 봉명동,경상사고,0,0,1,0,차대차 - 측면직각충돌,교차로운행방법위반,건조,흐림,교차로 - 교차로안,승용,남,31세,상해없음,승용,여,24세,경상
2016090200100311,2016년 9월 2일 13시,금요일,대전광역시 유성구 용계동,경상사고,0,0,3,0,차대차 - 측면직각충돌,안전거리미확보,건조,흐림,교차로 - 교차로부근,승용,남,27세,경상,승용,남,29세,경상
2016090200100348,2016년 9월 2일 14시,금요일,대전광역시 서구 갈마동,경상사고,0,0,1,0,차대차 - 추돌,안전운전불이행,건조,맑음,단일로 - 기타,화물,남,49세,상해없음,승용,남,75세,경상
2016090200100374,2016년 9월 2일 15시,금요일,대전광역시 대덕구 송촌동,중상사고,0,1,0,0,차대사람 - 횡단중,기타,건조,맑음,단일로 - 기타,승용,여,54세,상해없음,보행자,남,11세,중상
2016090200100550,2016년 9월 2일 19시,금요일,대전광역시 유성구 봉산동,경상사고,0,0,1,0,차대차 - 추돌,안전운전불이행,건조,기타,단일로 - 기타,승용,여,39세,상해없음,승용,여,24세,경상
2016090200100587,2016년 9월 2일 20시,금요일,대전광역시 유성구 봉산동,경상사고,0,0,2,0,차대차 - 측면충돌,신호위반,건조,기타,교차로 - 교차로안,승용,남,22세,기타불명,승용,여,47세,경상
2016090200100708,2016년 9월 2일 23시,금요일,대전광역시 동구 용전동,중상사고,0,1,1,0,차대차 - 추돌,안전거리미확보,건조,맑음,단일로 - 기타,원동기,남,56세,중상,승용,남,47세,경상
2016090300100025,2016년 9월 3일 00시,토요일,대전광역시 동구 성남동,경상사고,0,0,1,0,차대사람 - 횡단중,보행자보호의무위반,건조,맑음,교차로 - 교차로안,승용,남,53세,상해없음,보행자,남,48세,경상
2016090300100046,2016년 9월 3일 01시,토요일,대전광역시 유성구 도룡동,경상사고,0,0,1,0,차대차 - 추돌,안전운전불이행,건조,맑음,교차로 - 교차로안,승용,남,45세,상해없음,승용,여,55세,경상
2016090300100072,2016년 9월 3일 02시,토요일,대전광역시 서구 괴정동,경상사고,0,0,1,0,차대차 - 기타,중앙선침범,건조,맑음,교차로 - 교차로안,승용,남,22세,상해없음,승용,여,47세,경상
2016090300100148,2016년 9월 3일 07시,토요일,대전광역시 동구 가오동,경상사고,0,0,1,0,차대차 - 추돌,안전운전불이행,건조,맑음,단일로 - 기타,승용,여,45세,상해없음,승용,남,67세,경상
2016090300100179,2016년 9월 3일 08시,토요일,대전광역시 중구 선화동,경상사고,0,0,2,0,차대차 - 측면직각충돌,직진우회전진행방해,건조,맑음,교차로 - 교차로안,승용,여,33세,상해없음,승합,남,41세,경상
2016090300100205,2016년 9월 3일 09시,토요일,대전광역시 중구 옥계동,중상사고,0,1,0,0,차대차 - 측면직각충돌,안전운전불이행,건조,맑음,단일로 - 기타,승용,남,57세,상해없음,자전거,남,72세,중상
2016090300100263,2016년 9월 3일 11시,토요일,대전광역시 중구 안영동,중상사고,0,1,1,0,차대차 - 측면직각충돌,직진우회전진행방해,건조,맑음,교차로 - 교차로안,이륜,남,23세,중상,승용,남,39세,경상
2016090300100264,2016년 9월 3일 11시,토요일,대전광역시 동구 가오동,경상사고,0,0,1,0,차대차 - 측면직각충돌,안전운전불이행,건조,맑음,단일로 - 기타,승용,남,38세,상해없음,이륜,남,19세,경상
2016090300100265,2016년 9월 3일 11시,토요일,대전광역시 서구 복수동,경상사고,0,0,1,0,차대차 - 측면충돌,안전운전불이행,건조,맑음,교차로 - 교차로안,화물,남,54세,상해없음,승용,남,35세,경상
2016090300100266,2016년 9월 3일 11시,토요일,대전광역시 서구 갈마동,경상사고,0,0,1,0,차대차 - 측면직각충돌,교차로운행방법위반,건조,맑음,교차로 - 교차로안,화물,남,21세,상해없음,이륜,남,56세,경상
2016090300100267,2016년 9월 3일 11시,토요일,대전광역시 유성구 궁동,중상사고,0,1,2,0,차대차 - 추돌,안전운전불이행,건조,맑음,단일로 - 기타,특수,남,44세,상해없음,승용,남,29세,중상
2016090300100310,2016년 9월 3일 12시,토요일,대전광역시 서구 정림동,경상사고,0,0,2,0,차대차 - 추돌,안전운전불이행,건조,맑음,단일로 - 기타,승용,여,50세,경상,승용,여,66세,경상
2016090300100311,2016년 9월 3일 12시,토요일,대전광역시 서구 갈마동,중상사고,0,1,2,0,차대차 - 측면직각충돌,신호위반,건조,맑음,교차로 - 교차로안,승용,여,42세,상해없음,승용,남,65세,중상
2016090300100338,2016년 9월 3일 13시,토요일,대전광역시 서구 가수원동,경상사고,0,0,2,0,차대차 - 측면충돌,안전운전불이행,건조,맑음,단일로 - 기타,승용,남,60세,상해없음,승용,남,28세,경상
2016090300100339,2016년 9월 3일 13시,토요일,대전광역시 서구 둔산동,경상사고,0,0,1,0,차대차 - 추돌,안전운전불이행,건조,맑음,단일로 - 기타,승용,여,56세,상해없음,승용,남,36세,경상
2016090300100384,2016년 9월 3일 14시,토요일,대전광역시 서구 탄방동,경상사고,0,0,1,0,차대사람 - 횡단중,보행자보호의무위반,건조,맑음,단일로 - 횡단보도상,승용,남,63세,상해없음,보행자,여,53세,경상
2016090300100385,2016년 9월 3일 14시,토요일,대전광역시 유성구 학하동,경상사고,0,0,1,0,차대차 - 측면충돌,신호위반,건조,맑음,교차로 - 교차로안,승용,남,34세,상해없음,승용,여,34세,경상
2016090300100425,2016년 9월 3일 15시,토요일,대전광역시 서구 둔산동,경상사고,0,0,1,0,차대차 - 기타,안전운전불이행,건조,맑음,단일로 - 횡단보도상,승용,여,39세,상해없음,자전거,여,56세,경상
2016090300100426,2016년 9월 3일 15시,토요일,대전광역시 서구 갈마동,중상사고,0,1,0,0,차대차 - 기타,안전운전불이행,건조,맑음,단일로 - 기타,승용,여,45세,상해없음,이륜,남,51세,중상
2016090300100462,2016년 9월 3일 16시,토요일,대전광역시 동구 원동,경상사고,0,0,1,0,차대차 - 측면직각충돌,안전운전불이행,건조,맑음,단일로 - 기타,승용,남,59세,상해없음,승용,남,44세,경상
2016090300100463,2016년 9월 3일 16시,토요일,대전광역시 유성구 장대동,경상사고,0,0,1,0,차대차 - 추돌,안전운전불이행,건조,맑음,교차로 - 교차로부근,승용,여,58세,상해없음,이륜,남,23세,경상
2016090300100464,2016년 9월 3일 16시,토요일,대전광역시 유성구 죽동,경상사고,0,0,1,0,차대차 - 측면직각충돌,신호위반,건조,맑음,교차로 - 교차로안,승용,남,56세,상해없음,승용,여,56세,경상
2016090300100580,2016년 9월 3일 19시,토요일,대전광역시 중구 사정동,경상사고,0,0,4,0,차대차 - 측면직각충돌,신호위반,건조,맑음,교차로 - 교차로안,승용,남,46세,상해없음,승용,남,53세,경상
2016090300100581,2016년 9월 3일 19시,토요일,대전광역시 유성구 덕명동,중상사고,0,1,0,0,차대차 - 측면직각충돌,신호위반,건조,맑음,교차로 - 교차로안,승용,남,71세,상해없음,승용,여,51세,중상
2016090400100017,2016년 9월 4일 00시,일요일,대전광역시 동구 삼성동,경상사고,0,0,1,0,차대차 - 추돌,안전거리미확보,건조,맑음,교차로 - 교차로부근,승용,여,56세,상해없음,승용,여,30세,경상
2016090400100042,2016년 9월 4일 03시,일요일,대전광역시 서구 변동,중상사고,0,1,1,0,차대차 - 측면직각충돌,신호위반,건조,맑음,교차로 - 교차로안,화물,남,41세,상해없음,승용,남,65세,경상
2016090400100076,2016년 9월 4일 06시,일요일,대전광역시 대덕구 중리동,경상사고,0,0,1,0,차대차 - 추돌,안전운전불이행,건조,맑음,교차로 - 교차로부근,승용,남,28세,기타불명,승용,여,44세,기타불명
2016090400100145,2016년 9월 4일 10시,일요일,대전광역시 서구 월평동,경상사고,0,0,1,0,차대차 - 추돌,안전운전불이행,건조,맑음,단일로 - 기타,승용,남,39세,상해없음,승용,여,55세,경상
2016090400100172,2016년 9월 4일 11시,일요일,대전광역시 유성구 노은동,경상사고,0,0,3,0,차대차 - 기타,안전운전불이행,건조,맑음,교차로 - 교차로부근,승용,남,65세,기타불명,승용,여,29세,경상
2016090400100203,2016년 9월 4일 12시,일요일,대전광역시 중구 대흥동,경상사고,0,0,1,0,차대차 - 추돌,안전운전불이행,건조,맑음,교차로 - 교차로부근,승용,남,21세,상해없음,승용,남,69세,경상
2016090400100232,2016년 9월 4일 13시,일요일,대전광역시 유성구 궁동,중상사고,0,1,0,0,차량단독 - 전도전복,안전운전불이행,건조,맑음,교차로 - 교차로부근,원동기,남,75세,중상,,,,
2016090400100291,2016년 9월 4일 15시,일요일,대전광역시 동구 효동,중상사고,0,1,0,0,차대차 - 추돌,안전운전불이행,건조,맑음,단일로 - 기타,원동기,남,17세,중상,기타불명,남,65세,기타불명
2016090400100343,2016년 9월 4일 17시,일요일,대전광역시 서구 만년동,경상사고,0,0,5,0,차대차 - 추돌,안전운전불이행,건조,맑음,단일로 - 기타,승용,남,31세,상해없음,승용,남,26세,경상