사고번호,사고일시,요일,시군구,사고내용,사망자수,중상자수,경상자수,부상신고자수,사고유형,법규위반,노면상태,기상상태,도로형태,가해운전자 차종,가해운전자 성별,가해운전자 연령,가해운전자 상해정도,피해운전자 차종,피해운전자 성별,피해운전자 연령,피해운전자 상해정도
2016090400100344,2016년 9월 4일 17시,일요일,대전광역시 서구 둔산동,경상사고,0,0,1,0,차대차 - 측면직각충돌,안전운전불이행,건조,맑음,단일로 - 기타,승용,남,51세,상해없음,자전거,여,34세,경상
2016090400100375,2016년 9월 4일 18시,일요일,대전광역시 중구 태평동,경상사고,0,0,1,0,차대차 - 측면직각충돌,신호위반,건조,흐림,교차로 - 교차로부근,승용,여,60세,상해없음,자전거,여,65세,경상
2016090400100376,2016년 9월 4일 18시,일요일,대전광역시 서구 월평동,경상사고,0,0,1,0,차대차 - 측면직각충돌,안전거리미확보,건조,맑음,단일로 - 기타,승용,여,40세,상해없음,이륜,남,37세,경상
2016090400100377,2016년 9월 4일 18시,일요일,대전광역시 서구 탄방동,경상사고,0,0,1,0,차대차 - 추돌,안전운전불이행,건조,맑음,단일로 - 기타,이륜,남,22세,상해없음,승용,남,61세,경상
2016090400100443,2016년 9월 4일 20시,일요일,대전광역시 서구 관저동,경상사고,0,0,1,0,차대사람 - 횡단중,안전운전불이행,건조,맑음,단일로 - 기타,승용,여,63세,상해없음,보행자,여,16세,경상
2016090400100496,2016년 9월 4일 23시,일요일,대전광역시 중구 선화동,경상사고,0,0,1,0,차대차 - 추돌,안전운전불이행,건조,맑음,교차로 - 교차로부근,승용,남,22세,상해없음,승용,남,55세,경상
2016090500100045,2016년 9월 5일 05시,월요일,대전광역시 중구 선화동,중상사고,0,1,0,0,차대차 - 추돌,안전운전불이행,건조,맑음,단일로 - 기타,승용,남,33세,상해없음,승용,남,66세,상해없음
2016090500100046,2016년 9월 5일 05시,월요일,대전광역시 서구 둔산동,경상사고,0,0,1,0,차대차 - 측면직각충돌,신호위반,건조,맑음,교차로 - 교차로안,승용,여,40세,상해없음,승합,남,55세,경상
2016090500100083,2016년 9월 5일 07시,월요일,대전광역시 유성구 봉산동,경상사고,0,0,1,0,차대차 - 추돌,안전운전불이행,건조,맑음,교차로 - 교차로부근,승용,남,53세,상해없음,승용,남,58세,경상
2016090500100125,2016년 9월 5일 08시,월요일,대전광역시 중구 석교동,경상사고,0,0,1,0,차대차 - 측면충돌,신호위반,건조,맑음,교차로 - 교차로부근,승합,남,36세,상해없음,승합,남,48세,경상
2016090500100126,2016년 9월 5일 08시,월요일,대전광역시 서구 둔산동,경상사고,0,0,1,0,차대차 - 추돌,안전운전불이행,건조,흐림,교차로 - 교차로부근,승용,남,46세,상해없음,승용,여,45세,경상
2016090500100156,2016년 9월 5일 09시,월요일,대전광역시 중구 유천동,경상사고,0,0,1,0,차대차 - 측면충돌,안전거리미확보,건조,맑음,단일로 - 기타,원동기,남,74세,상해없음,승용,여,22세,경상
2016090500100157,2016년 9월 5일 09시,월요일,대전광역시 대덕구 신일동,경상사고,0,0,1,0,차대차 - 측면충돌,안전거리미확보,건조,맑음,단일로 - 기타,건설기계,남,51세,상해없음,화물,남,29세,경상
2016090500100192,2016년 9월 5일 10시,월요일,대전광역시 동구 대별동,경상사고,0,0,2,0,차대차 - 기타,안전거리미확보,건조,맑음,교차로 - 교차로부근,승용,남,53세,상해없음,승용,여,49세,경상
2016090500100222,2016년 9월 5일 11시,월요일,대전광역시 유성구 노은동,경상사고,0,0,1,0,차대차 - 측면직각충돌,교차로운행방법위반,건조,맑음,교차로 - 교차로안,승용,남,61세,상해없음,승용,남,43세,경상
2016090500100243,2016년 9월 5일 12시,월요일,대전광역시 동구 삼성동,중상사고,0,1,0,0,차대차 - 측면충돌,안전운전불이행,건조,맑음,단일로 - 기타,승용,여,46세,상해없음,자전거,여,48세,중상
2016090500100244,2016년 9월 5일 12시,월요일,대전광역시 서구 둔산동,경상사고,0,0,1,0,차대차 - 측면충돌,교차로운행방법위반,건조,맑음,교차로 - 교차로안,승용,여,44세,상해없음,승용,남,41세,경상
2016090500100245,2016년 9월 5일 12시,월요일,대전광역시 유성구 봉명동,경상사고,0,0,2,0,차대차 - 기타,안전운전불이행,건조,맑음,교차로 - 교차로안,승용,남,30세,경상,승용,남,54세,경상
2016090500100276,2016년 9월 5일 13시,월요일,대전광역시 서구 탄방동,경상사고,0,0,1,0,차대차 - 기타,안전거리미확보,건조,맑음,단일로 - 기타,승용,남,54세,상해없음,승용,남,53세,경상
2016090500100377,2016년 9월 5일 16시,월요일,대전광역시 서구 가장동,경상사고,0,0,1,0,차대차 - 추돌,안전운전불이행,건조,맑음,교차로 - 교차로부근,화물,남,62세,상해없음,승용,남,44세,경상
2016090500100461,2016년 9월 5일 18시,월요일,대전광역시 대덕구 중리동,경상사고,0,0,1,0,차대사람 - 횡단중,안전운전불이행,건조,맑음,단일로 - 기타,승용,남,61세,상해없음,보행자,여,9세,경상
2016090500100462,2016년 9월 5일 18시,월요일,대전광역시 대덕구 오정동,중상사고,0,1,1,0,차대차 - 측면직각충돌,차로위반,건조,맑음,단일로 - 기타,승용,남,50세,기타불명,승용,남,48세,경상
2016090500100503,2016년 9월 5일 19시,월요일,대전광역시 유성구 외삼동,경상사고,0,0,1,0,차대차 - 기타,안전운전불이행,건조,맑음,교차로 - 교차로부근,승용,여,45세,기타불명,승용,여,50세,경상
2016090500100547,2016년 9월 5일 20시,월요일,대전광역시 동구 대동,중상사고,0,1,0,0,차대사람 - 기타,안전운전불이행,건조,맑음,단일로 - 기타,승용,남,23세,상해없음,보행자,여,57세,중상
2016090500100626,2016년 9월 5일 23시,월요일,대전광역시 서구 변동,경상사고,0,0,3,0,차대차 - 추돌,안전운전불이행,건조,맑음,단일로 - 기타,승용,남,33세,상해없음,승용,남,60세,경상
2016090600100051,2016년 9월 6일 03시,화요일,대전광역시 서구 도마동,중상사고,0,1,0,0,차대사람 - 횡단중,안전운전불이행,건조,맑음,교차로 - 교차로부근,승용,남,67세,상해없음,보행자,남,59세,중상
2016090600100106,2016년 9월 6일 07시,화요일,대전광역시 유성구 구암동,경상사고,0,0,1,0,차대차 - 기타,신호위반,건조,맑음,교차로 - 교차로부근,화물,남,28세,상해없음,승용,여,49세,경상
2016090600100150,2016년 9월 6일 08시,화요일,대전광역시 동구 천동,중상사고,0,1,1,0,차대차 - 측면직각충돌,교차로운행방법위반,건조,맑음,교차로 - 교차로안,승합,남,74세,경상,승용,남,44세,상해없음
2016090600100151,2016년 9월 6일 08시,화요일,대전광역시 서구 관저동,경상사고,0,0,2,0,차대차 - 추돌,안전운전불이행,건조,맑음,단일로 - 기타,승용,여,32세,상해없음,승용,남,31세,경상
2016090600100152,2016년 9월 6일 08시,화요일,대전광역시 대덕구 법동,경상사고,0,0,1,0,차대사람 - 횡단중,안전운전불이행,건조,맑음,단일로 - 기타,승용,남,67세,상해없음,보행자,여,71세,경상
2016090600100153,2016년 9월 6일 08시,화요일,대전광역시 대덕구 중리동,중상사고,0,1,2,0,차대차 - 추돌,안전운전불이행,건조,맑음,교차로 - 교차로부근,승용,남,35세,경상,승용,여,33세,경상
2016090600100213,2016년 9월 6일 11시,화요일,대전광역시 동구 용운동,부상신고사고,0,0,0,1,차대차 - 측면직각충돌,직진우회전진행방해,건조,맑음,교차로 - 교차로안,승용,남,21세,상해없음,이륜,남,22세,상해없음
2016090600100214,2016년 9월 6일 11시,화요일,대전광역시 서구 복수동,중상사고,0,1,0,0,차대사람 - 횡단중,보행자보호의무위반,건조,맑음,교차로 - 교차로안,화물,남,35세,상해없음,보행자,여,75세,중상
2016090600100243,2016년 9월 6일 12시,화요일,대전광역시 서구 월평동,경상사고,0,0,1,0,차대차 - 측면충돌,교차로운행방법위반,건조,맑음,교차로 - 교차로안,승용,남,43세,기타불명,승용,남,37세,경상
2016090600100436,2016년 9월 6일 18시,화요일,대전광역시 서구 내동,경상사고,0,0,1,0,차대차 - 측면직각충돌,안전운전불이행,건조,맑음,단일로 - 기타,화물,남,61세,상해없음,승용,여,41세,경상
2016090600100437,2016년 9월 6일 18시,화요일,대전광역시 대덕구 신탄진동,경상사고,0,0,1,0,차대차 - 추돌,안전운전불이행,건조,맑음,단일로 - 기타,화물,남,57세,상해없음,승용,남,42세,상해없음
2016090600100474,2016년 9월 6일 19시,화요일,대전광역시 중구 산성동,중상사고,0,1,0,0,차대차 - 추돌,안전운전불이행,건조,맑음,교차로 - 교차로부근,승용,여,57세,상해없음,승용,남,26세,중상
2016090600100475,2016년 9월 6일 19시,화요일,대전광역시 동구 자양동,경상사고,0,0,1,0,차대사람 - 횡단중,보행자보호의무위반,건조,맑음,단일로 - 기타,승용,여,34세,상해없음,보행자,남,44세,경상
2016090600100476,2016년 9월 6일 19시,화요일,대전광역시 대덕구 읍내동,경상사고,0,0,1,0,차대차 - 추돌,안전운전불이행,건조,맑음,단일로 - 기타,승용,여,46세,상해없음,승용,남,43세,경상
2016090600100495,2016년 9월 6일 20시,화요일,대전광역시 대덕구 덕암동,중상사고,0,1,0,0,차대차 - 기타,안전운전불이행,건조,맑음,단일로 - 기타,승합,남,68세,상해없음,자전거,여,51세,중상
2016090600100496,2016년 9월 6일 20시,화요일,대전광역시 유성구 복용동,경상사고,0,0,1,0,차대차 - 추돌,안전운전불이행,건조,맑음,교차로 - 교차로부근,승용,남,52세,상해없음,승용,남,40세,경상
2016090600100548,2016년 9월 6일 22시,화요일,대전광역시 서구 둔산동,경상사고,0,0,2,0,차대차 - 추돌,안전운전불이행,건조,맑음,교차로 - 교차로부근,승용,남,25세,상해없음,승용,남,58세,경상
2016090700100028,2016년 9월 7일 01시,수요일,대전광역시 유성구 구암동,경상사고,0,0,2,0,차대차 - 측면직각충돌,교차로운행방법위반,건조,맑음,교차로 - 교차로안,승용,여,22세,상해없음,승용,여,41세,경상
2016090700100090,2016년 9월 7일 07시,수요일,대전광역시 동구 대동,경상사고,0,0,1,0,차대사람 - 기타,신호위반,건조,맑음,교차로 - 교차로부근,승용,남,65세,상해없음,보행자,여,23세,경상
2016090700100131,2016년 9월 7일 08시,수요일,대전광역시 서구 도마동,중상사고,0,1,0,0,차대차 - 정면충돌,안전운전불이행,건조,맑음,단일로 - 기타,승합,남,56세,상해없음,이륜,남,74세,중상
2016090700100132,2016년 9월 7일 08시,수요일,대전광역시 서구 탄방동,경상사고,0,0,1,0,차대차 - 기타,안전운전불이행,건조,맑음,교차로 - 교차로부근,승용,남,70세,상해없음,승용,여,42세,경상
2016090700100133,2016년 9월 7일 08시,수요일,대전광역시 서구 탄방동,경상사고,0,0,2,0,차대차 - 측면충돌,안전운전불이행,건조,맑음,단일로 - 기타,화물,남,35세,상해없음,승용,여,42세,경상
2016090700100188,2016년 9월 7일 10시,수요일,대전광역시 중구 대흥동,중상사고,0,1,0,0,차대사람 - 횡단중,안전운전불이행,건조,맑음,교차로 - 교차로안,승용,여,65세,상해없음,보행자,남,83세,중상
2016090700100216,2016년 9월 7일 11시,수요일,대전광역시 중구 오류동,중상사고,0,1,0,0,차대사람 - 횡단중,안전운전불이행,건조,맑음,단일로 - 기타,승용,남,69세,상해없음,보행자,여,38세,중상
2016090700100217,2016년 9월 7일 11시,수요일,대전광역시 서구 탄방동,경상사고,0,0,2,0,차대차 - 측면직각충돌,교차로운행방법위반,건조,맑음,교차로 - 교차로안,화물,남,42세,경상,승용,여,47세,경상
2016090700100276,2016년 9월 7일 13시,수요일,대전광역시 동구 가양동,경상사고,0,0,5,0,차대차 - 추돌,안전거리미확보,건조,맑음,단일로 - 기타,승용,남,25세,상해없음,승용,여,49세,경상
2016090700100277,2016년 9월 7일 13시,수요일,대전광역시 동구 삼성동,경상사고,0,0,2,0,차대차 - 측면충돌,신호위반,건조,맑음,교차로 - 교차로부근,승용,여,69세,경상,승용,남,30세,경상
2016090700100278,2016년 9월 7일 13시,수요일,대전광역시 대덕구 오정동,중상사고,0,1,3,0,차대차 - 측면충돌,안전운전불이행,건조,맑음,단일로 - 기타,화물,남,48세,상해없음,화물,남,62세,경상
2016090700100302,2016년 9월 7일 14시,수요일,대전광역시 중구 대흥동,경상사고,0,0,1,0,차대차 - 추돌,안전운전불이행,건조,맑음,단일로 - 기타,승용,남,66세,상해없음,승용,남,33세,경상
2016090700100333,2016년 9월 7일 15시,수요일,대전광역시 서구 둔산동,중상사고,0,1,0,0,차대사람 - 횡단중,안전운전불이행,건조,맑음,단일로 - 횡단보도부근,승용,여,40세,상해없음,보행자,여,86세,중상
2016090700100375,2016년 9월 7일 16시,수요일,대전광역시 중구 문화동,경상사고,0,0,1,0,차대차 - 측면직각충돌,안전운전불이행,건조,맑음,단일로 - 기타,승용,여,58세,상해없음,승용,남,24세,경상
2016090700100408,2016년 9월 7일 17시,수요일,대전광역시 유성구 하기동,중상사고,0,1,0,0,차대사람 - 횡단중,안전운전불이행,건조,맑음,교차로 - 교차로안,화물,남,43세,상해없음,보행자,여,86세,중상
2016090700100496,2016년 9월 7일 19시,수요일,대전광역시 대덕구 법동,부상신고사고,0,0,0,1,차대사람 - 횡단중,안전운전불이행,건조,맑음,단일로 - 기타,승용,남,50세,상해없음,보행자,여,65세,부상신고
2016090700100497,2016년 9월 7일 19시,수요일,대전광역시 대덕구 송촌동,경상사고,0,0,1,0,차량단독 - 기타,기타,건조,맑음,교차로 - 교차로안,승합,남,47세,상해없음,,,,
2016090700100498,2016년 9월 7일 19시,수요일,대전광역시 유성구 궁동,경상사고,0,0,1,0,차대차 - 기타,안전운전불이행,건조,맑음,단일로 - 기타,기타불명,기타불명,기타불명,기타불명,승용,여,52세,경상
2016090700100569,2016년 9월 7일 21시,수요일,대전광역시 유성구 봉명동,경상사고,0,0,8,0,차대차 - 측면충돌,신호위반,건조,맑음,단일로 - 기타,승용,남,38세,기타불명,승합,남,45세,상해없음
2016090700100589,2016년 9월 7일 22시,수요일,대전광역시 중구 유천동,부상신고사고,0,0,0,1,차대차 - 측면직각충돌,안전운전불이행,건조,맑음,단일로 - 횡단보도부근,자전거,여,59세,부상신고,승용,남,37세,상해없음
2016090700100590,2016년 9월 7일 22시,수요일,대전광역시 동구 용전동,중상사고,0,1,1,0,차대차 - 측면직각충돌,신호위반,건조,맑음,교차로 - 교차로부근,승용,남,27세,경상,승용,남,50세,중상
2016090800100010,2016년 9월 8일 00시,목요일,대전광역시 중구 선화동,경상사고,0,0,2,0,차대차 - 측면직각충돌,안전운전불이행,건조,맑음,단일로 - 기타,승용,남,50세,상해없음,승용,남,50세,경상
2016090800100026,2016년 9월 8일 01시,목요일,대전광역시 유성구 봉명동,경상사고,0,0,1,0,차대차 - 정면충돌,신호위반,건조,맑음,교차로 - 교차로안,승용,남,28세,상해없음,승용,남,39세,경상
2016090800100033,2016년 9월 8일 02시,목요일,대전광역시 서구 월평동,사망사고,1,0,0,0,차대사람 - 횡단중,과속,건조,맑음,교차로 - 교차로안,승용,남,47세,상해없음,보행자,남,27세,사망
2016090800100052,2016년 9월 8일 04시,목요일,대전광역시 중구 태평동,중상사고,0,1,0,0,차대사람 - 횡단중,보행자보호의무위반,건조,맑음,단일로 - 횡단보도상,승용,남,57세,기타불명,보행자,남,66세,중상
2016090800100067,2016년 9월 8일 05시,목요일,대전광역시 서구 관저동,경상사고,0,0,1,0,차대차 - 측면직각충돌,신호위반,건조,맑음,교차로 - 교차로안,승용,남,52세,상해없음,건설기계,남,49세,경상
2016090800100113,2016년 9월 8일 07시,목요일,대전광역시 대덕구 신탄진동,중상사고,0,1,0,0,차대차 - 기타,안전운전불이행,건조,맑음,단일로 - 기타,화물,남,44세,상해없음,자전거,여,49세,중상
2016090800100114,2016년 9월 8일 07시,목요일,대전광역시 서구 갈마동,부상신고사고,0,0,0,1,차대차 - 정면충돌,교차로운행방법위반,건조,맑음,교차로 - 교차로안,승용,남,32세,상해없음,이륜,남,77세,부상신고
2016090800100161,2016년 9월 8일 08시,목요일,대전광역시 서구 둔산동,중상사고,0,1,0,0,차대사람 - 횡단중,안전운전불이행,건조,맑음,교차로 - 교차로안,화물,남,66세,상해없음,보행자,여,61세,중상
2016090800100162,2016년 9월 8일 08시,목요일,대전광역시 유성구 노은동,경상사고,0,0,1,0,차대차 - 추돌,안전운전불이행,건조,기타,단일로 - 기타,승용,남,51세,상해없음,승용,남,26세,경상
2016090800100163,2016년 9월 8일 08시,목요일,대전광역시 유성구 장대동,경상사고,0,0,1,0,차대차 - 측면직각충돌,안전거리미확보,건조,맑음,단일로 - 기타,승용,남,31세,상해없음,승용,여,54세,경상
2016090800100190,2016년 9월 8일 09시,목요일,대전광역시 중구 용두동,중상사고,0,1,0,0,차대차 - 측면직각충돌,중앙선침범,건조,맑음,단일로 - 기타,승용,남,48세,상해없음,원동기,남,38세,중상
2016090800100271,2016년 9월 8일 11시,목요일,대전광역시 동구 비룡동,사망사고,1,3,0,0,차대차 - 측면충돌,신호위반,건조,맑음,교차로 - 교차로부근,승용,남,59세,사망,승용,남,58세,중상
2016090800100272,2016년 9월 8일 11시,목요일,대전광역시 대덕구 신탄진동,경상사고,0,0,1,0,차대차 - 추돌,안전운전불이행,건조,맑음,교차로 - 교차로부근,승용,여,38세,상해없음,승용,남,42세,경상
2016090800100273,2016년 9월 8일 11시,목요일,대전광역시 서구 탄방동,경상사고,0,0,1,0,차대차 - 측면충돌,안전운전불이행,건조,맑음,교차로 - 교차로안,승용,남,48세,상해없음,자전거,남,76세,경상
2016090800100313,2016년 9월 8일 12시,목요일,대전광역시 유성구 반석동,경상사고,0,0,1,0,차대차 - 기타,안전운전불이행,건조,맑음,단일로 - 기타,승용,남,18세,상해없음,승용,남,33세,경상
2016090800100346,2016년 9월 8일 13시,목요일,대전광역시 대덕구 읍내동,경상사고,0,0,1,0,차대차 - 기타,안전운전불이행,건조,맑음,단일로 - 기타,화물,남,50세,상해없음,승용,여,43세,경상
2016090800100453,2016년 9월 8일 16시,목요일,대전광역시 중구 대사동,중상사고,0,1,0,0,차대사람 - 횡단중,안전운전불이행,건조,맑음,교차로 - 교차로부근,승용,남,49세,상해없음,보행자,여,61세,중상
2016090800100491,2016년 9월 8일 17시,목요일,대전광역시 서구 둔산동,경상사고,0,0,1,0,차대차 - 기타,안전운전불이행,건조,맑음,교차로 - 교차로부근,승용,여,48세,상해없음,승합,남,31세,경상
2016090800100532,2016년 9월 8일 18시,목요일,대전광역시 중구 문화동,중상사고,0,1,0,0,차대사람 - 횡단중,보행자보호의무위반,습기,비,단일로 - 기타,승합,남,48세,상해없음,보행자,남,10세,중상
2016090800100533,2016년 9월 8일 18시,목요일,대전광역시 서구 용문동,경상사고,0,0,1,0,차대차 - 측면충돌,신호위반,습기,비,교차로 - 교차로안,승용,남,57세,상해없음,승용,남,28세,경상
2016090800100534,2016년 9월 8일 18시,목요일,대전광역시 서구 둔산동,경상사고,0,0,1,0,차대차 - 기타,안전거리미확보,습기,비,교차로 - 교차로안,승합,남,57세,상해없음,승용,여,41세,경상
2016090800100583,2016년 9월 8일 19시,목요일,대전광역시 중구 용두동,경상사고,0,0,1,0,차대차 - 측면직각충돌,안전운전불이행,습기,비,미분류 - 미분류,승용,남,68세,상해없음,화물,남,35세,상해없음
2016090800100584,2016년 9월 8일 19시,목요일,대전광역시 중구 안영동,경상사고,0,0,3,0,차대차 - 측면직각충돌,안전운전불이행,건조,맑음,단일로 - 기타,승용,남,75세,상해없음,승용,여,49세,경상
2016090800100585,2016년 9월 8일 19시,목요일,대전광역시 동구 용전동,경상사고,0,0,2,0,차대차 - 측면충돌,안전운전불이행,습기,비,교차로 - 교차로부근,승용,여,54세,상해없음,승용,남,71세,경상
2016090800100586,2016년 9월 8일 19시,목요일,대전광역시 동구 효동,경상사고,0,0,1,0,차대사람 - 횡단중,기타,건조,맑음,단일로 - 기타,이륜,남,50세,상해없음,보행자,여,45세,경상
2016090800100587,2016년 9월 8일 19시,목요일,대전광역시 동구 원동,경상사고,0,0,1,0,차대차 - 기타,안전거리미확보,건조,맑음,단일로 - 기타,승용,남,30세,상해없음,승용,남,61세,경상
2016090800100588,2016년 9월 8일 19시,목요일,대전광역시 서구 정림동,중상사고,0,1,0,0,차대사람 - 길가장자리구역통행중,안전운전불이행,건조,맑음,단일로 - 기타,승용,남,42세,상해없음,보행자,여,67세,중상
2016090800100589,2016년 9월 8일 19시,목요일,대전광역시 대덕구 오정동,경상사고,0,0,2,0,차대차 - 측면충돌,신호위반,건조,맑음,교차로 - 교차로안,승용,남,37세,상해없음,승합,남,59세,상해없음
2016090800100590,2016년 9월 8일 19시,목요일,대전광역시 유성구 원내동,경상사고,0,0,1,0,차대차 - 기타,신호위반,습기,흐림,교차로 - 교차로안,승용,여,40세,상해없음,승용,남,64세,경상
2016090800100656,2016년 9월 8일 21시,목요일,대전광역시 중구 용두동,경상사고,0,0,1,0,차대차 - 측면직각충돌,차로위반,건조,맑음,단일로 - 기타,승용,남,50세,상해없음,승용,남,43세,경상
2016090800100657,2016년 9월 8일 21시,목요일,대전광역시 유성구 봉명동,중상사고,0,1,0,0,차대차 - 기타,안전운전불이행,습기,흐림,단일로 - 기타,승용,남,31세,상해없음,이륜,남,29세,중상
2016090800100658,2016년 9월 8일 21시,목요일,대전광역시 유성구 관평동,경상사고,0,0,1,0,차대차 - 기타,안전운전불이행,건조,맑음,단일로 - 기타,승용,남,28세,상해없음,승용,남,30세,경상
2016090800100697,2016년 9월 8일 22시,목요일,대전광역시 유성구 전민동,경상사고,0,0,1,0,차대차 - 기타,안전운전불이행,건조,맑음,단일로 - 기타,승용,남,32세,상해없음,승용,남,36세,경상
2016090900100018,2016년 9월 9일 00시,금요일,대전광역시 동구 자양동,중상사고,0,1,1,0,차대차 - 추돌,안전운전불이행,건조,맑음,교차로 - 교차로부근,승용,남,53세,상해없음,승용,여,31세,경상
2016090900100066,2016년 9월 9일 05시,금요일,대전광역시 유성구 자운동,중상사고,0,1,0,0,차대차 - 기타,교차로운행방법위반,습기,비,교차로 - 교차로안,승용,여,32세,상해없음,자전거,남,35세,중상
2016090900100106,2016년 9월 9일 07시,금요일,대전광역시 중구 옥계동,경상사고,0,0,1,0,차대차 - 추돌,안전운전불이행,건조,맑음,단일로 - 기타,승합,남,53세,상해없음,승합,남,54세,상해없음
2016090900100152,2016년 9월 9일 08시,금요일,대전광역시 대덕구 비래동,경상사고,0,0,1,0,차대차 - 측면직각충돌,신호위반,건조,맑음,교차로 - 교차로안,승용,여,61세,상해없음,원동기,여,57세,경상
2016090900100179,2016년 9월 9일 09시,금요일,대전광역시 유성구 도룡동,경상사고,0,0,4,0,차대차 - 추돌,안전거리미확보,건조,맑음,교차로 - 교차로안,승용,여,19세,경상,승합,남,48세,상해없음
2016090900100214,2016년 9월 9일 10시,금요일,대전광역시 중구 오류동,경상사고,0,0,1,0,차대차 - 측면직각충돌,안전운전불이행,건조,맑음,교차로 - 교차로부근,승용,여,44세,상해없음,자전거,남,57세,경상
2016090900100215,2016년 9월 9일 10시,금요일,대전광역시 동구 대동,사망사고,1,0,0,0,차대차 - 측면직각충돌,신호위반,건조,맑음,교차로 - 교차로안,승합,남,53세,상해없음,자전거,남,45세,사망
2016090900100266,2016년 9월 9일 12시,금요일,대전광역시 동구 중동,경상사고,0,0,1,0,차대사람 - 횡단중,안전운전불이행,건조,맑음,단일로 - 기타,승용,여,62세,상해없음,보행자,여,22세,경상
2016090900100439,2016년 9월 9일 16시,금요일,대전광역시 중구 석교동,경상사고,0,0,1,0,차대차 - 추돌,안전운전불이행,건조,맑음,교차로 - 교차로부근,승용,여,72세,상해없음,승용,여,54세,경상
2016090900100440,2016년 9월 9일 16시,금요일,대전광역시 동구 삼성동,경상사고,0,0,2,0,차대차 - 측면충돌,신호위반,건조,맑음,단일로 - 횡단보도상,이륜,남,22세,상해없음,이륜,남,74세,경상
2016090900100539,2016년 9월 9일 18시,금요일,대전광역시 유성구 용산동,경상사고,0,0,3,0,차대차 - 측면직각충돌,차로위반,건조,맑음,단일로 - 기타,승용,여,23세,상해없음,승용,여,31세,경상
2016090900100601,2016년 9월 9일 19시,금요일,대전광역시 중구 선화동,중상사고,0,1,0,0,차대사람 - 길가장자리구역통행중,안전운전불이행,습기,흐림,단일로 - 기타,승용,남,34세,상해없음,보행자,남,73세,중상
2016090900100602,2016년 9월 9일 19시,금요일,대전광역시 서구 둔산동,경상사고,0,0,1,0,차대차 - 추돌,안전운전불이행,건조,맑음,단일로 - 기타,승용,여,50세,상해없음,승용,남,45세,경상
2016090900100603,2016년 9월 9일 19시,금요일,대전광역시 유성구 장대동,부상신고사고,0,0,0,1,차대차 - 측면충돌,안전운전불이행,건조,맑음,단일로 - 기타,승합,남,41세,상해없음,승용,남,26세,부상신고
2016090900100650,2016년 9월 9일 20시,금요일,대전광역시 동구 자양동,부상신고사고,0,0,0,1,차대차 - 측면충돌,안전운전불이행,건조,맑음,단일로 - 기타,승용,남,34세,상해없음,이륜,남,19세,부상신고
2016090900100651,2016년 9월 9일 20시,금요일,대전광역시 대덕구 비래동,경상사고,0,0,2,0,차대차 - 추돌,안전운전불이행,습기,비,교차로 - 교차로부근,승합,여,25세,상해없음,화물,남,61세,경상
2016090900100692,2016년 9월 9일 21시,금요일,대전광역시 중구 태평동,경상사고,0,0,1,0,차대사람 - 횡단중,안전운전불이행,건조,맑음,단일로 - 기타,자전거,남,49세,경상,보행자,기타불명,기타불명,기타불명
2016090900100693,2016년 9월 9일 21시,금요일,대전광역시 대덕구 신탄진동,경상사고,0,0,1,0,차대사람 - 길가장자리구역통행중,안전운전불이행,건조,맑음,단일로 - 기타,이륜,남,21세,상해없음,보행자,남,53세,경상
2016090900100694,2016년 9월 9일 21시,금요일,대전광역시 대덕구 오정동,경상사고,0,0,1,0,차대차 - 추돌,안전운전불이행,건조,맑음,교차로 - 교차로부근,승용,남,35세,상해없음,승용,남,34세,경상
2016090900100695,2016년 9월 9일 21시,금요일,대전광역시 유성구 궁동,중상사고,0,1,0,0,차대차 - 측면충돌,안전운전불이행,건조,맑음,단일로 - 기타,자전거,남,23세,상해없음,이륜,남,37세,중상
2016090900100720,2016년 9월 9일 22시,금요일,대전광역시 유성구 봉명동,경상사고,0,0,1,0,차대차 - 기타,안전운전불이행,건조,맑음,단일로 - 횡단보도상,승용,남,61세,상해없음,자전거,남,23세,경상
2016090900100721,2016년 9월 9일 22시,금요일,대전광역시 유성구 봉명동,중상사고,0,1,2,0,차대차 - 측면직각충돌,신호위반,건조,맑음,교차로 - 교차로안,승용,남,65세,상해없음,승용,남,35세,경상
2016090900100756,2016년 9월 9일 23시,금요일,대전광역시 서구 둔산동,경상사고,0,0,2,0,차대차 - 측면직각충돌,교차로운행방법위반,건조,맑음,교차로 - 교차로안,승용,여,51세,경상,승용,남,58세,경상
2016091000100021,2016년 9월 10일 00시,토요일,대전광역시 서구 둔산동,경상사고,0,0,9,0,차대차 - 정면충돌,안전운전불이행,건조,맑음,교차로 - 교차로부근,승용,남,39세,상해없음,승용,남,44세,경상
2016091000100022,2016년 9월 10일 00시,토요일,대전광역시 유성구 관평동,경상사고,0,0,1,0,차대차 - 측면직각충돌,신호위반,건조,맑음,교차로 - 교차로안,승용,남,41세,상해없음,승용,남,56세,경상
2016091000100083,2016년 9월 10일 04시,토요일,대전광역시 유성구 도룡동,중상사고,0,1,0,1,차대차 - 추돌,안전운전불이행,건조,기타,교차로 - 교차로부근,승용,남,24세,기타불명,승용,여,55세,부상신고
2016091000100113,2016년 9월 10일 06시,토요일,대전광역시 유성구 용계동,경상사고,0,0,1,0,차대차 - 측면직각충돌,신호위반,건조,맑음,교차로 - 교차로안,승용,남,73세,상해없음,승용,남,42세,경상
2016091000100174,2016년 9월 10일 09시,토요일,대전광역시 대덕구 오정동,경상사고,0,0,2,1,차대차 - 추돌,안전거리미확보,건조,맑음,단일로 - 기타,화물,남,29세,상해없음,승용,여,42세,부상신고