사고번호,사고일시,요일,시군구,사고내용,사망자수,중상자수,경상자수,부상신고자수,사고유형,법규위반,노면상태,기상상태,도로형태,가해운전자 차종,가해운전자 성별,가해운전자 연령,가해운전자 상해정도,피해운전자 차종,피해운전자 성별,피해운전자 연령,피해운전자 상해정도
2016091600100334,2016년 9월 16일 20시,금요일,대전광역시 중구 유천동,중상사고,0,1,0,0,차대사람 - 횡단중,안전운전불이행,습기,비,단일로 - 기타,승용,남,51세,상해없음,보행자,여,56세,중상
2016091600100335,2016년 9월 16일 20시,금요일,대전광역시 서구 월평동,경상사고,0,0,3,0,차대차 - 추돌,안전운전불이행,습기,비,단일로 - 기타,승용,남,69세,상해없음,승용,남,31세,경상
2016091600100336,2016년 9월 16일 20시,금요일,대전광역시 유성구 구암동,경상사고,0,0,1,0,차대차 - 측면직각충돌,안전운전불이행,습기,비,단일로 - 기타,승용,남,47세,상해없음,이륜,남,24세,경상
2016091600100356,2016년 9월 16일 21시,금요일,대전광역시 서구 둔산동,중상사고,0,1,0,0,차대차 - 측면직각충돌,교차로운행방법위반,습기,비,교차로 - 교차로안,승용,남,31세,상해없음,승용,여,54세,중상
2016091600100380,2016년 9월 16일 22시,금요일,대전광역시 서구 둔산동,경상사고,0,0,1,0,차대사람 - 횡단중,보행자보호의무위반,습기,흐림,교차로 - 교차로안,기타불명,기타불명,기타불명,기타불명,보행자,여,21세,경상
2016091600100401,2016년 9월 16일 23시,금요일,대전광역시 동구 가양동,경상사고,0,0,1,0,차대사람 - 횡단중,신호위반,습기,비,단일로 - 기타,원동기,남,55세,상해없음,보행자,남,25세,경상
2016091700100031,2016년 9월 17일 00시,토요일,대전광역시 유성구 도룡동,경상사고,0,0,2,0,차대차 - 측면충돌,중앙선침범,습기,비,교차로 - 교차로부근,승용,남,50세,상해없음,승용,남,26세,경상
2016091700100065,2016년 9월 17일 01시,토요일,대전광역시 동구 가양동,경상사고,0,0,1,0,차량단독 - 전도전복,교차로운행방법위반,습기,비,교차로 - 교차로안,승용,남,63세,상해없음,,,,
2016091700100102,2016년 9월 17일 03시,토요일,대전광역시 서구 둔산동,중상사고,0,1,0,0,차대차 - 측면직각충돌,신호위반,습기,비,교차로 - 교차로안,승용,남,29세,상해없음,승용,남,31세,중상
2016091700100113,2016년 9월 17일 04시,토요일,대전광역시 서구 내동,경상사고,0,0,1,0,차대차 - 추돌,안전운전불이행,습기,비,단일로 - 기타,승용,남,55세,상해없음,승용,남,51세,경상
2016091700100125,2016년 9월 17일 05시,토요일,대전광역시 서구 둔산동,경상사고,0,0,1,0,차대사람 - 기타,안전운전불이행,습기,비,교차로 - 교차로안,승용,남,28세,상해없음,보행자,남,23세,경상
2016091700100126,2016년 9월 17일 05시,토요일,대전광역시 서구 갈마동,부상신고사고,0,0,0,1,차대차 - 측면직각충돌,교차로운행방법위반,습기,비,교차로 - 교차로안,승용,남,63세,상해없음,승용,남,36세,상해없음
2016091700100171,2016년 9월 17일 08시,토요일,대전광역시 중구 용두동,중상사고,0,1,0,0,차대차 - 정면충돌,중앙선침범,습기,비,단일로 - 기타,승용,남,23세,상해없음,승합,남,45세,중상
2016091700100189,2016년 9월 17일 09시,토요일,대전광역시 유성구 원내동,경상사고,0,0,1,0,차량단독 - 기타,안전운전불이행,건조,맑음,단일로 - 기타,승합,남,50세,상해없음,,,,
2016091700100222,2016년 9월 17일 11시,토요일,대전광역시 서구 도마동,중상사고,0,1,0,0,차대사람 - 보도통행중,안전운전불이행,습기,비,단일로 - 기타,승용,남,55세,상해없음,보행자,남,72세,중상
2016091700100278,2016년 9월 17일 13시,토요일,대전광역시 대덕구 신일동,경상사고,0,0,3,0,차대차 - 추돌,안전운전불이행,습기,비,교차로 - 교차로부근,승용,여,31세,상해없음,승용,여,33세,경상
2016091700100305,2016년 9월 17일 14시,토요일,대전광역시 동구 가양동,경상사고,0,0,2,0,차대차 - 측면직각충돌,안전운전불이행,습기,비,교차로 - 교차로부근,승용,남,43세,상해없음,승용,남,23세,경상
2016091700100404,2016년 9월 17일 17시,토요일,대전광역시 대덕구 오정동,경상사고,0,0,2,0,차대차 - 측면직각충돌,안전운전불이행,습기,흐림,교차로 - 교차로부근,승합,남,45세,상해없음,승합,남,54세,상해없음
2016091700100438,2016년 9월 17일 18시,토요일,대전광역시 서구 둔산동,부상신고사고,0,0,0,1,차대차 - 기타,안전운전불이행,습기,비,교차로 - 교차로부근,이륜,남,27세,부상신고,승용,여,47세,상해없음
2016091700100471,2016년 9월 17일 19시,토요일,대전광역시 대덕구 법동,중상사고,0,1,0,0,차대사람 - 횡단중,보행자보호의무위반,습기,비,단일로 - 기타,승용,남,54세,상해없음,보행자,여,52세,중상
2016091700100472,2016년 9월 17일 19시,토요일,대전광역시 서구 월평동,경상사고,0,0,3,0,차대차 - 추돌,안전거리미확보,습기,비,단일로 - 기타,승용,남,50세,경상,승용,남,32세,경상
2016091700100473,2016년 9월 17일 19시,토요일,대전광역시 유성구 도룡동,경상사고,0,0,1,0,차대차 - 기타,안전운전불이행,습기,비,단일로 - 기타,승용,여,26세,상해없음,승용,남,25세,경상
2016091700100501,2016년 9월 17일 20시,토요일,대전광역시 대덕구 덕암동,경상사고,0,0,1,0,차대사람 - 길가장자리구역통행중,안전운전불이행,건조,맑음,단일로 - 기타,원동기,남,39세,상해없음,보행자,여,59세,경상
2016091700100502,2016년 9월 17일 20시,토요일,대전광역시 유성구 구암동,중상사고,0,2,1,0,차대차 - 정면충돌,신호위반,건조,맑음,교차로 - 교차로안,승용,남,58세,중상,승용,남,56세,경상
2016091700100542,2016년 9월 17일 21시,토요일,대전광역시 중구 문화동,경상사고,0,0,1,0,차대사람 - 횡단중,안전운전불이행,습기,비,교차로 - 교차로부근,승용,남,34세,상해없음,보행자,여,37세,경상
2016091700100543,2016년 9월 17일 21시,토요일,대전광역시 서구 관저동,경상사고,0,0,2,0,차대차 - 추돌,안전운전불이행,습기,비,교차로 - 교차로부근,승용,남,33세,상해없음,승용,남,37세,경상
2016091700100544,2016년 9월 17일 21시,토요일,대전광역시 서구 갈마동,경상사고,0,0,1,0,차대차 - 기타,신호위반,습기,비,교차로 - 교차로부근,승용,남,26세,상해없음,승용,남,41세,경상
2016091700100570,2016년 9월 17일 22시,토요일,대전광역시 중구 태평동,경상사고,0,0,2,0,차대사람 - 횡단중,신호위반,습기,비,단일로 - 횡단보도상,이륜,남,53세,기타불명,보행자,남,51세,경상
2016091700100571,2016년 9월 17일 22시,토요일,대전광역시 서구 도마동,중상사고,0,1,1,0,차대차 - 측면충돌,신호위반,습기,비,교차로 - 교차로안,승용,남,25세,상해없음,승용,남,56세,중상
2016091700100572,2016년 9월 17일 22시,토요일,대전광역시 유성구 봉명동,경상사고,0,0,2,0,차대차 - 추돌,안전운전불이행,건조,맑음,교차로 - 교차로부근,승용,남,42세,상해없음,승용,남,32세,경상
2016091800100061,2016년 9월 18일 03시,일요일,대전광역시 서구 괴정동,경상사고,0,0,1,0,차대사람 - 길가장자리구역통행중,안전운전불이행,습기,비,단일로 - 기타,승용,여,32세,상해없음,보행자,여,20세,경상
2016091800100148,2016년 9월 18일 10시,일요일,대전광역시 서구 갈마동,경상사고,0,0,1,0,차대차 - 기타,안전운전불이행,습기,비,교차로 - 교차로부근,승용,남,26세,상해없음,이륜,남,42세,경상
2016091800100206,2016년 9월 18일 13시,일요일,대전광역시 중구 대흥동,경상사고,0,0,1,0,차대차 - 측면직각충돌,교차로운행방법위반,건조,맑음,교차로 - 교차로안,승용,남,33세,상해없음,승용,남,24세,경상
2016091800100207,2016년 9월 18일 13시,일요일,대전광역시 유성구 도룡동,경상사고,0,0,1,0,차대차 - 추돌,안전운전불이행,건조,맑음,교차로 - 교차로안,승용,남,55세,상해없음,승용,남,36세,경상
2016091800100208,2016년 9월 18일 13시,일요일,대전광역시 유성구 봉산동,경상사고,0,0,1,0,차량단독 - 기타,안전운전불이행,건조,맑음,단일로 - 기타,승합,남,50세,상해없음,,,,
2016091800100302,2016년 9월 18일 17시,일요일,대전광역시 중구 대흥동,경상사고,0,0,1,0,차대사람 - 횡단중,기타,건조,맑음,기타 - 기타,화물,남,45세,상해없음,보행자,여,89세,경상
2016091800100324,2016년 9월 18일 18시,일요일,대전광역시 동구 가양동,경상사고,0,0,1,0,차대차 - 추돌,기타,건조,맑음,단일로 - 기타,승용,남,26세,상해없음,승용,여,49세,경상
2016091800100374,2016년 9월 18일 20시,일요일,대전광역시 대덕구 중리동,경상사고,0,0,1,0,차대차 - 측면직각충돌,안전운전불이행,건조,맑음,교차로 - 교차로안,승용,남,22세,기타불명,원동기,남,23세,경상
2016091800100392,2016년 9월 18일 21시,일요일,대전광역시 서구 월평동,중상사고,0,2,0,0,차대차 - 측면직각충돌,신호위반,건조,맑음,교차로 - 교차로안,승용,남,36세,상해없음,승용,남,59세,중상
2016091900100009,2016년 9월 19일 00시,월요일,대전광역시 중구 유천동,경상사고,0,0,1,0,차대사람 - 횡단중,안전운전불이행,건조,맑음,단일로 - 기타,원동기,남,24세,상해없음,보행자,남,37세,경상
2016091900100010,2016년 9월 19일 00시,월요일,대전광역시 서구 관저동,중상사고,0,1,0,0,차대차 - 추돌,안전운전불이행,건조,맑음,단일로 - 기타,승용,남,42세,상해없음,승용,남,23세,중상
2016091900100026,2016년 9월 19일 04시,월요일,대전광역시 서구 용문동,경상사고,0,0,1,0,차대차 - 측면직각충돌,안전운전불이행,건조,맑음,교차로 - 교차로안,승용,남,48세,상해없음,승합,여,44세,경상
2016091900100035,2016년 9월 19일 05시,월요일,대전광역시 대덕구 문평동,사망사고,1,0,0,0,차대사람 - 횡단중,안전운전불이행,건조,맑음,단일로 - 기타,승용,남,63세,상해없음,보행자,남,64세,사망
2016091900100050,2016년 9월 19일 06시,월요일,대전광역시 유성구 관평동,중상사고,0,3,3,1,차대차 - 측면직각충돌,교차로운행방법위반,건조,맑음,교차로 - 교차로안,승합,남,61세,중상,화물,남,54세,상해없음
2016091900100071,2016년 9월 19일 07시,월요일,대전광역시 대덕구 송촌동,경상사고,0,0,2,0,차대차 - 측면충돌,교차로운행방법위반,건조,맑음,교차로 - 교차로안,승용,남,63세,경상,승용,남,25세,경상
2016091900100124,2016년 9월 19일 08시,월요일,대전광역시 서구 둔산동,경상사고,0,0,1,0,차대차 - 측면직각충돌,교차로운행방법위반,건조,맑음,교차로 - 교차로안,승용,여,39세,상해없음,승용,남,28세,경상
2016091900100146,2016년 9월 19일 09시,월요일,대전광역시 서구 정림동,경상사고,0,0,3,0,차대차 - 측면충돌,안전운전불이행,건조,맑음,단일로 - 기타,승용,남,59세,상해없음,승용,여,23세,경상
2016091900100147,2016년 9월 19일 09시,월요일,대전광역시 대덕구 오정동,중상사고,0,1,0,0,차대사람 - 횡단중,안전운전불이행,건조,맑음,단일로 - 기타,승용,여,42세,상해없음,보행자,여,53세,중상
2016091900100216,2016년 9월 19일 11시,월요일,대전광역시 서구 갈마동,경상사고,0,0,3,0,차대차 - 추돌,안전운전불이행,건조,맑음,교차로 - 교차로부근,승용,여,54세,경상,승용,여,45세,경상
2016091900100239,2016년 9월 19일 12시,월요일,대전광역시 중구 용두동,경상사고,0,0,2,0,차대차 - 추돌,안전운전불이행,건조,맑음,교차로 - 교차로부근,승용,여,50세,상해없음,승용,여,33세,경상
2016091900100240,2016년 9월 19일 12시,월요일,대전광역시 동구 판암동,경상사고,0,0,1,0,차대차 - 측면충돌,안전운전불이행,건조,맑음,단일로 - 기타,승용,남,45세,상해없음,원동기,남,46세,경상
2016091900100241,2016년 9월 19일 12시,월요일,대전광역시 유성구 상대동,중상사고,0,1,0,0,차대차 - 기타,교차로운행방법위반,건조,맑음,교차로 - 교차로안,승용,남,62세,상해없음,승용,여,43세,중상
2016091900100271,2016년 9월 19일 13시,월요일,대전광역시 서구 도마동,중상사고,0,1,0,0,차대사람 - 횡단중,안전운전불이행,건조,맑음,단일로 - 기타,승용,남,23세,상해없음,보행자,여,18세,중상
2016091900100347,2016년 9월 19일 16시,월요일,대전광역시 중구 산성동,중상사고,0,1,0,0,차대차 - 측면직각충돌,기타,건조,맑음,단일로 - 기타,승용,남,53세,상해없음,원동기,남,72세,중상
2016091900100348,2016년 9월 19일 16시,월요일,대전광역시 서구 도안동,경상사고,0,0,6,0,차대차 - 추돌,안전운전불이행,건조,맑음,단일로 - 기타,승용,남,27세,상해없음,승용,여,37세,경상
2016091900100349,2016년 9월 19일 16시,월요일,대전광역시 서구 내동,중상사고,0,1,0,0,차대사람 - 길가장자리구역통행중,기타,건조,맑음,단일로 - 기타,승용,여,34세,상해없음,보행자,여,7세,중상
2016091900100350,2016년 9월 19일 16시,월요일,대전광역시 대덕구 오정동,경상사고,0,0,1,0,차대차 - 측면충돌,안전운전불이행,건조,맑음,단일로 - 기타,승용,남,35세,상해없음,승용,남,72세,경상
2016091900100351,2016년 9월 19일 16시,월요일,대전광역시 유성구 상대동,경상사고,0,0,1,0,차대사람 - 횡단중,신호위반,건조,맑음,교차로 - 교차로안,승용,남,67세,상해없음,보행자,남,9세,경상
2016091900100390,2016년 9월 19일 17시,월요일,대전광역시 동구 가양동,경상사고,0,0,1,0,차대사람 - 기타,안전운전불이행,건조,맑음,단일로 - 기타,승용,기타불명,기타불명,기타불명,보행자,여,38세,경상
2016091900100391,2016년 9월 19일 17시,월요일,대전광역시 동구 가양동,경상사고,0,0,1,0,차대사람 - 기타,안전운전불이행,건조,맑음,단일로 - 기타,승용,기타불명,기타불명,기타불명,보행자,여,38세,경상
2016091900100475,2016년 9월 19일 19시,월요일,대전광역시 서구 둔산동,경상사고,0,0,1,0,차대차 - 기타,안전운전불이행,건조,맑음,단일로 - 기타,승용,남,61세,상해없음,승용,남,36세,기타불명
2016091900100507,2016년 9월 19일 20시,월요일,대전광역시 유성구 봉명동,경상사고,0,0,3,0,차대차 - 정면충돌,신호위반,건조,맑음,교차로 - 교차로안,승용,남,68세,상해없음,승용,남,62세,상해없음
2016091900100529,2016년 9월 19일 21시,월요일,대전광역시 중구 선화동,경상사고,0,0,2,0,차대차 - 추돌,안전운전불이행,건조,맑음,교차로 - 교차로부근,승용,남,55세,상해없음,승용,남,42세,경상
2016091900100552,2016년 9월 19일 22시,월요일,대전광역시 중구 용두동,경상사고,0,0,1,0,차대차 - 측면직각충돌,안전운전불이행,건조,맑음,단일로 - 기타,승용,남,52세,상해없음,승용,남,53세,상해없음
2016091900100566,2016년 9월 19일 23시,월요일,대전광역시 서구 탄방동,중상사고,0,1,0,0,차대차 - 추돌,안전운전불이행,건조,맑음,교차로 - 교차로부근,승용,남,35세,상해없음,승용,남,44세,중상
2016092000100011,2016년 9월 20일 00시,화요일,대전광역시 중구 선화동,경상사고,0,0,2,0,차대차 - 측면직각충돌,신호위반,건조,맑음,단일로 - 기타,승용,남,47세,상해없음,승용,남,67세,경상
2016092000100012,2016년 9월 20일 00시,화요일,대전광역시 유성구 구암동,경상사고,0,0,2,0,차대차 - 측면충돌,안전운전불이행,건조,맑음,교차로 - 교차로안,승용,남,57세,상해없음,승용,남,32세,기타불명
2016092000100020,2016년 9월 20일 01시,화요일,대전광역시 동구 용전동,경상사고,0,0,1,0,차량단독 - 기타,기타,건조,맑음,교차로 - 교차로안,승용,남,47세,상해없음,,,,
2016092000100021,2016년 9월 20일 01시,화요일,대전광역시 서구 관저동,경상사고,0,0,1,0,차량단독 - 전도전복,안전운전불이행,건조,맑음,교차로 - 교차로안,승용,남,24세,경상,,,,
2016092000100110,2016년 9월 20일 07시,화요일,대전광역시 동구 성남동,중상사고,0,1,0,0,차대사람 - 기타,안전운전불이행,건조,맑음,교차로 - 교차로부근,승합,남,54세,상해없음,보행자,여,61세,중상
2016092000100111,2016년 9월 20일 07시,화요일,대전광역시 서구 월평동,경상사고,0,0,1,0,차대차 - 기타,안전운전불이행,건조,맑음,단일로 - 횡단보도상,승용,여,51세,상해없음,자전거,남,74세,경상
2016092000100156,2016년 9월 20일 08시,화요일,대전광역시 유성구 탑립동,중상사고,0,1,1,0,차대차 - 측면직각충돌,신호위반,건조,맑음,교차로 - 교차로안,화물,남,41세,상해없음,승용,남,36세,중상
2016092000100197,2016년 9월 20일 09시,화요일,대전광역시 유성구 가정동,경상사고,0,0,1,0,차대차 - 추돌,안전거리미확보,건조,맑음,교차로 - 교차로안,승용,여,42세,상해없음,승용,남,58세,경상
2016092000100438,2016년 9월 20일 17시,화요일,대전광역시 동구 성남동,경상사고,0,0,2,0,차대차 - 측면직각충돌,안전거리미확보,건조,맑음,단일로 - 기타,승용,남,68세,상해없음,승합,남,46세,상해없음
2016092000100439,2016년 9월 20일 17시,화요일,대전광역시 동구 용운동,경상사고,0,0,1,0,차량단독 - 기타,기타,건조,맑음,교차로 - 교차로안,승합,남,37세,상해없음,,,,
2016092000100494,2016년 9월 20일 18시,화요일,대전광역시 중구 부사동,경상사고,0,0,3,0,차대차 - 측면직각충돌,안전운전불이행,건조,맑음,기타 - 기타,승용,남,58세,상해없음,승용,여,43세,경상
2016092000100534,2016년 9월 20일 19시,화요일,대전광역시 중구 대사동,중상사고,0,1,0,0,차대차 - 추돌,안전운전불이행,건조,맑음,교차로 - 교차로안,원동기,남,69세,중상,승용,남,53세,상해없음
2016092000100553,2016년 9월 20일 20시,화요일,대전광역시 대덕구 덕암동,경상사고,0,0,1,0,차대차 - 기타,안전운전불이행,건조,맑음,단일로 - 기타,화물,남,42세,상해없음,승용,여,45세,경상
2016092000100569,2016년 9월 20일 20시,화요일,대전광역시 동구 대동,중상사고,0,1,0,0,차대사람 - 기타,안전운전불이행,건조,맑음,단일로 - 기타,승용,남,67세,상해없음,보행자,여,72세,중상
2016092000100593,2016년 9월 20일 21시,화요일,대전광역시 중구 대흥동,중상사고,0,1,2,0,차대차 - 추돌,안전거리미확보,건조,맑음,단일로 - 기타,승용,남,62세,상해없음,승용,남,38세,경상
2016092000100594,2016년 9월 20일 21시,화요일,대전광역시 서구 용문동,중상사고,0,1,0,0,차대차 - 정면충돌,중앙선침범,건조,맑음,단일로 - 기타,승용,여,45세,상해없음,이륜,남,48세,중상
2016092100100036,2016년 9월 21일 02시,수요일,대전광역시 중구 부사동,경상사고,0,0,1,0,차대차 - 측면직각충돌,신호위반,건조,맑음,교차로 - 교차로안,승용,여,48세,상해없음,승용,여,66세,경상
2016092100100037,2016년 9월 21일 02시,수요일,대전광역시 서구 월평동,중상사고,0,1,0,0,차대사람 - 횡단중,보행자보호의무위반,건조,맑음,교차로 - 교차로안,승용,남,56세,상해없음,보행자,남,38세,중상
2016092100100068,2016년 9월 21일 06시,수요일,대전광역시 유성구 도룡동,중상사고,0,1,1,0,차대차 - 측면직각충돌,안전거리미확보,건조,맑음,단일로 - 기타,승용,남,30세,상해없음,화물,여,25세,경상
2016092100100130,2016년 9월 21일 08시,수요일,대전광역시 서구 변동,경상사고,0,0,2,0,차대차 - 측면직각충돌,안전운전불이행,건조,맑음,단일로 - 기타,승용,남,51세,상해없음,승용,여,57세,경상
2016092100100209,2016년 9월 21일 11시,수요일,대전광역시 서구 괴정동,경상사고,0,0,1,0,차대차 - 측면직각충돌,안전운전불이행,건조,맑음,교차로 - 교차로안,이륜,남,23세,상해없음,화물,남,31세,경상
2016092100100288,2016년 9월 21일 14시,수요일,대전광역시 중구 대흥동,중상사고,0,1,0,0,차대사람 - 횡단중,안전운전불이행,건조,맑음,교차로 - 교차로부근,승용,여,37세,상해없음,보행자,여,67세,중상
2016092100100314,2016년 9월 21일 15시,수요일,대전광역시 서구 도안동,중상사고,0,1,0,0,차대사람 - 횡단중,안전운전불이행,건조,맑음,단일로 - 기타,승용,여,38세,상해없음,보행자,남,13세,중상
2016092100100315,2016년 9월 21일 15시,수요일,대전광역시 서구 탄방동,경상사고,0,0,1,0,차대사람 - 기타,안전운전불이행,건조,맑음,단일로 - 기타,승용,남,55세,상해없음,보행자,남,27세,경상
2016092100100317,2016년 9월 21일 15시,수요일,대전광역시 서구 둔산동,중상사고,0,1,1,0,차대사람 - 기타,안전운전불이행,건조,맑음,단일로 - 기타,승용,기타불명,기타불명,기타불명,보행자,여,54세,중상
2016092100100343,2016년 9월 21일 16시,수요일,대전광역시 대덕구 오정동,중상사고,0,1,0,0,차대차 - 추돌,교차로운행방법위반,건조,맑음,교차로 - 교차로안,승용,남,37세,상해없음,이륜,남,63세,중상
2016092100100373,2016년 9월 21일 17시,수요일,대전광역시 유성구 궁동,경상사고,0,0,1,0,차대차 - 추돌,안전거리미확보,건조,맑음,단일로 - 기타,승합,남,47세,상해없음,승용,여,42세,경상
2016092100100414,2016년 9월 21일 18시,수요일,대전광역시 유성구 신성동,경상사고,0,0,1,0,차대차 - 추돌,안전운전불이행,건조,맑음,단일로 - 기타,승용,여,51세,상해없음,승용,남,35세,경상
2016092100100453,2016년 9월 21일 19시,수요일,대전광역시 중구 선화동,중상사고,0,1,0,0,차대사람 - 길가장자리구역통행중,안전운전불이행,건조,맑음,단일로 - 기타,승용,여,24세,상해없음,보행자,남,28세,중상
2016092100100485,2016년 9월 21일 20시,수요일,대전광역시 서구 관저동,중상사고,0,1,1,0,차대차 - 정면충돌,신호위반,건조,맑음,교차로 - 교차로안,승용,남,21세,상해없음,승용,여,65세,중상
2016092100100509,2016년 9월 21일 21시,수요일,대전광역시 동구 성남동,경상사고,0,0,6,0,차대차 - 추돌,안전운전불이행,건조,맑음,단일로 - 기타,승용,남,53세,상해없음,승용,남,57세,경상
2016092100100545,2016년 9월 21일 23시,수요일,대전광역시 서구 관저동,경상사고,0,0,1,0,차대차 - 정면충돌,신호위반,건조,맑음,교차로 - 교차로안,승용,남,65세,상해없음,승용,여,41세,경상
2016092200100020,2016년 9월 22일 01시,목요일,대전광역시 서구 갈마동,경상사고,0,0,1,0,차대차 - 추돌,신호위반,건조,맑음,교차로 - 교차로안,승용,남,35세,상해없음,승용,남,63세,경상
2016092200100021,2016년 9월 22일 01시,목요일,대전광역시 서구 둔산동,경상사고,0,0,1,0,차대차 - 정면충돌,안전운전불이행,건조,맑음,단일로 - 기타,승용,남,26세,기타불명,승용,남,40세,경상
2016092200100039,2016년 9월 22일 04시,목요일,대전광역시 서구 월평동,경상사고,0,0,1,0,차대차 - 측면충돌,신호위반,건조,맑음,교차로 - 교차로안,승용,남,27세,경상,승용,남,26세,상해없음
2016092200100076,2016년 9월 22일 07시,목요일,대전광역시 서구 용문동,경상사고,0,0,1,0,차대차 - 측면직각충돌,신호위반,건조,맑음,교차로 - 교차로안,승용,남,54세,상해없음,승용,남,46세,경상
2016092200100119,2016년 9월 22일 08시,목요일,대전광역시 유성구 봉명동,중상사고,0,1,0,0,차대차 - 측면직각충돌,교차로운행방법위반,건조,맑음,교차로 - 교차로안,승용,남,34세,상해없음,자전거,남,67세,중상
2016092200100120,2016년 9월 22일 08시,목요일,대전광역시 유성구 전민동,경상사고,0,0,1,0,차대사람 - 횡단중,안전운전불이행,건조,맑음,교차로 - 교차로부근,승용,남,40세,상해없음,보행자,남,43세,경상
2016092200100153,2016년 9월 22일 09시,목요일,대전광역시 서구 탄방동,경상사고,0,0,1,0,차대차 - 측면직각충돌,신호위반,건조,맑음,교차로 - 교차로안,승용,여,58세,상해없음,승용,남,26세,경상
2016092200100294,2016년 9월 22일 15시,목요일,대전광역시 서구 가수원동,경상사고,0,0,1,0,차대차 - 측면직각충돌,신호위반,건조,맑음,교차로 - 교차로안,승용,남,63세,상해없음,승용,여,26세,경상
2016092200100360,2016년 9월 22일 17시,목요일,대전광역시 중구 선화동,중상사고,0,1,0,0,차대사람 - 횡단중,안전운전불이행,건조,맑음,기타 - 기타,승용,여,35세,상해없음,보행자,여,3세,중상
2016092200100361,2016년 9월 22일 17시,목요일,대전광역시 서구 가수원동,경상사고,0,0,1,2,차대차 - 측면직각충돌,신호위반,건조,맑음,교차로 - 교차로부근,승합,남,51세,상해없음,승용,여,60세,경상
2016092200100362,2016년 9월 22일 17시,목요일,대전광역시 대덕구 송촌동,경상사고,0,0,1,0,차대차 - 추돌,안전운전불이행,건조,맑음,기타 - 기타,승용,남,67세,상해없음,승용,여,42세,경상
2016092200100399,2016년 9월 22일 18시,목요일,대전광역시 유성구 지족동,경상사고,0,0,1,0,차대사람 - 기타,안전운전불이행,건조,맑음,단일로 - 기타,자전거,남,22세,기타불명,보행자,여,55세,경상
2016092200100443,2016년 9월 22일 19시,목요일,대전광역시 동구 용전동,중상사고,0,1,0,0,차대차 - 측면충돌,교차로운행방법위반,건조,맑음,교차로 - 교차로안,승용,남,35세,상해없음,원동기,남,21세,중상
2016092200100478,2016년 9월 22일 20시,목요일,대전광역시 중구 오류동,중상사고,0,1,0,0,차대차 - 측면직각충돌,안전운전불이행,건조,맑음,단일로 - 기타,이륜,남,49세,상해없음,자전거,남,28세,중상
2016092200100479,2016년 9월 22일 20시,목요일,대전광역시 서구 변동,중상사고,0,1,0,0,차대사람 - 횡단중,안전운전불이행,건조,맑음,교차로 - 교차로안,화물,남,35세,상해없음,보행자,여,60세,중상
2016092200100480,2016년 9월 22일 20시,목요일,대전광역시 서구 용문동,경상사고,0,0,1,0,차대차 - 추돌,안전운전불이행,건조,맑음,단일로 - 기타,승용,남,48세,상해없음,이륜,남,29세,경상
2016092200100481,2016년 9월 22일 20시,목요일,대전광역시 유성구 장대동,경상사고,0,0,2,0,차대차 - 측면충돌,안전거리미확보,건조,맑음,단일로 - 기타,승용,남,54세,경상,승용,여,58세,상해없음
2016092200100511,2016년 9월 22일 21시,목요일,대전광역시 동구 홍도동,중상사고,0,1,0,0,차대사람 - 길가장자리구역통행중,안전운전불이행,건조,맑음,단일로 - 기타,승용,여,51세,상해없음,보행자,여,58세,중상
2016092200100529,2016년 9월 22일 22시,목요일,대전광역시 중구 은행동,경상사고,0,0,2,0,차대차 - 정면충돌,안전운전불이행,건조,맑음,교차로 - 교차로부근,승용,여,60세,상해없음,승용,남,36세,경상
2016092200100530,2016년 9월 22일 22시,목요일,대전광역시 서구 만년동,중상사고,0,1,0,0,차대사람 - 기타,안전운전불이행,건조,맑음,단일로 - 기타,승용,여,59세,상해없음,보행자,남,26세,중상
2016092300100028,2016년 9월 23일 00시,금요일,대전광역시 동구 대성동,중상사고,0,1,0,0,차대차 - 추돌,안전거리미확보,건조,맑음,단일로 - 기타,승용,여,35세,상해없음,원동기,여,70세,중상
2016092300100029,2016년 9월 23일 00시,금요일,대전광역시 서구 월평동,경상사고,0,0,2,0,차대차 - 추돌,안전운전불이행,건조,맑음,단일로 - 교량,승용,남,26세,상해없음,승용,남,53세,경상
2016092300100089,2016년 9월 23일 06시,금요일,대전광역시 서구 가장동,경상사고,0,0,2,0,차대차 - 측면충돌,안전운전불이행,건조,맑음,교차로 - 교차로부근,승합,남,64세,상해없음,승용,여,48세,경상
2016092300100115,2016년 9월 23일 07시,금요일,대전광역시 유성구 장대동,중상사고,0,1,0,0,차대차 - 측면충돌,신호위반,건조,맑음,교차로 - 교차로안,승용,여,52세,상해없음,승용,남,37세,중상
2016092300100159,2016년 9월 23일 08시,금요일,대전광역시 동구 소제동,중상사고,0,1,0,0,차대사람 - 횡단중,안전운전불이행,건조,맑음,단일로 - 기타,화물,남,48세,상해없음,보행자,여,82세,중상
2016092300100160,2016년 9월 23일 08시,금요일,대전광역시 동구 판암동,경상사고,0,0,2,0,차대차 - 추돌,안전거리미확보,건조,맑음,단일로 - 기타,승용,남,43세,상해없음,승용,남,25세,경상