사고번호,사고일시,요일,시군구,사고내용,사망자수,중상자수,경상자수,부상신고자수,사고유형,법규위반,노면상태,기상상태,도로형태,가해운전자 차종,가해운전자 성별,가해운전자 연령,가해운전자 상해정도,피해운전자 차종,피해운전자 성별,피해운전자 연령,피해운전자 상해정도
2016100500100383,2016년 10월 5일 15시,수요일,대전광역시 대덕구 신탄진동,경상사고,0,0,1,0,차대사람 - 기타,안전운전불이행,건조,맑음,교차로 - 교차로부근,승용,남,48세,기타불명,보행자,남,12세,경상
2016100500100384,2016년 10월 5일 15시,수요일,대전광역시 유성구 장대동,경상사고,0,0,1,0,차대차 - 측면충돌,안전운전불이행,건조,맑음,기타 - 기타,승용,남,84세,상해없음,승용,남,52세,기타불명
2016100500100521,2016년 10월 5일 18시,수요일,대전광역시 중구 문창동,중상사고,0,1,0,0,차대차 - 측면충돌,안전운전불이행,건조,흐림,단일로 - 기타,화물,남,61세,상해없음,이륜,남,39세,중상
2016100500100522,2016년 10월 5일 18시,수요일,대전광역시 동구 낭월동,경상사고,0,0,1,0,차대차 - 기타,안전운전불이행,건조,맑음,단일로 - 기타,화물,남,42세,상해없음,자전거,남,8세,경상
2016100500100523,2016년 10월 5일 18시,수요일,대전광역시 동구 가양동,중상사고,0,1,0,0,차대사람 - 횡단중,보행자보호의무위반,건조,흐림,단일로 - 횡단보도상,승용,여,40세,상해없음,보행자,여,45세,중상
2016100500100524,2016년 10월 5일 18시,수요일,대전광역시 서구 도마동,경상사고,0,0,1,0,차대사람 - 기타,안전운전불이행,건조,맑음,교차로 - 교차로부근,승용,여,42세,상해없음,보행자,여,21세,경상
2016100500100525,2016년 10월 5일 18시,수요일,대전광역시 대덕구 신대동,경상사고,0,0,1,0,차대차 - 정면충돌,안전운전불이행,습기,비,단일로 - 기타,승용,여,31세,기타불명,화물,남,52세,경상
2016100500100604,2016년 10월 5일 20시,수요일,대전광역시 대덕구 석봉동,경상사고,0,0,1,0,차대차 - 추돌,안전운전불이행,건조,맑음,교차로 - 교차로안,승용,남,56세,상해없음,승용,여,19세,경상
2016100500100629,2016년 10월 5일 21시,수요일,대전광역시 대덕구 비래동,경상사고,0,0,1,0,차대차 - 추돌,안전거리미확보,건조,맑음,단일로 - 기타,승용,여,57세,상해없음,자전거,남,27세,경상
2016100600100018,2016년 10월 6일 00시,목요일,대전광역시 유성구 도룡동,중상사고,0,1,0,0,차대사람 - 차도통행중,안전운전불이행,건조,맑음,단일로 - 기타,승용,남,55세,상해없음,보행자,남,61세,중상
2016100600100052,2016년 10월 6일 03시,목요일,대전광역시 유성구 봉명동,중상사고,0,1,0,0,차대차 - 측면직각충돌,안전거리미확보,건조,맑음,단일로 - 기타,승용,남,27세,상해없음,승용,남,33세,중상
2016100600100081,2016년 10월 6일 06시,목요일,대전광역시 동구 판암동,중상사고,0,1,0,0,차대차 - 측면직각충돌,중앙선침범,건조,맑음,단일로 - 기타,승용,남,52세,상해없음,승용,여,58세,중상
2016100600100108,2016년 10월 6일 07시,목요일,대전광역시 유성구 구암동,경상사고,0,0,1,0,차대차 - 측면직각충돌,교차로운행방법위반,건조,맑음,교차로 - 교차로안,승용,남,27세,상해없음,승용,남,32세,경상
2016100600100151,2016년 10월 6일 08시,목요일,대전광역시 유성구 구암동,경상사고,0,0,1,0,차대차 - 추돌,안전거리미확보,건조,맑음,교차로 - 교차로부근,화물,남,35세,상해없음,승용,남,41세,경상
2016100600100183,2016년 10월 6일 09시,목요일,대전광역시 대덕구 오정동,경상사고,0,0,1,0,차대차 - 추돌,안전거리미확보,건조,맑음,단일로 - 기타,승용,여,46세,상해없음,승용,여,50세,경상
2016100600100184,2016년 10월 6일 09시,목요일,대전광역시 유성구 송강동,경상사고,0,0,1,0,차대사람 - 횡단중,안전운전불이행,건조,맑음,단일로 - 기타,승용,여,46세,상해없음,보행자,남,75세,경상
2016100600100185,2016년 10월 6일 09시,목요일,대전광역시 유성구 대정동,경상사고,0,0,1,0,차대차 - 추돌,교차로운행방법위반,건조,맑음,교차로 - 교차로안,승용,여,42세,상해없음,화물,남,36세,경상
2016100600100216,2016년 10월 6일 10시,목요일,대전광역시 유성구 봉명동,경상사고,0,0,1,0,차대차 - 측면직각충돌,직진우회전진행방해,건조,맑음,교차로 - 교차로안,승용,남,40세,상해없음,승용,여,40세,경상
2016100600100242,2016년 10월 6일 11시,목요일,대전광역시 중구 대흥동,중상사고,0,1,0,0,차대차 - 측면직각충돌,안전거리미확보,건조,맑음,단일로 - 기타,원동기,남,78세,중상,승용,남,33세,상해없음
2016100600100284,2016년 10월 6일 12시,목요일,대전광역시 동구 중동,경상사고,0,0,1,0,차대사람 - 기타,안전운전불이행,건조,맑음,단일로 - 횡단보도상,승용,여,35세,기타불명,보행자,여,62세,경상
2016100600100285,2016년 10월 6일 12시,목요일,대전광역시 유성구 노은동,경상사고,0,0,1,0,차대차 - 추돌,안전운전불이행,건조,맑음,단일로 - 기타,승용,남,22세,상해없음,승용,남,32세,경상
2016100600100312,2016년 10월 6일 13시,목요일,대전광역시 유성구 봉명동,경상사고,0,0,1,0,차대차 - 추돌,안전운전불이행,건조,맑음,단일로 - 기타,승용,남,55세,상해없음,기타불명,남,80세,경상
2016100600100313,2016년 10월 6일 13시,목요일,대전광역시 유성구 자운동,중상사고,0,2,0,0,차대차 - 측면충돌,중앙선침범,건조,맑음,교차로 - 교차로부근,승용,남,19세,상해없음,승용,남,32세,중상
2016100600100347,2016년 10월 6일 14시,목요일,대전광역시 유성구 송강동,경상사고,0,0,1,0,차대차 - 추돌,안전운전불이행,건조,맑음,단일로 - 기타,승용,남,37세,상해없음,승용,남,33세,경상
2016100600100432,2016년 10월 6일 16시,목요일,대전광역시 대덕구 오정동,경상사고,0,0,1,0,차대차 - 측면직각충돌,교차로운행방법위반,건조,맑음,교차로 - 교차로안,승용,남,35세,상해없음,승용,남,40세,경상
2016100600100469,2016년 10월 6일 17시,목요일,대전광역시 대덕구 비래동,중상사고,0,1,0,0,차대사람 - 횡단중,보행자보호의무위반,건조,맑음,교차로 - 교차로안,승합,남,26세,상해없음,보행자,여,75세,중상
2016100600100470,2016년 10월 6일 17시,목요일,대전광역시 서구 월평동,경상사고,0,0,3,0,차대차 - 측면직각충돌,안전거리미확보,건조,맑음,단일로 - 교량,승용,여,58세,상해없음,승용,남,26세,경상
2016100600100498,2016년 10월 6일 18시,목요일,대전광역시 유성구 원내동,중상사고,0,2,0,0,차대차 - 기타,안전운전불이행,건조,맑음,단일로 - 교량,승용,남,68세,중상,화물,남,49세,중상
2016100600100523,2016년 10월 6일 18시,목요일,대전광역시 유성구 구암동,부상신고사고,0,0,0,1,차대차 - 측면직각충돌,안전거리미확보,건조,흐림,교차로 - 교차로안,승용,남,74세,상해없음,승용,여,22세,부상신고
2016100600100569,2016년 10월 6일 19시,목요일,대전광역시 동구 용전동,경상사고,0,0,1,0,차대차 - 측면충돌,안전운전불이행,건조,맑음,단일로 - 기타,승합,남,56세,상해없음,승용,여,42세,경상
2016100600100570,2016년 10월 6일 19시,목요일,대전광역시 서구 도마동,경상사고,0,0,1,0,차대차 - 추돌,안전운전불이행,건조,맑음,교차로 - 교차로안,승용,남,43세,상해없음,이륜,남,77세,경상
2016100600100615,2016년 10월 6일 20시,목요일,대전광역시 서구 도마동,중상사고,0,1,2,0,차대차 - 정면충돌,신호위반,건조,맑음,교차로 - 교차로안,승용,여,47세,중상,승용,남,31세,경상
2016100600100641,2016년 10월 6일 21시,목요일,대전광역시 중구 선화동,중상사고,0,1,0,0,차대차 - 측면충돌,중앙선침범,건조,맑음,단일로 - 기타,기타불명,기타불명,기타불명,기타불명,승용,남,45세,중상
2016100600100681,2016년 10월 6일 23시,목요일,대전광역시 서구 괴정동,중상사고,0,1,0,0,차대차 - 기타,안전운전불이행,건조,맑음,단일로 - 기타,승용,남,33세,상해없음,이륜,남,51세,중상
2016100600100682,2016년 10월 6일 23시,목요일,대전광역시 서구 복수동,경상사고,0,0,2,0,차대차 - 추돌,안전운전불이행,건조,맑음,단일로 - 기타,승용,남,33세,상해없음,승용,남,34세,경상
2016100700100053,2016년 10월 7일 04시,금요일,대전광역시 동구 낭월동,사망사고,1,0,0,0,차대사람 - 횡단중,안전운전불이행,건조,흐림,단일로 - 횡단보도상,승용,남,57세,상해없음,보행자,남,47세,사망
2016100700100192,2016년 10월 7일 09시,금요일,대전광역시 중구 선화동,중상사고,0,1,0,0,차대차 - 기타,안전운전불이행,건조,맑음,단일로 - 기타,승용,여,38세,상해없음,승용,남,41세,상해없음
2016100700100193,2016년 10월 7일 09시,금요일,대전광역시 중구 문화동,중상사고,0,1,0,0,차대사람 - 차도통행중,안전운전불이행,건조,맑음,단일로 - 기타,승용,남,68세,상해없음,보행자,여,60세,중상
2016100700100227,2016년 10월 7일 10시,금요일,대전광역시 동구 삼정동,경상사고,0,0,3,0,차대차 - 측면충돌,안전거리미확보,건조,맑음,단일로 - 기타,화물,남,59세,상해없음,승합,남,46세,상해없음
2016100700100291,2016년 10월 7일 12시,금요일,대전광역시 중구 대흥동,경상사고,0,0,2,0,차대차 - 추돌,안전거리미확보,건조,맑음,단일로 - 교량,화물,남,46세,상해없음,승용,남,34세,경상
2016100700100292,2016년 10월 7일 12시,금요일,대전광역시 중구 오류동,경상사고,0,0,1,0,차대차 - 기타,안전운전불이행,건조,맑음,단일로 - 기타,승용,남,57세,상해없음,승용,남,26세,경상
2016100700100396,2016년 10월 7일 15시,금요일,대전광역시 중구 대흥동,중상사고,0,1,0,0,차량단독 - 기타,기타,건조,맑음,단일로 - 횡단보도부근,승합,남,61세,상해없음,,,,
2016100700100397,2016년 10월 7일 15시,금요일,대전광역시 서구 도마동,중상사고,0,1,2,0,차대차 - 추돌,안전운전불이행,건조,맑음,단일로 - 기타,승용,여,57세,경상,승용,남,28세,중상
2016100700100440,2016년 10월 7일 16시,금요일,대전광역시 서구 오동,경상사고,0,0,2,0,차대차 - 측면직각충돌,중앙선침범,습기,비,단일로 - 기타,화물,남,59세,상해없음,승용,여,74세,경상
2016100700100479,2016년 10월 7일 17시,금요일,대전광역시 대덕구 신탄진동,경상사고,0,0,2,0,차대차 - 추돌,교차로운행방법위반,건조,맑음,교차로 - 교차로부근,건설기계,남,55세,상해없음,승용,남,36세,경상
2016100700100550,2016년 10월 7일 18시,금요일,대전광역시 중구 대흥동,경상사고,0,0,1,0,차대차 - 측면직각충돌,안전운전불이행,건조,맑음,단일로 - 기타,승용,남,50세,상해없음,자전거,남,30세,경상
2016100700100551,2016년 10월 7일 18시,금요일,대전광역시 동구 성남동,경상사고,0,0,1,0,차량단독 - 전도전복,안전운전불이행,습기,비,단일로 - 기타,승용,남,56세,경상,,,,
2016100700100552,2016년 10월 7일 18시,금요일,대전광역시 동구 용전동,경상사고,0,0,1,0,차대차 - 추돌,안전거리미확보,습기,비,단일로 - 기타,승용,남,65세,상해없음,승용,여,44세,경상
2016100700100553,2016년 10월 7일 18시,금요일,대전광역시 서구 둔산동,경상사고,0,0,1,0,차대차 - 추돌,안전운전불이행,습기,비,교차로 - 교차로부근,승용,남,67세,상해없음,자전거,남,42세,경상
2016100700100555,2016년 10월 7일 18시,금요일,대전광역시 유성구 지족동,경상사고,0,0,1,0,차대차 - 추돌,안전거리미확보,습기,비,단일로 - 기타,승용,남,28세,상해없음,승용,남,35세,경상
2016100700100633,2016년 10월 7일 19시,금요일,대전광역시 동구 효동,경상사고,0,0,1,0,차대사람 - 횡단중,안전운전불이행,건조,맑음,단일로 - 기타,화물,남,53세,상해없음,보행자,여,58세,경상
2016100700100634,2016년 10월 7일 19시,금요일,대전광역시 서구 관저동,경상사고,0,0,1,0,차대차 - 추돌,안전운전불이행,건조,맑음,단일로 - 기타,승용,여,32세,상해없음,이륜,남,22세,경상
2016100700100635,2016년 10월 7일 19시,금요일,대전광역시 서구 만년동,경상사고,0,0,1,0,차대차 - 추돌,차로위반,습기,비,단일로 - 기타,승용,남,56세,상해없음,승합,남,56세,경상
2016100700100637,2016년 10월 7일 19시,금요일,대전광역시 유성구 둔곡동,중상사고,0,2,0,0,차대차 - 측면충돌,신호위반,습기,비,단일로 - 기타,승용,남,54세,상해없음,승용,남,48세,중상
2016100700100694,2016년 10월 7일 20시,금요일,대전광역시 중구 석교동,경상사고,0,0,2,0,차대차 - 측면직각충돌,교차로운행방법위반,습기,비,교차로 - 교차로안,승용,남,64세,경상,승용,남,62세,경상
2016100700100695,2016년 10월 7일 20시,금요일,대전광역시 서구 도안동,중상사고,0,1,0,0,차대차 - 측면직각충돌,불법유턴,습기,비,교차로 - 교차로부근,자전거,남,69세,중상,승용,여,53세,상해없음
2016100700100696,2016년 10월 7일 20시,금요일,대전광역시 유성구 봉명동,중상사고,0,1,0,0,차량단독 - 기타,안전운전불이행,건조,맑음,단일로 - 기타,승합,남,53세,상해없음,,,,
2016100700100743,2016년 10월 7일 21시,금요일,대전광역시 서구 도마동,중상사고,0,1,8,0,차대차 - 정면충돌,중앙선침범,습기,비,교차로 - 교차로부근,승용,남,32세,상해없음,승용,여,34세,경상
2016100700100744,2016년 10월 7일 21시,금요일,대전광역시 서구 탄방동,경상사고,0,0,1,0,차대차 - 추돌,안전운전불이행,습기,비,단일로 - 기타,승용,남,48세,상해없음,이륜,남,25세,경상
2016100700100745,2016년 10월 7일 21시,금요일,대전광역시 유성구 장대동,경상사고,0,0,1,0,차대사람 - 횡단중,안전운전불이행,습기,비,단일로 - 기타,화물,남,46세,상해없음,보행자,여,28세,경상
2016100700100786,2016년 10월 7일 22시,금요일,대전광역시 유성구 관평동,경상사고,0,0,1,0,차대차 - 측면직각충돌,신호위반,습기,비,교차로 - 교차로안,승용,남,26세,상해없음,승용,남,26세,경상
2016100700100828,2016년 10월 7일 23시,금요일,대전광역시 동구 삼성동,중상사고,0,1,0,0,차대사람 - 횡단중,안전운전불이행,건조,맑음,교차로 - 교차로부근,승용,남,54세,상해없음,보행자,여,23세,중상
2016100700100829,2016년 10월 7일 23시,금요일,대전광역시 서구 월평동,경상사고,0,0,1,0,차대차 - 측면직각충돌,안전운전불이행,습기,비,단일로 - 기타,승용,남,55세,상해없음,승용,남,36세,상해없음
2016100800100048,2016년 10월 8일 00시,토요일,대전광역시 서구 월평동,중상사고,0,4,0,0,차대차 - 측면직각충돌,신호위반,습기,비,교차로 - 교차로안,승용,남,26세,상해없음,승용,남,54세,중상
2016100800100049,2016년 10월 8일 00시,토요일,대전광역시 유성구 봉명동,경상사고,0,0,2,0,차대차 - 측면충돌,신호위반,습기,비,교차로 - 교차로안,승용,남,52세,상해없음,승용,남,55세,상해없음
2016100800100084,2016년 10월 8일 01시,토요일,대전광역시 유성구 봉명동,경상사고,0,0,1,0,차대차 - 추돌,안전운전불이행,습기,비,단일로 - 기타,승용,남,47세,상해없음,승용,여,44세,경상
2016100800100140,2016년 10월 8일 03시,토요일,대전광역시 서구 괴정동,경상사고,0,0,1,0,차대차 - 측면직각충돌,안전운전불이행,습기,비,교차로 - 교차로안,기타불명,기타불명,기타불명,기타불명,승용,여,48세,경상
2016100800100162,2016년 10월 8일 04시,토요일,대전광역시 서구 관저동,경상사고,0,0,1,0,차대차 - 추돌,안전운전불이행,건조,맑음,교차로 - 교차로부근,승용,남,36세,상해없음,승용,여,24세,경상
2016100800100181,2016년 10월 8일 05시,토요일,대전광역시 동구 용전동,중상사고,0,1,0,0,차대차 - 측면충돌,안전운전불이행,습기,비,교차로 - 교차로안,승합,남,44세,상해없음,원동기,남,68세,중상
2016100800100182,2016년 10월 8일 05시,토요일,대전광역시 서구 가수원동,경상사고,0,0,2,0,차대차 - 추돌,안전운전불이행,건조,맑음,단일로 - 기타,승용,여,58세,상해없음,승용,남,64세,경상
2016100800100183,2016년 10월 8일 05시,토요일,대전광역시 대덕구 평촌동,경상사고,0,0,1,0,차대차 - 추돌,안전거리미확보,습기,비,교차로 - 교차로부근,승용,여,61세,상해없음,승용,남,24세,경상
2016100800100197,2016년 10월 8일 06시,토요일,대전광역시 중구 용두동,중상사고,0,1,0,0,차대사람 - 횡단중,안전운전불이행,습기,비,단일로 - 횡단보도상,화물,남,44세,상해없음,보행자,남,71세,중상
2016100800100198,2016년 10월 8일 06시,토요일,대전광역시 중구 용두동,경상사고,0,0,2,0,차대차 - 측면직각충돌,신호위반,습기,비,교차로 - 교차로안,승용,남,60세,상해없음,승용,남,36세,경상
2016100800100199,2016년 10월 8일 06시,토요일,대전광역시 중구 용두동,중상사고,0,1,0,0,차대차 - 추돌,안전운전불이행,습기,비,미분류 - 미분류,승용,남,31세,상해없음,승용,남,45세,중상
2016100800100248,2016년 10월 8일 08시,토요일,대전광역시 서구 정림동,경상사고,0,0,1,0,차대차 - 추돌,안전운전불이행,습기,비,교차로 - 교차로부근,승합,남,56세,상해없음,승용,남,51세,경상
2016100800100281,2016년 10월 8일 09시,토요일,대전광역시 유성구 방동,경상사고,0,0,2,0,차대차 - 추돌,안전운전불이행,습기,비,교차로 - 교차로부근,승용,남,61세,상해없음,승용,남,51세,경상
2016100800100316,2016년 10월 8일 10시,토요일,대전광역시 서구 월평동,경상사고,0,0,1,0,차대차 - 기타,안전운전불이행,건조,맑음,교차로 - 교차로안,화물,남,50세,상해없음,승용,남,29세,경상
2016100800100382,2016년 10월 8일 12시,토요일,대전광역시 대덕구 상서동,중상사고,0,1,0,0,차대차 - 기타,안전운전불이행,건조,맑음,단일로 - 기타,승용,남,61세,상해없음,승합,남,59세,상해없음
2016100800100412,2016년 10월 8일 13시,토요일,대전광역시 유성구 봉명동,경상사고,0,0,2,0,차대차 - 측면직각충돌,안전거리미확보,건조,맑음,단일로 - 기타,승용,남,55세,상해없음,승용,여,54세,경상
2016100800100413,2016년 10월 8일 13시,토요일,대전광역시 유성구 도룡동,경상사고,0,0,3,0,차대차 - 추돌,교차로운행방법위반,건조,맑음,교차로 - 교차로안,승용,여,36세,상해없음,승용,남,35세,상해없음
2016100800100414,2016년 10월 8일 13시,토요일,대전광역시 유성구 노은동,부상신고사고,0,0,0,1,차대차 - 추돌,교차로운행방법위반,건조,맑음,교차로 - 교차로안,승용,남,45세,상해없음,승용,남,26세,부상신고
2016100800100448,2016년 10월 8일 14시,토요일,대전광역시 동구 원동,경상사고,0,0,1,0,차대사람 - 횡단중,기타,건조,맑음,단일로 - 기타,기타불명,기타불명,기타불명,기타불명,보행자,여,22세,경상
2016100800100449,2016년 10월 8일 14시,토요일,대전광역시 유성구 도룡동,경상사고,0,0,2,0,차대차 - 추돌,안전운전불이행,건조,맑음,교차로 - 교차로부근,화물,남,28세,상해없음,승용,남,34세,경상
2016100800100481,2016년 10월 8일 15시,토요일,대전광역시 대덕구 오정동,경상사고,0,0,1,0,차대차 - 기타,기타,건조,맑음,단일로 - 기타,승용,남,58세,상해없음,원동기,남,26세,경상
2016100800100554,2016년 10월 8일 17시,토요일,대전광역시 중구 대흥동,경상사고,0,0,1,0,차대차 - 추돌,안전운전불이행,건조,맑음,교차로 - 교차로부근,화물,남,64세,상해없음,승용,남,46세,경상
2016100800100555,2016년 10월 8일 17시,토요일,대전광역시 대덕구 와동,중상사고,0,1,11,0,차량단독 - 공작물충돌,안전운전불이행,건조,맑음,단일로 - 기타,승합,남,50세,상해없음,,,,
2016100800100613,2016년 10월 8일 18시,토요일,대전광역시 중구 오류동,중상사고,0,1,0,0,차대사람 - 횡단중,안전운전불이행,건조,맑음,교차로 - 교차로부근,승용,남,69세,상해없음,보행자,남,22세,중상
2016100800100614,2016년 10월 8일 18시,토요일,대전광역시 대덕구 중리동,경상사고,0,0,2,0,차대차 - 추돌,안전거리미확보,건조,맑음,교차로 - 교차로안,승용,여,55세,상해없음,승용,남,65세,경상
2016100800100647,2016년 10월 8일 19시,토요일,대전광역시 중구 문창동,경상사고,0,0,1,0,차대사람 - 기타,안전운전불이행,건조,맑음,단일로 - 기타,승용,남,23세,상해없음,보행자,남,44세,경상
2016100800100648,2016년 10월 8일 19시,토요일,대전광역시 유성구 상대동,중상사고,0,1,0,0,차대차 - 측면충돌,불법유턴,건조,맑음,단일로 - 기타,승용,남,62세,상해없음,이륜,남,18세,중상
2016100800100680,2016년 10월 8일 20시,토요일,대전광역시 서구 둔산동,중상사고,0,1,0,0,차대차 - 추돌,신호위반,건조,맑음,교차로 - 교차로안,승용,여,31세,상해없음,이륜,남,36세,중상
2016100800100681,2016년 10월 8일 20시,토요일,대전광역시 서구 월평동,경상사고,0,0,1,0,차대차 - 기타,안전운전불이행,건조,맑음,단일로 - 교량,승용,남,49세,상해없음,승용,남,25세,경상
2016100800100702,2016년 10월 8일 21시,토요일,대전광역시 대덕구 읍내동,경상사고,0,0,1,0,차대차 - 추돌,안전운전불이행,습기,비,단일로 - 기타,승용,남,25세,기타불명,승용,남,27세,경상
2016100900100067,2016년 10월 9일 02시,일요일,대전광역시 서구 탄방동,경상사고,0,0,1,0,차대차 - 기타,안전운전불이행,건조,맑음,교차로 - 교차로안,승용,남,22세,상해없음,승합,남,47세,경상
2016100900100090,2016년 10월 9일 04시,일요일,대전광역시 서구 월평동,중상사고,0,1,0,0,차대사람 - 횡단중,과속,건조,맑음,교차로 - 교차로안,승용,남,33세,상해없음,보행자,남,17세,중상
2016100900100125,2016년 10월 9일 07시,일요일,대전광역시 서구 가수원동,중상사고,0,1,1,0,차대차 - 측면직각충돌,신호위반,건조,맑음,교차로 - 교차로안,승용,여,66세,상해없음,승용,남,29세,경상
2016100900100126,2016년 10월 9일 07시,일요일,대전광역시 서구 관저동,경상사고,0,0,1,0,차대차 - 측면직각충돌,신호위반,건조,맑음,교차로 - 교차로안,화물,남,43세,상해없음,승용,남,66세,경상
2016100900100146,2016년 10월 9일 08시,일요일,대전광역시 중구 산성동,중상사고,0,1,0,0,차대사람 - 횡단중,신호위반,건조,맑음,단일로 - 횡단보도상,승용,남,44세,상해없음,보행자,여,57세,중상
2016100900100147,2016년 10월 9일 08시,일요일,대전광역시 서구 탄방동,경상사고,0,0,1,0,차대차 - 기타,안전운전불이행,건조,맑음,단일로 - 기타,승용,여,20세,상해없음,승합,남,38세,경상
2016100900100251,2016년 10월 9일 12시,일요일,대전광역시 대덕구 중리동,중상사고,0,1,2,0,차대차 - 추돌,안전운전불이행,건조,맑음,단일로 - 기타,승용,여,28세,기타불명,승용,남,43세,경상
2016100900100278,2016년 10월 9일 13시,일요일,대전광역시 동구 가양동,중상사고,0,1,0,0,차대사람 - 기타,안전운전불이행,건조,맑음,단일로 - 기타,건설기계,남,57세,상해없음,보행자,남,22세,중상
2016100900100312,2016년 10월 9일 14시,일요일,대전광역시 동구 구도동,경상사고,0,0,2,0,차대차 - 추돌,안전거리미확보,건조,맑음,단일로 - 기타,승용,여,52세,상해없음,승용,남,26세,경상
2016100900100400,2016년 10월 9일 16시,일요일,대전광역시 서구 괴정동,중상사고,0,1,0,0,차대사람 - 차도통행중,안전운전불이행,건조,맑음,단일로 - 기타,승용,남,66세,상해없음,보행자,여,61세,중상
2016100900100486,2016년 10월 9일 18시,일요일,대전광역시 동구 홍도동,경상사고,0,0,1,0,차대사람 - 횡단중,안전운전불이행,건조,맑음,교차로 - 교차로부근,승용,남,21세,상해없음,보행자,남,25세,경상
2016100900100487,2016년 10월 9일 18시,일요일,대전광역시 서구 가수원동,경상사고,0,0,1,0,차대차 - 측면충돌,신호위반,건조,맑음,교차로 - 교차로안,승용,남,37세,상해없음,이륜,남,28세,경상
2016100900100488,2016년 10월 9일 18시,일요일,대전광역시 유성구 봉명동,경상사고,0,0,1,0,차대차 - 측면충돌,신호위반,건조,맑음,교차로 - 교차로안,승용,여,48세,상해없음,승용,남,67세,경상
2016100900100527,2016년 10월 9일 19시,일요일,대전광역시 서구 가장동,경상사고,0,0,1,0,차대차 - 측면충돌,안전운전불이행,건조,맑음,교차로 - 교차로부근,승용,남,33세,상해없음,승용,남,34세,경상
2016100900100528,2016년 10월 9일 19시,일요일,대전광역시 유성구 구암동,경상사고,0,0,3,0,차대차 - 측면직각충돌,직진우회전진행방해,건조,맑음,교차로 - 교차로안,승용,남,19세,경상,승용,여,52세,경상
2016100900100544,2016년 10월 9일 20시,일요일,대전광역시 유성구 봉명동,경상사고,0,0,1,0,차대차 - 추돌,안전운전불이행,건조,맑음,단일로 - 기타,이륜,남,20세,상해없음,승용,여,33세,경상
2016100900100565,2016년 10월 9일 21시,일요일,대전광역시 유성구 갑동,부상신고사고,0,0,0,6,차대차 - 추돌,안전거리미확보,건조,맑음,교차로 - 교차로부근,화물,남,51세,상해없음,승용,남,50세,부상신고
2016100900100597,2016년 10월 9일 23시,일요일,대전광역시 동구 용운동,경상사고,0,0,1,0,차대차 - 기타,중앙선침범,건조,맑음,단일로 - 기타,승용,여,58세,상해없음,승용,남,33세,경상
2016101000100040,2016년 10월 10일 05시,월요일,대전광역시 유성구 지족동,중상사고,0,2,0,0,차대차 - 정면충돌,신호위반,건조,맑음,교차로 - 교차로안,화물,남,66세,상해없음,승용,여,41세,중상
2016101000100059,2016년 10월 10일 06시,월요일,대전광역시 유성구 봉명동,경상사고,0,0,1,0,차대차 - 측면직각충돌,안전운전불이행,건조,맑음,교차로 - 교차로안,승용,남,65세,상해없음,승용,여,64세,경상
2016101000100060,2016년 10월 10일 06시,월요일,대전광역시 유성구 죽동,경상사고,0,0,1,0,차대차 - 추돌,안전거리미확보,건조,맑음,교차로 - 교차로부근,건설기계,남,48세,상해없음,승용,여,51세,경상
2016101000100075,2016년 10월 10일 07시,월요일,대전광역시 대덕구 읍내동,경상사고,0,0,1,0,차대차 - 측면직각충돌,안전운전불이행,건조,맑음,단일로 - 기타,기타불명,기타불명,기타불명,기타불명,승용,남,41세,경상
2016101000100084,2016년 10월 10일 07시,월요일,대전광역시 유성구 반석동,경상사고,0,0,6,0,차대차 - 추돌,안전운전불이행,건조,맑음,단일로 - 기타,화물,남,55세,상해없음,화물,남,48세,경상
2016101000100193,2016년 10월 10일 10시,월요일,대전광역시 서구 용문동,경상사고,0,0,1,0,차대차 - 추돌,안전거리미확보,건조,맑음,단일로 - 기타,승합,남,63세,기타불명,화물,남,38세,경상
2016101000100223,2016년 10월 10일 11시,월요일,대전광역시 유성구 지족동,경상사고,0,0,1,0,차대사람 - 기타,안전운전불이행,건조,맑음,단일로 - 기타,승용,남,28세,상해없음,보행자,남,37세,경상
2016101000100224,2016년 10월 10일 11시,월요일,대전광역시 유성구 전민동,경상사고,0,0,3,0,차대차 - 기타,안전운전불이행,건조,맑음,교차로 - 교차로안,승용,여,50세,상해없음,승용,여,44세,경상
2016101000100377,2016년 10월 10일 16시,월요일,대전광역시 중구 대흥동,경상사고,0,0,1,0,차대사람 - 길가장자리구역통행중,안전운전불이행,건조,맑음,교차로 - 교차로부근,승용,남,18세,상해없음,보행자,여,63세,경상
2016101000100378,2016년 10월 10일 16시,월요일,대전광역시 유성구 봉명동,경상사고,0,0,1,0,차대차 - 기타,안전운전불이행,건조,맑음,교차로 - 교차로안,승용,남,29세,상해없음,화물,남,24세,경상
2016101000100451,2016년 10월 10일 18시,월요일,대전광역시 서구 가수원동,중상사고,0,1,0,0,차대차 - 추돌,안전운전불이행,건조,맑음,교차로 - 교차로부근,승용,남,65세,상해없음,승용,여,35세,중상
2016101000100452,2016년 10월 10일 18시,월요일,대전광역시 유성구 용산동,경상사고,0,0,1,0,차대차 - 측면충돌,신호위반,건조,맑음,교차로 - 교차로부근,승용,남,46세,상해없음,승용,남,22세,경상
2016101000100554,2016년 10월 10일 21시,월요일,대전광역시 동구 삼성동,경상사고,0,0,2,0,차대차 - 추돌,안전운전불이행,건조,맑음,교차로 - 교차로부근,승용,남,45세,상해없음,승용,남,57세,경상