사고번호,사고일시,요일,시군구,사고내용,사망자수,중상자수,경상자수,부상신고자수,사고유형,법규위반,노면상태,기상상태,도로형태,가해운전자 차종,가해운전자 성별,가해운전자 연령,가해운전자 상해정도,피해운전자 차종,피해운전자 성별,피해운전자 연령,피해운전자 상해정도
2016101500100411,2016년 10월 15일 15시,토요일,대전광역시 동구 추동,경상사고,0,0,2,0,차대차 - 정면충돌,중앙선침범,건조,맑음,단일로 - 기타,승용,남,61세,상해없음,승용,남,64세,경상
2016101500100466,2016년 10월 15일 17시,토요일,대전광역시 중구 산성동,경상사고,0,0,1,0,차대차 - 측면직각충돌,안전운전불이행,건조,맑음,단일로 - 기타,화물,남,51세,상해없음,원동기,남,18세,경상
2016101500100467,2016년 10월 15일 17시,토요일,대전광역시 대덕구 덕암동,경상사고,0,0,1,0,차대차 - 측면직각충돌,안전운전불이행,건조,맑음,단일로 - 기타,화물,남,58세,기타불명,승용,여,25세,경상
2016101500100468,2016년 10월 15일 17시,토요일,대전광역시 대덕구 덕암동,경상사고,0,0,1,0,차대차 - 추돌,교차로운행방법위반,건조,맑음,교차로 - 교차로안,승용,남,44세,상해없음,자전거,남,10세,경상
2016101500100529,2016년 10월 15일 18시,토요일,대전광역시 유성구 지족동,경상사고,0,0,3,0,차대차 - 추돌,안전운전불이행,건조,맑음,교차로 - 교차로부근,승용,여,27세,상해없음,승용,남,44세,경상
2016101500100567,2016년 10월 15일 19시,토요일,대전광역시 서구 관저동,부상신고사고,0,0,0,1,차대사람 - 횡단중,안전운전불이행,건조,맑음,단일로 - 횡단보도상,승용,남,43세,상해없음,보행자,남,20세,부상신고
2016101500100568,2016년 10월 15일 19시,토요일,대전광역시 서구 관저동,중상사고,0,1,3,0,차대차 - 추돌,안전운전불이행,건조,맑음,교차로 - 교차로부근,승용,남,51세,상해없음,승용,남,52세,경상
2016101500100611,2016년 10월 15일 20시,토요일,대전광역시 대덕구 석봉동,부상신고사고,0,0,0,1,차대사람 - 길가장자리구역통행중,안전운전불이행,건조,맑음,단일로 - 기타,원동기,남,18세,상해없음,보행자,남,45세,부상신고
2016101500100659,2016년 10월 15일 22시,토요일,대전광역시 서구 도마동,중상사고,0,1,2,0,차대차 - 추돌,안전운전불이행,건조,맑음,교차로 - 교차로부근,승용,남,39세,상해없음,승용,남,34세,경상
2016101500100660,2016년 10월 15일 22시,토요일,대전광역시 서구 탄방동,경상사고,0,0,1,0,차대차 - 기타,안전운전불이행,건조,맑음,단일로 - 기타,승용,남,34세,상해없음,승합,남,25세,경상
2016101500100661,2016년 10월 15일 22시,토요일,대전광역시 유성구 송강동,중상사고,0,1,0,0,차대차 - 기타,안전운전불이행,건조,맑음,교차로 - 교차로안,승용,남,57세,상해없음,자전거,여,13세,중상
2016101600100033,2016년 10월 16일 01시,일요일,대전광역시 중구 대흥동,경상사고,0,0,1,0,차대차 - 추돌,안전운전불이행,건조,맑음,단일로 - 기타,승용,남,35세,상해없음,승용,남,62세,상해없음
2016101600100034,2016년 10월 16일 01시,일요일,대전광역시 중구 부사동,경상사고,0,0,1,0,차대차 - 측면충돌,차로위반,건조,맑음,단일로 - 기타,승용,남,42세,상해없음,승용,여,25세,상해없음
2016101600100048,2016년 10월 16일 02시,일요일,대전광역시 중구 대흥동,경상사고,0,0,1,0,차대사람 - 길가장자리구역통행중,안전운전불이행,건조,맑음,교차로 - 교차로안,승용,남,30세,상해없음,보행자,남,36세,경상
2016101600100049,2016년 10월 16일 02시,일요일,대전광역시 유성구 궁동,중상사고,0,1,0,0,차대차 - 측면충돌,불법유턴,건조,맑음,단일로 - 기타,승용,남,61세,상해없음,원동기,남,24세,중상
2016101600100122,2016년 10월 16일 08시,일요일,대전광역시 동구 낭월동,경상사고,0,0,1,0,차대차 - 추돌,안전운전불이행,건조,맑음,단일로 - 기타,승용,남,57세,상해없음,승용,남,48세,경상
2016101600100190,2016년 10월 16일 12시,일요일,대전광역시 유성구 원내동,경상사고,0,0,1,0,차대사람 - 기타,신호위반,건조,맑음,단일로 - 기타,승용,남,57세,상해없음,보행자,남,44세,경상
2016101600100223,2016년 10월 16일 13시,일요일,대전광역시 동구 인동,경상사고,0,0,1,0,차대사람 - 기타,안전운전불이행,건조,맑음,교차로 - 교차로안,승용,남,54세,상해없음,보행자,여,67세,경상
2016101600100252,2016년 10월 16일 14시,일요일,대전광역시 유성구 화암동,경상사고,0,0,2,0,차대차 - 기타,안전운전불이행,습기,비,단일로 - 기타,승용,남,61세,상해없음,승용,남,39세,경상
2016101600100276,2016년 10월 16일 14시,일요일,대전광역시 동구 용전동,경상사고,0,0,1,0,차대차 - 추돌,안전운전불이행,습기,비,단일로 - 기타,승용,여,32세,상해없음,승용,남,43세,경상
2016101600100277,2016년 10월 16일 14시,일요일,대전광역시 대덕구 상서동,경상사고,0,0,4,0,차대차 - 추돌,안전운전불이행,습기,비,단일로 - 기타,승용,남,54세,상해없음,승용,남,68세,경상
2016101600100305,2016년 10월 16일 15시,일요일,대전광역시 중구 목달동,경상사고,0,0,2,0,차량단독 - 전도전복,안전운전불이행,습기,비,단일로 - 기타,승용,여,56세,경상,,,,
2016101600100306,2016년 10월 16일 15시,일요일,대전광역시 서구 가수원동,중상사고,0,1,2,0,차대차 - 추돌,안전거리미확보,습기,비,교차로 - 교차로부근,승용,남,39세,상해없음,승용,남,64세,경상
2016101600100307,2016년 10월 16일 15시,일요일,대전광역시 유성구 봉명동,경상사고,0,0,1,0,차대차 - 측면직각충돌,안전운전불이행,습기,비,교차로 - 교차로안,원동기,여,51세,상해없음,승용,남,38세,경상
2016101600100342,2016년 10월 16일 16시,일요일,대전광역시 대덕구 송촌동,경상사고,0,0,3,0,차대차 - 추돌,안전운전불이행,습기,비,단일로 - 기타,승용,남,62세,상해없음,화물,남,29세,기타불명
2016101600100343,2016년 10월 16일 16시,일요일,대전광역시 유성구 지족동,경상사고,0,0,1,0,차대차 - 측면직각충돌,안전거리미확보,습기,비,단일로 - 기타,원동기,남,24세,상해없음,승용,여,58세,경상
2016101600100429,2016년 10월 16일 18시,일요일,대전광역시 동구 용운동,경상사고,0,0,1,0,차대사람 - 횡단중,안전운전불이행,습기,비,단일로 - 기타,승용,남,67세,상해없음,보행자,여,18세,경상
2016101600100430,2016년 10월 16일 18시,일요일,대전광역시 서구 관저동,경상사고,0,0,3,0,차대차 - 측면직각충돌,신호위반,습기,안개,교차로 - 교차로안,화물,남,57세,상해없음,승용,남,27세,경상
2016101600100485,2016년 10월 16일 19시,일요일,대전광역시 동구 중동,경상사고,0,0,3,0,차대차 - 측면충돌,신호위반,습기,비,교차로 - 교차로안,승용,남,34세,상해없음,승용,남,60세,경상
2016101600100486,2016년 10월 16일 19시,일요일,대전광역시 서구 용문동,경상사고,0,0,1,0,차대차 - 측면직각충돌,안전운전불이행,습기,비,단일로 - 기타,승용,남,51세,상해없음,승용,여,59세,경상
2016101600100522,2016년 10월 16일 20시,일요일,대전광역시 중구 용두동,경상사고,0,0,2,0,차대차 - 추돌,안전거리미확보,습기,비,단일로 - 기타,승용,남,54세,상해없음,승용,남,61세,경상
2016101600100523,2016년 10월 16일 20시,일요일,대전광역시 동구 판암동,경상사고,0,0,5,0,차대차 - 추돌,안전거리미확보,습기,비,단일로 - 기타,화물,남,47세,상해없음,승용,남,37세,경상
2016101600100582,2016년 10월 16일 22시,일요일,대전광역시 유성구 원촌동,경상사고,0,0,1,0,차대차 - 측면충돌,중앙선침범,습기,비,단일로 - 기타,승용,남,25세,기타불명,승용,남,67세,경상
2016101700100009,2016년 10월 17일 00시,월요일,대전광역시 유성구 구암동,중상사고,0,1,1,0,차대사람 - 횡단중,안전운전불이행,습기,비,단일로 - 기타,원동기,남,46세,경상,보행자,남,48세,중상
2016101700100022,2016년 10월 17일 02시,월요일,대전광역시 유성구 궁동,경상사고,0,0,1,0,차량단독 - 공작물충돌,안전운전불이행,건조,맑음,단일로 - 기타,승용,남,37세,경상,,,,
2016101700100026,2016년 10월 17일 03시,월요일,대전광역시 유성구 궁동,경상사고,0,0,2,0,차대사람 - 횡단중,신호위반,건조,맑음,교차로 - 교차로안,승용,남,23세,경상,보행자,남,26세,경상
2016101700100030,2016년 10월 17일 04시,월요일,대전광역시 대덕구 오정동,사망사고,1,0,0,0,차대사람 - 길가장자리구역통행중,과속,습기,비,교차로 - 교차로부근,승용,남,27세,상해없음,보행자,남,66세,사망
2016101700100053,2016년 10월 17일 06시,월요일,대전광역시 동구 중동,중상사고,0,1,0,0,차대사람 - 횡단중,안전운전불이행,습기,비,단일로 - 기타,승합,남,56세,상해없음,보행자,여,78세,중상
2016101700100054,2016년 10월 17일 06시,월요일,대전광역시 서구 둔산동,경상사고,0,0,2,0,차대차 - 측면직각충돌,교차로운행방법위반,습기,비,교차로 - 교차로안,화물,남,48세,상해없음,승용,남,74세,경상
2016101700100082,2016년 10월 17일 07시,월요일,대전광역시 중구 유천동,경상사고,0,0,1,0,차대사람 - 횡단중,신호위반,습기,비,단일로 - 기타,화물,남,39세,상해없음,보행자,여,30세,경상
2016101700100165,2016년 10월 17일 09시,월요일,대전광역시 중구 유천동,경상사고,0,0,1,0,차대차 - 추돌,안전운전불이행,건조,맑음,교차로 - 교차로부근,승용,여,44세,상해없음,승용,여,53세,경상
2016101700100267,2016년 10월 17일 12시,월요일,대전광역시 동구 용전동,경상사고,0,0,1,0,차대사람 - 횡단중,신호위반,건조,맑음,단일로 - 횡단보도상,승용,남,62세,상해없음,보행자,여,58세,경상
2016101700100305,2016년 10월 17일 13시,월요일,대전광역시 유성구 구암동,경상사고,0,0,1,0,차대차 - 측면직각충돌,안전거리미확보,건조,맑음,단일로 - 기타,승용,여,55세,상해없음,승용,여,59세,경상
2016101700100378,2016년 10월 17일 15시,월요일,대전광역시 중구 목달동,중상사고,0,2,0,0,차대차 - 측면충돌,안전운전불이행,건조,맑음,단일로 - 기타,승용,남,36세,상해없음,승용,남,66세,중상
2016101700100379,2016년 10월 17일 15시,월요일,대전광역시 동구 삼정동,경상사고,0,0,2,0,차대차 - 추돌,안전운전불이행,건조,맑음,단일로 - 횡단보도부근,승용,남,49세,상해없음,승용,남,60세,경상
2016101700100380,2016년 10월 17일 15시,월요일,대전광역시 대덕구 신대동,중상사고,0,2,0,0,차대차 - 정면충돌,교차로운행방법위반,건조,맑음,단일로 - 기타,승용,남,66세,상해없음,승합,남,44세,중상
2016101700100422,2016년 10월 17일 16시,월요일,대전광역시 유성구 장대동,경상사고,0,0,1,0,차대차 - 측면직각충돌,교차로운행방법위반,건조,맑음,교차로 - 교차로안,승용,남,55세,상해없음,원동기,남,29세,경상
2016101700100423,2016년 10월 17일 16시,월요일,대전광역시 유성구 원내동,경상사고,0,0,1,0,차대차 - 측면직각충돌,직진우회전진행방해,건조,맑음,교차로 - 교차로안,승용,여,25세,기타불명,승용,남,21세,경상
2016101700100468,2016년 10월 17일 17시,월요일,대전광역시 중구 중촌동,중상사고,0,1,0,0,차대사람 - 횡단중,안전운전불이행,건조,맑음,단일로 - 기타,승용,남,43세,기타불명,보행자,남,76세,중상
2016101700100469,2016년 10월 17일 17시,월요일,대전광역시 대덕구 상서동,경상사고,0,0,1,0,차대차 - 측면충돌,안전운전불이행,건조,맑음,교차로 - 교차로안,승용,남,48세,상해없음,승용,남,52세,경상
2016101700100470,2016년 10월 17일 17시,월요일,대전광역시 유성구 갑동,부상신고사고,0,0,0,1,차대차 - 추돌,안전운전불이행,건조,맑음,단일로 - 기타,특수,남,59세,상해없음,승용,여,55세,상해없음
2016101700100519,2016년 10월 17일 18시,월요일,대전광역시 유성구 상대동,중상사고,0,1,2,0,차대차 - 추돌,안전운전불이행,건조,맑음,단일로 - 기타,승용,여,26세,경상,승용,여,32세,중상
2016101700100554,2016년 10월 17일 19시,월요일,대전광역시 동구 신안동,중상사고,0,1,0,0,차대사람 - 횡단중,보행자보호의무위반,건조,맑음,단일로 - 횡단보도상,승용,남,34세,상해없음,보행자,여,83세,중상
2016101700100555,2016년 10월 17일 19시,월요일,대전광역시 동구 대동,경상사고,0,0,1,0,차대차 - 기타,안전운전불이행,건조,맑음,단일로 - 기타,승용,남,64세,상해없음,승합,남,44세,상해없음
2016101700100556,2016년 10월 17일 19시,월요일,대전광역시 대덕구 오정동,경상사고,0,0,2,0,차대차 - 측면직각충돌,안전운전불이행,건조,맑음,교차로 - 교차로안,화물,남,61세,상해없음,승용,남,46세,경상
2016101700100557,2016년 10월 17일 19시,월요일,대전광역시 서구 갈마동,중상사고,0,1,0,0,차대차 - 측면직각충돌,신호위반,건조,맑음,교차로 - 교차로안,이륜,남,45세,중상,승용,남,23세,상해없음
2016101700100608,2016년 10월 17일 20시,월요일,대전광역시 중구 옥계동,경상사고,0,0,1,0,차대사람 - 보도통행중,기타,건조,맑음,단일로 - 기타,화물,남,55세,상해없음,보행자,여,58세,경상
2016101700100638,2016년 10월 17일 21시,월요일,대전광역시 중구 유천동,경상사고,0,0,2,0,차대차 - 측면직각충돌,안전거리미확보,건조,맑음,단일로 - 기타,승용,남,64세,상해없음,승용,남,21세,경상
2016101700100656,2016년 10월 17일 22시,월요일,대전광역시 유성구 봉명동,경상사고,0,0,1,0,차대사람 - 횡단중,보행자보호의무위반,건조,맑음,단일로 - 횡단보도상,승용,남,66세,상해없음,보행자,여,64세,경상
2016101700100679,2016년 10월 17일 23시,월요일,대전광역시 대덕구 읍내동,중상사고,0,1,0,0,차대차 - 측면직각충돌,안전운전불이행,건조,맑음,단일로 - 기타,승용,남,23세,상해없음,승용,남,58세,중상
2016101800100051,2016년 10월 18일 05시,화요일,대전광역시 대덕구 중리동,중상사고,0,1,0,0,차대차 - 측면직각충돌,안전운전불이행,건조,맑음,교차로 - 교차로부근,승용,남,48세,상해없음,자전거,남,51세,중상
2016101800100094,2016년 10월 18일 07시,화요일,대전광역시 서구 월평동,경상사고,0,0,1,0,차대차 - 측면직각충돌,안전운전불이행,건조,맑음,교차로 - 교차로부근,화물,남,57세,상해없음,자전거,남,61세,경상
2016101800100152,2016년 10월 18일 08시,화요일,대전광역시 유성구 지족동,경상사고,0,0,1,0,차대차 - 추돌,안전운전불이행,건조,맑음,단일로 - 기타,승용,남,43세,상해없음,승용,여,58세,경상
2016101800100153,2016년 10월 18일 08시,화요일,대전광역시 유성구 반석동,경상사고,0,0,1,0,차대차 - 기타,안전운전불이행,건조,맑음,교차로 - 교차로안,승합,여,42세,상해없음,승용,남,31세,경상
2016101800100181,2016년 10월 18일 09시,화요일,대전광역시 중구 은행동,경상사고,0,0,1,0,차량단독 - 공작물충돌,기타,건조,맑음,단일로 - 기타,승합,남,55세,상해없음,,,,
2016101800100182,2016년 10월 18일 09시,화요일,대전광역시 동구 중동,경상사고,0,0,2,0,차대차 - 추돌,안전운전불이행,건조,맑음,단일로 - 교량,승용,남,32세,상해없음,승합,남,53세,상해없음
2016101800100183,2016년 10월 18일 09시,화요일,대전광역시 서구 월평동,경상사고,0,0,1,0,차대차 - 기타,안전운전불이행,건조,맑음,교차로 - 교차로안,승용,여,61세,상해없음,승용,남,33세,경상
2016101800100184,2016년 10월 18일 09시,화요일,대전광역시 유성구 관평동,부상신고사고,0,0,0,16,차대차 - 추돌,차로위반,건조,맑음,교차로 - 교차로부근,승용,여,59세,상해없음,승용,남,68세,상해없음
2016101800100364,2016년 10월 18일 15시,화요일,대전광역시 중구 문화동,경상사고,0,0,1,0,차대사람 - 횡단중,보행자보호의무위반,건조,맑음,단일로 - 횡단보도상,승용,남,28세,상해없음,보행자,남,8세,경상
2016101800100365,2016년 10월 18일 15시,화요일,대전광역시 중구 문화동,경상사고,0,0,1,0,차대사람 - 길가장자리구역통행중,안전운전불이행,건조,맑음,단일로 - 기타,기타불명,기타불명,기타불명,기타불명,보행자,여,76세,경상
2016101800100396,2016년 10월 18일 16시,화요일,대전광역시 동구 대동,경상사고,0,0,1,0,차대차 - 측면충돌,교차로운행방법위반,건조,맑음,교차로 - 교차로안,승용,여,64세,상해없음,원동기,남,56세,경상
2016101800100397,2016년 10월 18일 16시,화요일,대전광역시 유성구 관평동,중상사고,0,1,1,0,차대차 - 측면충돌,안전운전불이행,건조,맑음,단일로 - 기타,승용,여,30세,상해없음,승용,남,32세,중상
2016101800100428,2016년 10월 18일 17시,화요일,대전광역시 대덕구 중리동,경상사고,0,0,3,1,차대차 - 추돌,안전거리미확보,건조,맑음,교차로 - 교차로부근,승용,남,56세,상해없음,승용,여,29세,경상
2016101800100429,2016년 10월 18일 17시,화요일,대전광역시 서구 괴정동,부상신고사고,0,0,0,1,차대차 - 측면충돌,안전운전불이행,건조,맑음,단일로 - 기타,자전거,남,60세,부상신고,승합,남,58세,상해없음
2016101800100487,2016년 10월 18일 18시,화요일,대전광역시 동구 신흥동,경상사고,0,0,1,0,차대차 - 추돌,안전운전불이행,건조,맑음,교차로 - 교차로안,승용,남,38세,상해없음,승용,남,22세,경상
2016101800100542,2016년 10월 18일 19시,화요일,대전광역시 동구 원동,경상사고,0,0,1,0,차대차 - 추돌,안전거리미확보,건조,맑음,교차로 - 교차로부근,승용,남,31세,상해없음,승용,남,46세,경상
2016101800100543,2016년 10월 18일 19시,화요일,대전광역시 서구 둔산동,중상사고,0,1,1,0,차대사람 - 횡단중,보행자보호의무위반,건조,맑음,단일로 - 횡단보도상,승용,남,49세,상해없음,보행자,여,54세,중상
2016101800100599,2016년 10월 18일 21시,화요일,대전광역시 유성구 신봉동,경상사고,0,0,1,0,차대사람 - 횡단중,보행자보호의무위반,건조,맑음,단일로 - 횡단보도부근,승용,남,55세,상해없음,보행자,여,19세,경상
2016101800100628,2016년 10월 18일 22시,화요일,대전광역시 중구 대흥동,경상사고,0,0,1,0,차대차 - 추돌,안전운전불이행,건조,흐림,교차로 - 교차로부근,승용,남,40세,상해없음,승용,여,43세,경상
2016101900100092,2016년 10월 19일 07시,수요일,대전광역시 서구 월평동,경상사고,0,0,1,0,차대차 - 측면직각충돌,안전운전불이행,습기,안개,교차로 - 교차로안,승용,남,61세,경상,화물,남,56세,상해없음
2016101900100129,2016년 10월 19일 08시,수요일,대전광역시 중구 오류동,경상사고,0,0,1,0,차대차 - 추돌,안전운전불이행,건조,맑음,교차로 - 교차로부근,화물,남,53세,상해없음,승용,남,56세,경상
2016101900100130,2016년 10월 19일 08시,수요일,대전광역시 중구 목동,경상사고,0,0,1,0,차대차 - 추돌,안전거리미확보,건조,맑음,교차로 - 교차로부근,승용,남,27세,상해없음,승용,남,40세,경상
2016101900100192,2016년 10월 19일 10시,수요일,대전광역시 동구 인동,경상사고,0,0,1,0,차대차 - 기타,신호위반,건조,맑음,교차로 - 교차로안,승용,남,55세,상해없음,자전거,남,55세,경상
2016101900100284,2016년 10월 19일 13시,수요일,대전광역시 서구 도마동,중상사고,0,1,0,0,차대차 - 측면충돌,안전운전불이행,건조,맑음,단일로 - 기타,승용,남,65세,상해없음,승용,남,23세,중상
2016101900100356,2016년 10월 19일 15시,수요일,대전광역시 중구 사정동,중상사고,0,1,0,0,차량단독 - 기타,안전운전불이행,건조,맑음,단일로 - 기타,승합,남,45세,상해없음,,,,
2016101900100357,2016년 10월 19일 15시,수요일,대전광역시 중구 유천동,중상사고,0,1,0,0,차대사람 - 횡단중,안전운전불이행,건조,맑음,단일로 - 횡단보도상,승용,남,74세,상해없음,보행자,여,78세,중상
2016101900100358,2016년 10월 19일 15시,수요일,대전광역시 서구 가수원동,중상사고,0,2,1,0,차대차 - 측면직각충돌,신호위반,건조,맑음,교차로 - 교차로안,승용,남,61세,상해없음,승합,남,58세,경상
2016101900100359,2016년 10월 19일 15시,수요일,대전광역시 서구 관저동,경상사고,0,0,1,0,차대차 - 추돌,안전운전불이행,건조,맑음,단일로 - 기타,승용,남,51세,상해없음,승용,여,47세,경상
2016101900100387,2016년 10월 19일 16시,수요일,대전광역시 중구 산성동,경상사고,0,0,1,0,차대차 - 추돌,안전운전불이행,건조,맑음,교차로 - 교차로부근,승용,남,70세,상해없음,승용,여,48세,경상
2016101900100388,2016년 10월 19일 16시,수요일,대전광역시 서구 탄방동,경상사고,0,0,1,0,차대차 - 측면직각충돌,안전운전불이행,건조,맑음,교차로 - 교차로부근,승용,여,51세,상해없음,승용,남,45세,경상
2016101900100503,2016년 10월 19일 18시,수요일,대전광역시 동구 효평동,경상사고,0,0,1,0,차대차 - 추돌,안전거리미확보,건조,맑음,단일로 - 기타,승용,남,38세,상해없음,농기계,남,51세,경상
2016101900100504,2016년 10월 19일 18시,수요일,대전광역시 서구 복수동,경상사고,0,0,1,0,차대차 - 기타,중앙선침범,건조,맑음,단일로 - 기타,승용,남,23세,상해없음,자전거,남,19세,경상
2016101900100505,2016년 10월 19일 18시,수요일,대전광역시 유성구 도룡동,중상사고,0,1,3,0,차대차 - 추돌,안전거리미확보,건조,맑음,단일로 - 기타,화물,남,43세,상해없음,승용,여,30세,중상
2016101900100554,2016년 10월 19일 19시,수요일,대전광역시 동구 용운동,경상사고,0,0,3,0,차대차 - 기타,안전거리미확보,건조,맑음,단일로 - 기타,승용,여,34세,기타불명,승합,남,47세,상해없음
2016101900100555,2016년 10월 19일 19시,수요일,대전광역시 대덕구 신대동,경상사고,0,0,1,0,차대차 - 추돌,안전운전불이행,건조,맑음,단일로 - 기타,승용,남,58세,상해없음,승용,남,67세,경상
2016101900100556,2016년 10월 19일 19시,수요일,대전광역시 유성구 반석동,경상사고,0,0,1,0,차대차 - 정면충돌,기타,건조,맑음,단일로 - 기타,승용,남,34세,상해없음,승용,여,56세,경상
2016101900100625,2016년 10월 19일 21시,수요일,대전광역시 서구 관저동,경상사고,0,0,1,0,차대사람 - 횡단중,안전운전불이행,건조,맑음,기타 - 기타,승용,여,52세,상해없음,보행자,여,32세,경상
2016101900100646,2016년 10월 19일 22시,수요일,대전광역시 서구 괴정동,경상사고,0,0,1,0,차대사람 - 길가장자리구역통행중,안전운전불이행,건조,맑음,단일로 - 기타,승용,남,46세,상해없음,보행자,남,27세,경상
2016101900100671,2016년 10월 19일 23시,수요일,대전광역시 동구 판암동,경상사고,0,0,1,0,차대차 - 추돌,안전운전불이행,건조,맑음,단일로 - 기타,승용,여,54세,경상,승용,기타불명,기타불명,기타불명
2016102000100013,2016년 10월 20일 00시,목요일,대전광역시 서구 탄방동,중상사고,0,1,0,0,차대사람 - 횡단중,안전운전불이행,건조,맑음,단일로 - 횡단보도상,승용,남,47세,상해없음,보행자,남,25세,중상
2016102000100026,2016년 10월 20일 01시,목요일,대전광역시 서구 둔산동,경상사고,0,0,2,0,차대차 - 측면직각충돌,신호위반,건조,맑음,교차로 - 교차로안,승용,남,50세,상해없음,승용,남,71세,경상
2016102000100051,2016년 10월 20일 05시,목요일,대전광역시 서구 도안동,중상사고,0,1,0,0,차대사람 - 횡단중,보행자보호의무위반,습기,안개,교차로 - 교차로안,승용,여,64세,상해없음,보행자,남,75세,중상
2016102000100097,2016년 10월 20일 07시,목요일,대전광역시 동구 성남동,경상사고,0,0,1,0,차대차 - 추돌,안전거리미확보,건조,맑음,단일로 - 기타,승용,남,45세,상해없음,승용,남,70세,경상
2016102000100131,2016년 10월 20일 08시,목요일,대전광역시 유성구 신성동,경상사고,0,0,1,0,차대사람 - 횡단중,안전운전불이행,건조,맑음,교차로 - 교차로안,기타불명,기타불명,기타불명,기타불명,보행자,여,20세,경상
2016102000100132,2016년 10월 20일 08시,목요일,대전광역시 유성구 궁동,경상사고,0,0,1,0,차대차 - 추돌,안전운전불이행,건조,맑음,교차로 - 교차로부근,승용,여,42세,상해없음,승용,남,39세,경상
2016102000100222,2016년 10월 20일 11시,목요일,대전광역시 대덕구 오정동,경상사고,0,0,1,0,차대차 - 정면충돌,교차로운행방법위반,건조,맑음,교차로 - 교차로안,승용,남,54세,상해없음,승용,남,52세,상해없음
2016102000100244,2016년 10월 20일 12시,목요일,대전광역시 서구 변동,경상사고,0,0,2,0,차대차 - 추돌,안전운전불이행,건조,맑음,교차로 - 교차로안,승용,남,81세,상해없음,승용,여,36세,경상
2016102000100245,2016년 10월 20일 12시,목요일,대전광역시 서구 둔산동,경상사고,0,0,1,0,차대차 - 측면직각충돌,교차로운행방법위반,건조,맑음,교차로 - 교차로안,승용,남,59세,상해없음,승용,여,42세,경상
2016102000100270,2016년 10월 20일 13시,목요일,대전광역시 중구 선화동,중상사고,0,1,0,0,차량단독 - 기타,안전운전불이행,건조,맑음,단일로 - 기타,승합,남,46세,상해없음,,,,
2016102000100327,2016년 10월 20일 15시,목요일,대전광역시 동구 정동,부상신고사고,0,0,0,1,차대차 - 기타,안전운전불이행,건조,맑음,단일로 - 기타,승용,남,56세,상해없음,이륜,남,44세,부상신고
2016102000100328,2016년 10월 20일 15시,목요일,대전광역시 대덕구 오정동,경상사고,0,0,1,0,차대사람 - 기타,안전운전불이행,건조,맑음,단일로 - 기타,화물,남,59세,상해없음,보행자,남,81세,경상
2016102000100357,2016년 10월 20일 16시,목요일,대전광역시 동구 정동,경상사고,0,0,2,0,차대차 - 측면직각충돌,중앙선침범,건조,맑음,단일로 - 기타,승용,남,62세,상해없음,승용,여,50세,경상
2016102000100358,2016년 10월 20일 16시,목요일,대전광역시 유성구 전민동,경상사고,0,0,1,0,차대차 - 측면직각충돌,직진우회전진행방해,건조,맑음,교차로 - 교차로안,승용,여,69세,상해없음,승용,남,36세,경상
2016102000100397,2016년 10월 20일 17시,목요일,대전광역시 중구 석교동,중상사고,0,1,0,0,차대차 - 측면직각충돌,교차로운행방법위반,건조,맑음,교차로 - 교차로안,화물,남,30세,상해없음,원동기,여,60세,중상
2016102000100398,2016년 10월 20일 17시,목요일,대전광역시 중구 대흥동,중상사고,0,1,0,0,차대차 - 기타,안전운전불이행,건조,맑음,단일로 - 기타,화물,남,50세,상해없음,원동기,남,36세,중상
2016102000100399,2016년 10월 20일 17시,목요일,대전광역시 유성구 죽동,경상사고,0,0,1,0,차대차 - 추돌,안전운전불이행,건조,맑음,단일로 - 기타,승용,여,40세,상해없음,승용,남,25세,경상
2016102000100465,2016년 10월 20일 18시,목요일,대전광역시 대덕구 법동,중상사고,0,1,0,0,차대사람 - 차도통행중,안전운전불이행,건조,맑음,교차로 - 교차로안,승용,남,46세,상해없음,보행자,여,69세,중상
2016102000100466,2016년 10월 20일 18시,목요일,대전광역시 유성구 관평동,중상사고,0,1,0,0,차대차 - 측면충돌,기타,건조,맑음,교차로 - 교차로부근,승용,남,60세,기타불명,이륜,남,41세,중상
2016102000100534,2016년 10월 20일 20시,목요일,대전광역시 서구 갈마동,부상신고사고,0,0,0,1,차대사람 - 횡단중,안전운전불이행,건조,맑음,교차로 - 교차로부근,승용,여,44세,상해없음,보행자,여,58세,부상신고
2016102000100575,2016년 10월 20일 21시,목요일,대전광역시 중구 부사동,중상사고,0,1,0,0,차대차 - 측면충돌,안전운전불이행,건조,맑음,단일로 - 기타,승용,남,50세,상해없음,자전거,남,51세,중상
2016102000100576,2016년 10월 20일 21시,목요일,대전광역시 동구 천동,중상사고,0,1,0,0,차대사람 - 보도통행중,기타,건조,맑음,단일로 - 기타,승용,남,52세,상해없음,보행자,남,36세,중상
2016102000100603,2016년 10월 20일 22시,목요일,대전광역시 중구 대흥동,경상사고,0,0,2,0,차대차 - 추돌,안전운전불이행,건조,맑음,교차로 - 교차로부근,승용,남,55세,상해없음,승용,남,52세,경상
2016102000100604,2016년 10월 20일 22시,목요일,대전광역시 대덕구 송촌동,경상사고,0,0,1,0,차대사람 - 횡단중,안전운전불이행,건조,맑음,교차로 - 교차로안,승용,남,73세,상해없음,보행자,여,15세,경상