사고번호,사고일시,요일,시군구,사고내용,사망자수,중상자수,경상자수,부상신고자수,사고유형,법규위반,노면상태,기상상태,도로형태,가해운전자 차종,가해운전자 성별,가해운전자 연령,가해운전자 상해정도,피해운전자 차종,피해운전자 성별,피해운전자 연령,피해운전자 상해정도
2016111800100139,2016년 11월 18일 08시,금요일,대전광역시 동구 신흥동,경상사고,0,0,1,0,차대차 - 측면충돌,교차로운행방법위반,건조,맑음,교차로 - 교차로안,화물,남,55세,상해없음,승용,남,43세,상해없음
2016111800100140,2016년 11월 18일 08시,금요일,대전광역시 서구 둔산동,부상신고사고,0,0,0,1,차대차 - 추돌,안전운전불이행,건조,맑음,단일로 - 기타,승용,남,71세,상해없음,승용,남,37세,부상신고
2016111800100201,2016년 11월 18일 10시,금요일,대전광역시 중구 문창동,중상사고,0,1,1,0,차대차 - 추돌,안전운전불이행,건조,맑음,단일로 - 기타,원동기,남,54세,중상,화물,남,55세,상해없음
2016111800100225,2016년 11월 18일 11시,금요일,대전광역시 서구 둔산동,경상사고,0,0,1,0,차대차 - 추돌,안전운전불이행,건조,맑음,교차로 - 교차로부근,승용,여,32세,상해없음,승용,남,42세,상해없음
2016111800100270,2016년 11월 18일 12시,금요일,대전광역시 유성구 죽동,경상사고,0,0,1,0,차대차 - 기타,안전운전불이행,건조,맑음,단일로 - 기타,승용,여,29세,상해없음,자전거,남,41세,경상
2016111800100334,2016년 11월 18일 14시,금요일,대전광역시 동구 대성동,경상사고,0,0,3,0,차대차 - 정면충돌,안전거리미확보,건조,맑음,단일로 - 기타,승용,남,57세,상해없음,승용,여,35세,경상
2016111800100335,2016년 11월 18일 14시,금요일,대전광역시 동구 판암동,중상사고,0,1,0,0,차량단독 - 기타,안전운전불이행,건조,맑음,단일로 - 기타,승합,남,48세,상해없음,,,,
2016111800100336,2016년 11월 18일 14시,금요일,대전광역시 서구 관저동,중상사고,0,2,0,0,차대차 - 정면충돌,중앙선침범,건조,맑음,단일로 - 기타,승용,여,54세,상해없음,승용,남,69세,중상
2016111800100337,2016년 11월 18일 14시,금요일,대전광역시 유성구 봉명동,경상사고,0,0,1,0,차대차 - 기타,안전운전불이행,건조,맑음,단일로 - 기타,승용,남,72세,상해없음,승용,여,48세,경상
2016111800100364,2016년 11월 18일 15시,금요일,대전광역시 유성구 봉명동,경상사고,0,0,1,0,차대차 - 기타,교차로운행방법위반,습기,비,교차로 - 교차로안,승용,남,26세,상해없음,이륜,남,67세,경상
2016111800100365,2016년 11월 18일 15시,금요일,대전광역시 유성구 하기동,경상사고,0,0,2,0,차대차 - 추돌,안전운전불이행,건조,맑음,단일로 - 기타,승용,남,56세,상해없음,승용,남,37세,경상
2016111800100412,2016년 11월 18일 16시,금요일,대전광역시 중구 오류동,중상사고,0,1,0,0,차대차 - 측면직각충돌,안전운전불이행,건조,맑음,단일로 - 기타,승용,남,50세,상해없음,자전거,남,16세,중상
2016111800100413,2016년 11월 18일 16시,금요일,대전광역시 대덕구 법동,경상사고,0,0,1,0,차대사람 - 횡단중,안전운전불이행,습기,비,교차로 - 교차로안,이륜,남,26세,상해없음,보행자,여,75세,경상
2016111800100557,2016년 11월 18일 18시,금요일,대전광역시 중구 선화동,경상사고,0,0,1,0,차대사람 - 차도통행중,안전운전불이행,습기,비,교차로 - 교차로부근,승용,남,56세,상해없음,보행자,여,32세,경상
2016111800100559,2016년 11월 18일 18시,금요일,대전광역시 서구 둔산동,중상사고,0,1,0,0,차대사람 - 횡단중,안전운전불이행,습기,비,단일로 - 횡단보도부근,승합,남,32세,상해없음,보행자,남,39세,중상
2016111800100629,2016년 11월 18일 19시,금요일,대전광역시 중구 유천동,경상사고,0,0,1,0,차대차 - 정면충돌,안전운전불이행,습기,비,단일로 - 기타,승용,여,27세,상해없음,화물,남,62세,경상
2016111800100631,2016년 11월 18일 19시,금요일,대전광역시 동구 용전동,경상사고,0,0,1,0,차대차 - 측면충돌,교차로운행방법위반,습기,비,교차로 - 교차로안,승용,남,40세,상해없음,승용,여,57세,경상
2016111800100632,2016년 11월 18일 19시,금요일,대전광역시 동구 가양동,경상사고,0,0,1,0,차대사람 - 횡단중,안전운전불이행,습기,비,단일로 - 기타,승용,남,39세,상해없음,보행자,여,44세,경상
2016111800100633,2016년 11월 18일 19시,금요일,대전광역시 서구 관저동,경상사고,0,0,1,0,차대사람 - 횡단중,신호위반,습기,비,단일로 - 횡단보도상,이륜,남,35세,상해없음,보행자,남,13세,경상
2016111800100726,2016년 11월 18일 21시,금요일,대전광역시 중구 선화동,중상사고,0,1,0,0,차대사람 - 차도통행중,안전운전불이행,습기,비,단일로 - 기타,승용,남,34세,상해없음,보행자,여,48세,중상
2016111900100081,2016년 11월 19일 03시,토요일,대전광역시 서구 가수원동,경상사고,0,0,1,0,차대차 - 추돌,안전거리미확보,건조,맑음,단일로 - 횡단보도상,승용,남,57세,상해없음,승용,남,46세,경상
2016111900100082,2016년 11월 19일 03시,토요일,대전광역시 유성구 송강동,사망사고,2,1,0,0,차대차 - 정면충돌,중앙선침범,건조,맑음,단일로 - 기타,승용,남,23세,사망,승용,여,49세,중상
2016111900100120,2016년 11월 19일 06시,토요일,대전광역시 대덕구 읍내동,경상사고,0,0,1,0,차대차 - 추돌,신호위반,건조,맑음,교차로 - 교차로안,승용,남,55세,상해없음,승용,남,62세,경상
2016111900100223,2016년 11월 19일 10시,토요일,대전광역시 서구 월평동,중상사고,0,1,0,0,차대차 - 기타,안전운전불이행,건조,맑음,교차로 - 교차로안,승용,남,31세,상해없음,이륜,남,37세,중상
2016111900100295,2016년 11월 19일 12시,토요일,대전광역시 서구 둔산동,중상사고,0,1,0,0,차대차 - 기타,안전운전불이행,건조,맑음,교차로 - 교차로안,승용,여,43세,상해없음,이륜,남,37세,중상
2016111900100342,2016년 11월 19일 13시,토요일,대전광역시 서구 둔산동,경상사고,0,0,2,0,차대차 - 기타,안전거리미확보,건조,맑음,교차로 - 교차로부근,승용,남,39세,상해없음,승용,여,30세,경상
2016111900100417,2016년 11월 19일 15시,토요일,대전광역시 중구 은행동,경상사고,0,0,1,0,차대사람 - 보도통행중,안전운전불이행,건조,맑음,단일로 - 기타,승용,남,48세,상해없음,보행자,남,56세,경상
2016111900100503,2016년 11월 19일 17시,토요일,대전광역시 서구 관저동,사망사고,1,0,0,0,차대사람 - 횡단중,안전운전불이행,건조,흐림,단일로 - 횡단보도상,승용,남,66세,상해없음,보행자,남,69세,사망
2016111900100504,2016년 11월 19일 17시,토요일,대전광역시 서구 월평동,중상사고,0,1,0,0,차량단독 - 기타,기타,건조,맑음,단일로 - 기타,승합,남,49세,상해없음,,,,
2016111900100559,2016년 11월 19일 18시,토요일,대전광역시 중구 중촌동,중상사고,0,1,0,0,차대차 - 측면직각충돌,안전운전불이행,건조,맑음,교차로 - 교차로안,승용,남,39세,상해없음,원동기,남,23세,중상
2016111900100560,2016년 11월 19일 18시,토요일,대전광역시 중구 유천동,경상사고,0,0,1,0,차대차 - 추돌,안전거리미확보,건조,맑음,단일로 - 기타,승용,여,47세,상해없음,승용,여,35세,경상
2016111900100561,2016년 11월 19일 18시,토요일,대전광역시 대덕구 신일동,경상사고,0,0,2,0,차대차 - 측면충돌,교차로운행방법위반,건조,맑음,단일로 - 기타,승용,남,56세,상해없음,승용,남,28세,경상
2016111900100562,2016년 11월 19일 18시,토요일,대전광역시 유성구 궁동,경상사고,0,0,2,0,차대차 - 기타,안전운전불이행,건조,맑음,단일로 - 기타,이륜,남,22세,경상,승용,남,57세,경상
2016111900100563,2016년 11월 19일 18시,토요일,대전광역시 유성구 지족동,경상사고,0,0,1,0,차대차 - 기타,안전운전불이행,건조,맑음,단일로 - 기타,승용,남,58세,상해없음,승용,남,32세,경상
2016111900100564,2016년 11월 19일 18시,토요일,대전광역시 유성구 봉명동,경상사고,0,0,1,0,차대차 - 기타,안전운전불이행,건조,맑음,단일로 - 기타,승용,여,45세,상해없음,승용,남,44세,경상
2016111900100659,2016년 11월 19일 20시,토요일,대전광역시 중구 유천동,경상사고,0,0,1,0,차대사람 - 횡단중,중앙선침범,습기,비,단일로 - 기타,승용,남,47세,상해없음,보행자,여,58세,경상
2016111900100712,2016년 11월 19일 22시,토요일,대전광역시 서구 둔산동,중상사고,0,1,0,0,차대차 - 추돌,안전거리미확보,습기,비,단일로 - 기타,승용,남,34세,상해없음,이륜,남,51세,중상
2016111900100713,2016년 11월 19일 22시,토요일,대전광역시 서구 둔산동,경상사고,0,0,1,0,차대사람 - 길가장자리구역통행중,안전운전불이행,건조,맑음,단일로 - 기타,승용,남,24세,상해없음,보행자,남,26세,경상
2016111900100714,2016년 11월 19일 22시,토요일,대전광역시 유성구 하기동,경상사고,0,0,1,0,차량단독 - 전도전복,안전운전불이행,습기,비,단일로 - 기타,이륜,남,17세,상해없음,,,,
2016111900100715,2016년 11월 19일 22시,토요일,대전광역시 유성구 봉명동,경상사고,0,0,1,0,차대차 - 측면직각충돌,안전거리미확보,건조,맑음,단일로 - 기타,승용,여,48세,상해없음,승용,남,56세,상해없음
2016111900100741,2016년 11월 19일 23시,토요일,대전광역시 유성구 원신흥동,경상사고,0,0,4,0,차대차 - 추돌,안전운전불이행,건조,흐림,단일로 - 기타,승용,남,55세,상해없음,승용,남,66세,경상
2016112000100052,2016년 11월 20일 02시,일요일,대전광역시 대덕구 중리동,사망사고,1,0,0,0,차량단독 - 전도전복,안전운전불이행,습기,흐림,교차로 - 교차로부근,승용,남,25세,사망,,,,
2016112000100162,2016년 11월 20일 10시,일요일,대전광역시 대덕구 중리동,경상사고,0,0,1,0,차대차 - 기타,안전운전불이행,건조,맑음,단일로 - 기타,기타불명,기타불명,기타불명,기타불명,화물,남,71세,경상
2016112000100191,2016년 11월 20일 11시,일요일,대전광역시 서구 용문동,경상사고,0,0,1,0,차대사람 - 차도통행중,안전운전불이행,건조,맑음,단일로 - 기타,화물,남,55세,상해없음,보행자,남,43세,경상
2016112000100192,2016년 11월 20일 11시,일요일,대전광역시 유성구 궁동,경상사고,0,0,2,0,차대차 - 추돌,안전운전불이행,건조,맑음,단일로 - 기타,화물,남,60세,상해없음,승용,남,28세,경상
2016112000100219,2016년 11월 20일 12시,일요일,대전광역시 중구 선화동,경상사고,0,0,2,0,차대차 - 측면직각충돌,안전운전불이행,건조,맑음,교차로 - 교차로안,승용,남,67세,상해없음,승용,남,43세,경상
2016112000100255,2016년 11월 20일 13시,일요일,대전광역시 서구 만년동,경상사고,0,0,1,0,차대사람 - 횡단중,보행자보호의무위반,건조,맑음,단일로 - 기타,승용,남,47세,상해없음,보행자,남,7세,경상
2016112000100282,2016년 11월 20일 14시,일요일,대전광역시 유성구 장대동,경상사고,0,0,1,0,차대사람 - 횡단중,보행자보호의무위반,건조,맑음,교차로 - 교차로부근,승용,남,49세,상해없음,보행자,남,72세,경상
2016112000100314,2016년 11월 20일 15시,일요일,대전광역시 유성구 관평동,부상신고사고,0,0,0,1,차대사람 - 차도통행중,안전운전불이행,건조,맑음,단일로 - 기타,자전거,남,13세,기타불명,보행자,남,82세,부상신고
2016112000100387,2016년 11월 20일 17시,일요일,대전광역시 서구 탄방동,경상사고,0,0,4,0,차대차 - 기타,신호위반,건조,맑음,교차로 - 교차로안,이륜,남,56세,기타불명,승용,남,33세,경상
2016112000100412,2016년 11월 20일 18시,일요일,대전광역시 대덕구 신대동,중상사고,0,2,4,0,차대차 - 정면충돌,안전운전불이행,건조,맑음,단일로 - 기타,승용,여,44세,상해없음,승용,남,31세,중상
2016112000100429,2016년 11월 20일 18시,일요일,대전광역시 동구 자양동,중상사고,0,1,0,0,차대사람 - 횡단중,안전운전불이행,건조,맑음,단일로 - 기타,승용,남,32세,상해없음,보행자,남,42세,중상
2016112000100458,2016년 11월 20일 19시,일요일,대전광역시 유성구 봉명동,경상사고,0,0,5,0,차대차 - 추돌,안전운전불이행,건조,맑음,단일로 - 기타,승용,남,50세,상해없음,승용,여,27세,경상
2016112000100484,2016년 11월 20일 20시,일요일,대전광역시 서구 만년동,경상사고,0,0,3,0,차대차 - 추돌,안전운전불이행,건조,맑음,단일로 - 기타,승용,여,34세,상해없음,승용,여,35세,경상
2016112000100501,2016년 11월 20일 21시,일요일,대전광역시 유성구 봉명동,경상사고,0,0,3,0,차대차 - 추돌,안전운전불이행,건조,맑음,단일로 - 기타,승용,남,32세,상해없음,승용,남,46세,경상
2016112000100531,2016년 11월 20일 22시,일요일,대전광역시 동구 중동,경상사고,0,0,1,0,차대차 - 측면충돌,신호위반,습기,비,교차로 - 교차로안,승용,남,26세,상해없음,승용,남,26세,경상
2016112000100532,2016년 11월 20일 22시,일요일,대전광역시 동구 인동,경상사고,0,0,4,0,차대차 - 추돌,안전운전불이행,건조,맑음,교차로 - 교차로안,승용,남,37세,상해없음,승용,남,53세,경상
2016112100100019,2016년 11월 21일 01시,월요일,대전광역시 중구 오류동,경상사고,0,0,1,0,차대차 - 추돌,안전운전불이행,건조,맑음,교차로 - 교차로부근,승용,남,42세,상해없음,승용,남,28세,경상
2016112100100061,2016년 11월 21일 06시,월요일,대전광역시 중구 선화동,경상사고,0,0,1,0,차대차 - 측면직각충돌,신호위반,건조,맑음,단일로 - 기타,화물,남,48세,상해없음,승용,남,58세,경상
2016112100100062,2016년 11월 21일 06시,월요일,대전광역시 동구 인동,중상사고,0,1,0,0,차대차 - 측면충돌,안전운전불이행,건조,맑음,교차로 - 교차로부근,승합,남,68세,상해없음,자전거,남,69세,중상
2016112100100119,2016년 11월 21일 08시,월요일,대전광역시 동구 인동,경상사고,0,0,1,0,차대사람 - 길가장자리구역통행중,안전운전불이행,건조,맑음,단일로 - 기타,승용,여,53세,상해없음,보행자,여,73세,경상
2016112100100120,2016년 11월 21일 08시,월요일,대전광역시 서구 도마동,경상사고,0,0,2,0,차대차 - 정면충돌,교차로운행방법위반,건조,맑음,교차로 - 교차로안,화물,남,36세,상해없음,승용,남,43세,경상
2016112100100121,2016년 11월 21일 08시,월요일,대전광역시 대덕구 대화동,경상사고,0,0,1,0,차대차 - 측면직각충돌,신호위반,건조,맑음,교차로 - 교차로부근,승용,여,29세,상해없음,자전거,남,55세,경상
2016112100100122,2016년 11월 21일 08시,월요일,대전광역시 유성구 용계동,경상사고,0,0,1,0,차대차 - 측면직각충돌,신호위반,건조,맑음,교차로 - 교차로안,원동기,남,56세,상해없음,승용,여,33세,경상
2016112100100163,2016년 11월 21일 09시,월요일,대전광역시 중구 대흥동,경상사고,0,0,1,0,차대사람 - 횡단중,신호위반,건조,맑음,교차로 - 교차로안,승용,여,58세,상해없음,보행자,여,27세,경상
2016112100100164,2016년 11월 21일 09시,월요일,대전광역시 중구 선화동,중상사고,0,1,0,0,차대사람 - 횡단중,안전운전불이행,건조,맑음,단일로 - 횡단보도부근,화물,남,73세,상해없음,보행자,여,27세,중상
2016112100100165,2016년 11월 21일 09시,월요일,대전광역시 서구 복수동,경상사고,0,0,1,0,차대차 - 정면충돌,안전운전불이행,건조,맑음,단일로 - 기타,승용,여,42세,상해없음,승용,여,37세,경상
2016112100100166,2016년 11월 21일 09시,월요일,대전광역시 유성구 구암동,중상사고,0,1,0,0,차대차 - 측면직각충돌,안전거리미확보,건조,맑음,단일로 - 기타,승합,남,57세,상해없음,화물,남,51세,중상
2016112100100202,2016년 11월 21일 10시,월요일,대전광역시 서구 내동,부상신고사고,0,0,0,1,차대사람 - 길가장자리구역통행중,안전운전불이행,건조,맑음,단일로 - 기타,기타불명,기타불명,기타불명,기타불명,보행자,여,76세,부상신고
2016112100100261,2016년 11월 21일 12시,월요일,대전광역시 서구 둔산동,경상사고,0,0,1,0,차대차 - 기타,안전운전불이행,건조,맑음,교차로 - 교차로부근,승용,남,24세,상해없음,승합,남,38세,상해없음
2016112100100323,2016년 11월 21일 14시,월요일,대전광역시 유성구 궁동,중상사고,0,1,0,0,차대차 - 측면직각충돌,교차로운행방법위반,습기,비,교차로 - 교차로안,원동기,남,28세,상해없음,자전거,남,69세,중상
2016112100100446,2016년 11월 21일 17시,월요일,대전광역시 유성구 장대동,부상신고사고,0,0,0,1,차대사람 - 차도통행중,기타,건조,맑음,단일로 - 기타,화물,기타불명,기타불명,기타불명,보행자,남,55세,부상신고
2016112100100500,2016년 11월 21일 18시,월요일,대전광역시 중구 유천동,경상사고,0,0,1,0,차대차 - 기타,안전거리미확보,건조,맑음,교차로 - 교차로부근,승용,여,60세,상해없음,원동기,남,39세,경상
2016112100100501,2016년 11월 21일 18시,월요일,대전광역시 중구 선화동,경상사고,0,0,3,0,차대차 - 추돌,안전운전불이행,건조,맑음,교차로 - 교차로부근,승용,남,76세,상해없음,승용,남,52세,경상
2016112100100502,2016년 11월 21일 18시,월요일,대전광역시 동구 판암동,경상사고,0,0,1,0,차대차 - 측면충돌,안전운전불이행,건조,맑음,단일로 - 기타,승용,여,54세,상해없음,자전거,남,59세,경상
2016112100100503,2016년 11월 21일 18시,월요일,대전광역시 유성구 용산동,경상사고,0,0,2,1,차대차 - 추돌,안전운전불이행,건조,맑음,교차로 - 교차로부근,승용,남,39세,경상,승용,남,45세,경상
2016112100100504,2016년 11월 21일 18시,월요일,대전광역시 유성구 용산동,경상사고,0,0,1,0,차대차 - 측면충돌,신호위반,건조,맑음,교차로 - 교차로안,승용,남,38세,상해없음,승용,남,54세,경상
2016112100100541,2016년 11월 21일 19시,월요일,대전광역시 중구 용두동,경상사고,0,0,1,0,차대차 - 측면직각충돌,안전운전불이행,건조,맑음,단일로 - 기타,승용,남,35세,상해없음,승용,남,41세,경상
2016112100100542,2016년 11월 21일 19시,월요일,대전광역시 서구 정림동,사망사고,1,0,0,0,차대차 - 정면충돌,안전운전불이행,건조,맑음,교차로 - 교차로안,승용,남,32세,상해없음,이륜,남,52세,사망
2016112100100543,2016년 11월 21일 19시,월요일,대전광역시 서구 둔산동,경상사고,0,0,1,0,차대차 - 기타,안전거리미확보,건조,맑음,단일로 - 기타,승용,남,25세,상해없음,이륜,남,24세,경상
2016112100100544,2016년 11월 21일 19시,월요일,대전광역시 서구 월평동,경상사고,0,0,1,0,차대차 - 기타,안전운전불이행,건조,맑음,단일로 - 기타,승용,남,49세,상해없음,승용,여,55세,경상
2016112100100569,2016년 11월 21일 20시,월요일,대전광역시 중구 문화동,경상사고,0,0,1,0,차대사람 - 횡단중,보행자보호의무위반,건조,흐림,교차로 - 교차로부근,기타불명,기타불명,기타불명,기타불명,보행자,남,18세,경상
2016112100100593,2016년 11월 21일 21시,월요일,대전광역시 서구 둔산동,경상사고,0,0,1,0,차대사람 - 기타,안전운전불이행,건조,맑음,단일로 - 기타,승용,남,46세,상해없음,보행자,남,69세,경상
2016112100100620,2016년 11월 21일 22시,월요일,대전광역시 서구 괴정동,중상사고,0,4,12,0,차대차 - 추돌,안전운전불이행,건조,맑음,단일로 - 기타,승용,여,33세,상해없음,승합,남,56세,상해없음
2016112100100621,2016년 11월 21일 22시,월요일,대전광역시 서구 둔산동,경상사고,0,0,1,0,차대사람 - 횡단중,안전운전불이행,건조,맑음,단일로 - 기타,승용,여,22세,상해없음,보행자,여,23세,경상
2016112100100638,2016년 11월 21일 23시,월요일,대전광역시 동구 용운동,경상사고,0,0,1,0,차대차 - 정면충돌,안전거리미확보,건조,맑음,교차로 - 교차로부근,승용,남,30세,기타불명,원동기,남,55세,경상
2016112200100015,2016년 11월 22일 00시,화요일,대전광역시 대덕구 석봉동,중상사고,0,1,0,0,차대차 - 추돌,안전운전불이행,건조,맑음,교차로 - 교차로부근,승용,남,46세,상해없음,승용,남,38세,중상
2016112200100039,2016년 11월 22일 04시,화요일,대전광역시 유성구 화암동,중상사고,0,2,0,0,차량단독 - 전도전복,안전운전불이행,건조,맑음,단일로 - 기타,승용,남,52세,중상,,,,
2016112200100067,2016년 11월 22일 06시,화요일,대전광역시 동구 성남동,중상사고,0,1,0,0,차대차 - 측면충돌,신호위반,건조,맑음,교차로 - 교차로안,화물,남,47세,상해없음,원동기,남,63세,중상
2016112200100068,2016년 11월 22일 06시,화요일,대전광역시 유성구 원내동,중상사고,0,1,0,0,차대차 - 측면충돌,교차로운행방법위반,건조,맑음,교차로 - 교차로안,승용,남,61세,상해없음,이륜,남,60세,중상
2016112200100087,2016년 11월 22일 07시,화요일,대전광역시 대덕구 비래동,중상사고,0,1,0,0,차대차 - 정면충돌,신호위반,건조,맑음,교차로 - 교차로안,승용,남,54세,상해없음,승합,남,43세,중상
2016112200100088,2016년 11월 22일 07시,화요일,대전광역시 대덕구 목상동,중상사고,0,1,0,0,차대차 - 측면충돌,교차로운행방법위반,건조,맑음,교차로 - 교차로안,승합,남,28세,상해없음,자전거,여,23세,중상
2016112200100121,2016년 11월 22일 08시,화요일,대전광역시 서구 갈마동,경상사고,0,0,1,0,차대사람 - 길가장자리구역통행중,안전운전불이행,건조,맑음,단일로 - 기타,기타불명,기타불명,기타불명,기타불명,보행자,여,13세,경상
2016112200100171,2016년 11월 22일 10시,화요일,대전광역시 대덕구 중리동,경상사고,0,0,1,0,차대차 - 측면충돌,교차로운행방법위반,건조,맑음,교차로 - 교차로안,승용,남,26세,상해없음,승용,여,43세,경상
2016112200100218,2016년 11월 22일 12시,화요일,대전광역시 유성구 죽동,경상사고,0,0,1,0,차대차 - 추돌,안전운전불이행,건조,맑음,단일로 - 기타,화물,남,49세,상해없음,승용,여,48세,경상
2016112200100301,2016년 11월 22일 15시,화요일,대전광역시 중구 오류동,경상사고,0,0,3,0,차대차 - 추돌,안전운전불이행,건조,맑음,단일로 - 기타,승용,남,22세,상해없음,승용,여,74세,경상
2016112200100302,2016년 11월 22일 15시,화요일,대전광역시 유성구 신성동,경상사고,0,0,1,0,차대사람 - 횡단중,안전운전불이행,건조,맑음,교차로 - 교차로부근,승용,남,52세,기타불명,보행자,여,57세,경상
2016112200100331,2016년 11월 22일 16시,화요일,대전광역시 서구 둔산동,경상사고,0,0,1,0,차대사람 - 기타,안전운전불이행,건조,맑음,단일로 - 기타,승용,여,30세,상해없음,보행자,남,53세,경상
2016112200100375,2016년 11월 22일 17시,화요일,대전광역시 대덕구 대화동,경상사고,0,0,2,0,차대차 - 추돌,안전운전불이행,건조,맑음,단일로 - 기타,승용,남,54세,기타불명,화물,남,51세,경상
2016112200100376,2016년 11월 22일 17시,화요일,대전광역시 서구 탄방동,경상사고,0,0,3,1,차대차 - 측면직각충돌,안전거리미확보,건조,맑음,단일로 - 횡단보도부근,승용,남,70세,상해없음,승용,남,71세,경상
2016112200100377,2016년 11월 22일 17시,화요일,대전광역시 서구 월평동,경상사고,0,0,1,0,차대사람 - 횡단중,안전운전불이행,건조,맑음,단일로 - 횡단보도상,승합,남,52세,상해없음,보행자,남,54세,경상
2016112200100378,2016년 11월 22일 17시,화요일,대전광역시 서구 둔산동,중상사고,0,1,0,0,차대사람 - 횡단중,안전운전불이행,건조,맑음,단일로 - 기타,승용,남,35세,상해없음,보행자,여,25세,중상
2016112200100434,2016년 11월 22일 18시,화요일,대전광역시 중구 산성동,중상사고,0,1,0,0,차대사람 - 횡단중,안전운전불이행,건조,맑음,단일로 - 기타,승용,남,63세,상해없음,보행자,여,61세,중상
2016112200100435,2016년 11월 22일 18시,화요일,대전광역시 대덕구 읍내동,사망사고,1,0,0,0,차대사람 - 기타,안전운전불이행,건조,맑음,단일로 - 기타,승용,남,53세,상해없음,보행자,여,54세,사망
2016112200100436,2016년 11월 22일 18시,화요일,대전광역시 서구 둔산동,경상사고,0,0,1,0,차대사람 - 길가장자리구역통행중,안전운전불이행,건조,맑음,교차로 - 교차로안,승용,남,36세,상해없음,보행자,여,68세,경상
2016112200100437,2016년 11월 22일 18시,화요일,대전광역시 서구 갈마동,경상사고,0,0,1,0,차대차 - 추돌,안전운전불이행,건조,맑음,단일로 - 기타,승용,남,23세,상해없음,화물,여,56세,경상
2016112200100479,2016년 11월 22일 19시,화요일,대전광역시 중구 태평동,경상사고,0,0,1,0,차대차 - 정면충돌,신호위반,건조,흐림,교차로 - 교차로안,화물,남,64세,상해없음,승용,남,27세,경상
2016112200100480,2016년 11월 22일 19시,화요일,대전광역시 유성구 봉명동,경상사고,0,0,1,0,차대차 - 측면직각충돌,신호위반,건조,맑음,교차로 - 교차로안,승용,여,62세,상해없음,승용,남,46세,경상
2016112200100510,2016년 11월 22일 20시,화요일,대전광역시 유성구 궁동,경상사고,0,0,1,0,차대사람 - 길가장자리구역통행중,안전운전불이행,건조,맑음,단일로 - 기타,승용,남,23세,기타불명,보행자,남,30세,경상
2016112200100559,2016년 11월 22일 22시,화요일,대전광역시 서구 도마동,경상사고,0,0,1,0,차대차 - 기타,교차로운행방법위반,건조,맑음,교차로 - 교차로안,승합,남,57세,상해없음,승용,남,59세,상해없음
2016112300100035,2016년 11월 23일 01시,수요일,대전광역시 유성구 어은동,경상사고,0,0,1,0,차대차 - 기타,안전운전불이행,건조,맑음,교차로 - 교차로안,승용,남,50세,상해없음,자전거,남,31세,경상
2016112300100108,2016년 11월 23일 07시,수요일,대전광역시 대덕구 와동,부상신고사고,0,0,0,1,차대차 - 추돌,안전운전불이행,건조,맑음,단일로 - 기타,승용,남,46세,부상신고,승용,여,51세,상해없음
2016112300100109,2016년 11월 23일 07시,수요일,대전광역시 유성구 송강동,경상사고,0,0,1,0,차대차 - 기타,신호위반,건조,맑음,단일로 - 기타,기타불명,기타불명,기타불명,기타불명,자전거,남,24세,경상
2016112300100149,2016년 11월 23일 08시,수요일,대전광역시 대덕구 오정동,경상사고,0,0,1,0,차대차 - 추돌,안전운전불이행,건조,맑음,단일로 - 기타,승용,남,47세,상해없음,승용,남,41세,경상
2016112300100150,2016년 11월 23일 08시,수요일,대전광역시 대덕구 오정동,경상사고,0,0,4,0,차대차 - 추돌,안전운전불이행,건조,맑음,단일로 - 기타,승용,남,35세,상해없음,승용,여,43세,경상
2016112300100183,2016년 11월 23일 09시,수요일,대전광역시 서구 도마동,중상사고,0,1,0,0,차대차 - 측면직각충돌,신호위반,건조,맑음,교차로 - 교차로부근,승용,남,40세,상해없음,이륜,남,28세,중상
2016112300100246,2016년 11월 23일 11시,수요일,대전광역시 서구 괴정동,경상사고,0,0,2,0,차대사람 - 횡단중,안전운전불이행,건조,맑음,교차로 - 교차로안,승용,남,19세,기타불명,보행자,여,17세,경상
2016112300100269,2016년 11월 23일 12시,수요일,대전광역시 유성구 용산동,경상사고,0,0,1,0,차대차 - 정면충돌,신호위반,건조,맑음,교차로 - 교차로안,승용,여,47세,상해없음,승용,남,64세,경상
2016112300100320,2016년 11월 23일 14시,수요일,대전광역시 동구 원동,경상사고,0,0,1,0,차대차 - 추돌,안전거리미확보,건조,맑음,단일로 - 기타,승용,여,36세,상해없음,승용,남,61세,경상
2016112300100321,2016년 11월 23일 14시,수요일,대전광역시 유성구 노은동,경상사고,0,0,1,0,차대차 - 추돌,안전운전불이행,건조,맑음,단일로 - 기타,승용,여,28세,상해없음,승용,여,60세,경상
2016112300100387,2016년 11월 23일 16시,수요일,대전광역시 서구 월평동,경상사고,0,0,1,0,차대차 - 추돌,신호위반,건조,맑음,교차로 - 교차로안,승용,여,54세,상해없음,승용,남,72세,경상
2016112300100388,2016년 11월 23일 16시,수요일,대전광역시 서구 갈마동,경상사고,0,0,1,0,차대사람 - 기타,기타,건조,맑음,단일로 - 기타,승합,남,58세,상해없음,보행자,여,62세,경상