사고번호,사고일시,요일,시군구,사고내용,사망자수,중상자수,경상자수,부상신고자수,사고유형,법규위반,노면상태,기상상태,도로형태,가해운전자 차종,가해운전자 성별,가해운전자 연령,가해운전자 상해정도,피해운전자 차종,피해운전자 성별,피해운전자 연령,피해운전자 상해정도
2016112300100389,2016년 11월 23일 16시,수요일,대전광역시 유성구 안산동,중상사고,0,1,1,0,차대차 - 측면직각충돌,안전운전불이행,건조,맑음,단일로 - 기타,화물,남,60세,상해없음,승합,남,56세,중상
2016112300100426,2016년 11월 23일 17시,수요일,대전광역시 유성구 관평동,중상사고,0,1,0,0,차대차 - 측면충돌,신호위반,건조,맑음,교차로 - 교차로안,승용,여,30세,상해없음,승용,남,47세,중상
2016112300100480,2016년 11월 23일 18시,수요일,대전광역시 중구 대사동,경상사고,0,0,1,0,차대차 - 추돌,안전운전불이행,건조,맑음,교차로 - 교차로부근,화물,남,53세,상해없음,승용,남,57세,경상
2016112300100525,2016년 11월 23일 19시,수요일,대전광역시 서구 둔산동,경상사고,0,0,2,0,차대차 - 측면충돌,안전거리미확보,건조,맑음,단일로 - 기타,승용,남,28세,상해없음,승용,남,41세,경상
2016112300100566,2016년 11월 23일 21시,수요일,대전광역시 대덕구 상서동,경상사고,0,0,1,0,차대차 - 정면충돌,안전운전불이행,건조,맑음,단일로 - 기타,화물,남,53세,상해없음,승합,남,46세,경상
2016112300100604,2016년 11월 23일 22시,수요일,대전광역시 서구 월평동,경상사고,0,0,2,0,차대차 - 정면충돌,중앙선침범,건조,맑음,단일로 - 기타,승용,남,37세,상해없음,승용,남,45세,경상
2016112300100605,2016년 11월 23일 22시,수요일,대전광역시 유성구 궁동,경상사고,0,0,1,0,차대사람 - 기타,안전운전불이행,건조,맑음,단일로 - 기타,승용,남,29세,기타불명,보행자,남,34세,경상
2016112400100019,2016년 11월 24일 00시,목요일,대전광역시 서구 둔산동,경상사고,0,0,1,1,차대차 - 측면충돌,신호위반,건조,맑음,교차로 - 교차로안,승용,남,40세,상해없음,승용,남,53세,경상
2016112400100020,2016년 11월 24일 00시,목요일,대전광역시 유성구 신성동,경상사고,0,0,1,0,차대차 - 측면충돌,안전거리미확보,건조,흐림,단일로 - 기타,승용,남,48세,상해없음,승용,여,24세,경상
2016112400100036,2016년 11월 24일 03시,목요일,대전광역시 대덕구 중리동,경상사고,0,0,1,0,차대차 - 측면충돌,교차로운행방법위반,건조,맑음,교차로 - 교차로안,승용,남,60세,상해없음,승용,남,55세,경상
2016112400100154,2016년 11월 24일 08시,목요일,대전광역시 대덕구 오정동,부상신고사고,0,0,0,1,차대차 - 추돌,안전운전불이행,건조,맑음,단일로 - 기타,승용,남,42세,상해없음,승용,남,40세,부상신고
2016112400100155,2016년 11월 24일 08시,목요일,대전광역시 유성구 용산동,중상사고,0,1,1,0,차대차 - 측면충돌,신호위반,건조,맑음,교차로 - 교차로안,승용,여,31세,상해없음,승용,여,55세,중상
2016112400100192,2016년 11월 24일 09시,목요일,대전광역시 서구 용문동,중상사고,0,1,1,0,차대차 - 측면직각충돌,신호위반,건조,맑음,교차로 - 교차로안,승용,남,25세,상해없음,화물,남,27세,중상
2016112400100193,2016년 11월 24일 09시,목요일,대전광역시 유성구 전민동,중상사고,0,1,0,3,차대차 - 추돌,안전운전불이행,건조,맑음,교차로 - 교차로부근,승용,남,24세,상해없음,승용,남,58세,중상
2016112400100224,2016년 11월 24일 10시,목요일,대전광역시 중구 부사동,경상사고,0,0,1,0,차대차 - 추돌,안전운전불이행,건조,맑음,교차로 - 교차로안,승용,여,45세,상해없음,화물,남,43세,경상
2016112400100225,2016년 11월 24일 10시,목요일,대전광역시 동구 성남동,경상사고,0,0,1,0,차대차 - 측면충돌,안전운전불이행,건조,맑음,단일로 - 기타,승합,남,64세,상해없음,자전거,여,47세,경상
2016112400100226,2016년 11월 24일 10시,목요일,대전광역시 동구 가양동,경상사고,0,0,1,0,차대차 - 추돌,교차로운행방법위반,건조,맑음,교차로 - 교차로안,화물,남,36세,상해없음,승용,남,32세,경상
2016112400100227,2016년 11월 24일 10시,목요일,대전광역시 유성구 노은동,부상신고사고,0,0,0,1,차대차 - 추돌,안전운전불이행,건조,맑음,교차로 - 교차로부근,승용,남,43세,상해없음,이륜,남,34세,부상신고
2016112400100261,2016년 11월 24일 11시,목요일,대전광역시 유성구 구성동,중상사고,0,1,0,0,차대사람 - 횡단중,안전운전불이행,건조,맑음,교차로 - 교차로부근,승용,남,66세,상해없음,보행자,남,17세,중상
2016112400100282,2016년 11월 24일 12시,목요일,대전광역시 중구 유천동,경상사고,0,0,1,0,차대차 - 측면직각충돌,안전운전불이행,건조,맑음,교차로 - 교차로안,승용,남,68세,상해없음,자전거,남,61세,경상
2016112400100318,2016년 11월 24일 13시,목요일,대전광역시 서구 둔산동,경상사고,0,0,2,0,차대차 - 추돌,신호위반,건조,맑음,교차로 - 교차로안,승용,남,84세,상해없음,승용,남,65세,경상
2016112400100418,2016년 11월 24일 16시,목요일,대전광역시 중구 문화동,경상사고,0,0,1,0,차대사람 - 횡단중,안전운전불이행,건조,맑음,단일로 - 기타,승용,여,54세,상해없음,보행자,남,73세,경상
2016112400100472,2016년 11월 24일 17시,목요일,대전광역시 대덕구 비래동,경상사고,0,0,1,0,차대차 - 측면직각충돌,안전운전불이행,건조,맑음,교차로 - 교차로안,승용,여,55세,상해없음,화물,남,40세,경상
2016112400100523,2016년 11월 24일 18시,목요일,대전광역시 서구 가수원동,경상사고,0,0,1,0,차대사람 - 횡단중,안전운전불이행,건조,맑음,교차로 - 교차로부근,기타불명,기타불명,기타불명,기타불명,보행자,여,19세,경상
2016112400100524,2016년 11월 24일 18시,목요일,대전광역시 대덕구 송촌동,경상사고,0,0,2,0,차대사람 - 횡단중,보행자보호의무위반,건조,맑음,단일로 - 횡단보도상,승용,여,45세,상해없음,보행자,여,9세,경상
2016112400100525,2016년 11월 24일 18시,목요일,대전광역시 대덕구 송촌동,경상사고,0,0,1,0,차대사람 - 횡단중,보행자보호의무위반,건조,맑음,교차로 - 교차로안,승용,여,22세,상해없음,보행자,남,15세,경상
2016112400100561,2016년 11월 24일 19시,목요일,대전광역시 서구 갈마동,경상사고,0,0,2,0,차대차 - 정면충돌,안전운전불이행,건조,맑음,교차로 - 교차로안,승용,남,55세,상해없음,승용,여,36세,경상
2016112400100595,2016년 11월 24일 20시,목요일,대전광역시 유성구 장대동,중상사고,0,1,0,0,차대사람 - 횡단중,안전운전불이행,건조,맑음,단일로 - 기타,화물,남,61세,상해없음,보행자,남,47세,중상
2016112400100624,2016년 11월 24일 21시,목요일,대전광역시 서구 월평동,중상사고,0,1,0,0,차대차 - 추돌,신호위반,건조,맑음,교차로 - 교차로안,승용,여,22세,상해없음,승용,남,34세,중상
2016112400100651,2016년 11월 24일 22시,목요일,대전광역시 서구 가수원동,중상사고,0,1,0,0,차대사람 - 횡단중,안전운전불이행,건조,맑음,단일로 - 기타,승용,여,44세,상해없음,보행자,남,32세,중상
2016112400100652,2016년 11월 24일 22시,목요일,대전광역시 서구 월평동,경상사고,0,0,1,0,차대차 - 측면직각충돌,기타,건조,흐림,단일로 - 기타,승용,남,59세,상해없음,이륜,남,27세,경상
2016112400100653,2016년 11월 24일 22시,목요일,대전광역시 서구 둔산동,경상사고,0,0,3,0,차대차 - 추돌,안전운전불이행,건조,맑음,교차로 - 교차로부근,승용,남,32세,상해없음,승용,남,57세,경상
2016112400100654,2016년 11월 24일 22시,목요일,대전광역시 서구 둔산동,경상사고,0,0,2,0,차대차 - 추돌,안전거리미확보,건조,맑음,단일로 - 기타,승용,남,40세,상해없음,승용,남,52세,경상
2016112500100014,2016년 11월 25일 00시,금요일,대전광역시 동구 삼성동,경상사고,0,0,3,0,차대차 - 추돌,안전운전불이행,건조,맑음,단일로 - 기타,승용,남,60세,상해없음,승용,남,56세,상해없음
2016112500100035,2016년 11월 25일 02시,금요일,대전광역시 유성구 구암동,중상사고,0,1,0,0,차대사람 - 차도통행중,안전운전불이행,건조,맑음,단일로 - 횡단보도부근,승용,남,50세,상해없음,보행자,여,25세,중상
2016112500100051,2016년 11월 25일 04시,금요일,대전광역시 서구 월평동,경상사고,0,0,1,0,차대차 - 추돌,안전운전불이행,습기,비,단일로 - 기타,승용,남,31세,상해없음,화물,남,32세,경상
2016112500100066,2016년 11월 25일 05시,금요일,대전광역시 동구 삼성동,중상사고,0,3,1,0,차대차 - 측면충돌,신호위반,건조,맑음,교차로 - 교차로부근,건설기계,남,43세,상해없음,승합,남,60세,경상
2016112500100102,2016년 11월 25일 07시,금요일,대전광역시 서구 내동,경상사고,0,0,1,0,차대사람 - 횡단중,안전운전불이행,건조,맑음,교차로 - 교차로부근,승용,남,59세,상해없음,보행자,여,17세,경상
2016112500100141,2016년 11월 25일 08시,금요일,대전광역시 중구 부사동,경상사고,0,0,2,0,차대차 - 측면직각충돌,교차로운행방법위반,건조,맑음,교차로 - 교차로안,승용,남,59세,상해없음,승용,여,48세,경상
2016112500100142,2016년 11월 25일 08시,금요일,대전광역시 동구 인동,경상사고,0,0,1,0,차대차 - 기타,중앙선침범,건조,맑음,단일로 - 횡단보도상,이륜,남,71세,경상,승용,남,39세,기타불명
2016112500100143,2016년 11월 25일 08시,금요일,대전광역시 서구 평촌동,경상사고,0,0,1,0,차대차 - 측면직각충돌,교차로운행방법위반,건조,맑음,교차로 - 교차로안,승합,남,60세,상해없음,승용,남,35세,경상
2016112500100170,2016년 11월 25일 09시,금요일,대전광역시 유성구 신성동,경상사고,0,0,3,0,차대차 - 추돌,안전운전불이행,건조,맑음,단일로 - 기타,승용,남,42세,상해없음,승용,남,35세,경상
2016112500100214,2016년 11월 25일 11시,금요일,대전광역시 대덕구 중리동,중상사고,0,1,0,0,차대차 - 기타,직진우회전진행방해,건조,맑음,교차로 - 교차로안,승용,여,29세,상해없음,자전거,남,53세,중상
2016112500100277,2016년 11월 25일 13시,금요일,대전광역시 중구 석교동,경상사고,0,0,1,0,차대차 - 추돌,안전운전불이행,기타,기타,단일로 - 기타,승합,남,69세,상해없음,승용,남,54세,경상
2016112500100315,2016년 11월 25일 14시,금요일,대전광역시 동구 용전동,경상사고,0,0,1,0,차대차 - 추돌,안전운전불이행,건조,맑음,교차로 - 교차로부근,승용,남,72세,상해없음,승용,남,52세,경상
2016112500100316,2016년 11월 25일 14시,금요일,대전광역시 서구 변동,경상사고,0,0,1,0,차대차 - 측면직각충돌,안전운전불이행,건조,맑음,교차로 - 교차로부근,승용,남,70세,상해없음,화물,남,37세,경상
2016112500100317,2016년 11월 25일 14시,금요일,대전광역시 서구 내동,중상사고,0,1,0,0,차대차 - 측면직각충돌,안전운전불이행,건조,맑음,단일로 - 기타,승용,남,60세,상해없음,자전거,남,82세,중상
2016112500100348,2016년 11월 25일 15시,금요일,대전광역시 중구 대사동,경상사고,0,0,1,0,차대차 - 측면직각충돌,안전운전불이행,건조,맑음,단일로 - 기타,승용,남,49세,상해없음,승용,남,26세,경상
2016112500100349,2016년 11월 25일 15시,금요일,대전광역시 동구 자양동,경상사고,0,0,1,0,차대사람 - 횡단중,안전운전불이행,건조,맑음,교차로 - 교차로안,화물,남,63세,상해없음,보행자,여,56세,경상
2016112500100350,2016년 11월 25일 15시,금요일,대전광역시 서구 내동,중상사고,0,3,0,0,차대차 - 추돌,안전거리미확보,건조,맑음,단일로 - 기타,화물,남,49세,상해없음,승용,여,52세,중상
2016112500100351,2016년 11월 25일 15시,금요일,대전광역시 유성구 장대동,경상사고,0,0,1,0,차대차 - 추돌,안전운전불이행,건조,맑음,교차로 - 교차로부근,화물,남,62세,상해없음,승용,남,38세,경상
2016112500100352,2016년 11월 25일 15시,금요일,대전광역시 유성구 원내동,중상사고,0,1,0,0,차대차 - 추돌,안전거리미확보,건조,맑음,교차로 - 교차로부근,승용,여,39세,상해없음,승용,여,54세,중상
2016112500100389,2016년 11월 25일 16시,금요일,대전광역시 중구 산성동,경상사고,0,0,1,0,차대차 - 추돌,안전운전불이행,건조,맑음,교차로 - 교차로안,승용,남,58세,상해없음,화물,남,47세,경상
2016112500100390,2016년 11월 25일 16시,금요일,대전광역시 동구 가오동,경상사고,0,0,1,0,차대차 - 측면직각충돌,교차로운행방법위반,건조,맑음,교차로 - 교차로안,승용,여,35세,상해없음,승용,여,38세,경상
2016112500100391,2016년 11월 25일 16시,금요일,대전광역시 대덕구 오정동,경상사고,0,0,1,0,차대차 - 측면충돌,안전운전불이행,건조,맑음,교차로 - 교차로안,승용,남,55세,상해없음,승용,남,37세,경상
2016112500100443,2016년 11월 25일 17시,금요일,대전광역시 대덕구 법동,경상사고,0,0,1,0,차대차 - 측면충돌,안전운전불이행,건조,맑음,교차로 - 교차로안,승용,여,62세,상해없음,승용,남,56세,경상
2016112500100444,2016년 11월 25일 17시,금요일,대전광역시 유성구 봉명동,경상사고,0,0,1,0,차대차 - 기타,신호위반,건조,맑음,단일로 - 기타,화물,남,31세,상해없음,승합,남,61세,경상
2016112500100445,2016년 11월 25일 17시,금요일,대전광역시 유성구 구암동,중상사고,0,1,0,0,차대차 - 측면직각충돌,중앙선침범,건조,맑음,단일로 - 기타,승용,여,29세,상해없음,이륜,남,24세,중상
2016112500100475,2016년 11월 25일 18시,금요일,대전광역시 대덕구 비래동,경상사고,0,0,2,0,차대차 - 측면직각충돌,차로위반,건조,맑음,단일로 - 기타,승합,남,66세,상해없음,승용,여,35세,경상
2016112500100496,2016년 11월 25일 18시,금요일,대전광역시 대덕구 비래동,경상사고,0,0,1,0,차대차 - 측면직각충돌,교차로운행방법위반,습기,흐림,교차로 - 교차로안,승용,남,40세,상해없음,화물,남,55세,경상
2016112500100497,2016년 11월 25일 18시,금요일,대전광역시 대덕구 읍내동,경상사고,0,0,1,0,차대사람 - 기타,안전운전불이행,건조,맑음,단일로 - 기타,기타불명,기타불명,기타불명,기타불명,보행자,여,66세,경상
2016112500100498,2016년 11월 25일 18시,금요일,대전광역시 유성구 지족동,중상사고,0,1,0,0,차대사람 - 횡단중,안전운전불이행,건조,맑음,교차로 - 교차로부근,승용,여,50세,상해없음,보행자,여,47세,중상
2016112500100499,2016년 11월 25일 18시,금요일,대전광역시 유성구 도룡동,경상사고,0,0,2,0,차대차 - 측면충돌,신호위반,건조,맑음,교차로 - 교차로안,승합,남,52세,상해없음,이륜,남,20세,상해없음
2016112500100545,2016년 11월 25일 19시,금요일,대전광역시 서구 둔산동,중상사고,0,1,1,0,차대차 - 추돌,안전운전불이행,건조,맑음,교차로 - 교차로부근,승용,남,24세,상해없음,원동기,남,41세,중상
2016112500100583,2016년 11월 25일 20시,금요일,대전광역시 유성구 궁동,경상사고,0,0,1,0,차대차 - 측면충돌,신호위반,건조,맑음,교차로 - 교차로안,원동기,남,26세,상해없음,이륜,남,47세,경상
2016112500100631,2016년 11월 25일 21시,금요일,대전광역시 동구 천동,경상사고,0,0,1,0,차대차 - 측면충돌,안전운전불이행,건조,맑음,단일로 - 기타,승용,여,72세,상해없음,원동기,남,23세,경상
2016112500100632,2016년 11월 25일 21시,금요일,대전광역시 동구 용전동,경상사고,0,0,2,0,차대차 - 추돌,교차로운행방법위반,건조,맑음,교차로 - 교차로안,승합,남,48세,상해없음,승용,여,23세,경상
2016112500100633,2016년 11월 25일 21시,금요일,대전광역시 서구 도마동,경상사고,0,0,1,0,차대차 - 기타,안전거리미확보,건조,맑음,단일로 - 기타,승용,여,47세,상해없음,승용,남,52세,경상
2016112500100673,2016년 11월 25일 22시,금요일,대전광역시 동구 가양동,경상사고,0,0,1,0,차대사람 - 횡단중,보행자보호의무위반,건조,맑음,교차로 - 교차로안,승용,남,53세,상해없음,보행자,남,16세,경상
2016112600100025,2016년 11월 26일 00시,토요일,대전광역시 유성구 전민동,중상사고,0,1,0,0,차대사람 - 횡단중,보행자보호의무위반,건조,맑음,단일로 - 횡단보도상,승용,여,50세,상해없음,보행자,남,16세,중상
2016112600100026,2016년 11월 26일 00시,토요일,대전광역시 유성구 노은동,경상사고,0,0,1,0,차대차 - 측면충돌,안전운전불이행,건조,맑음,단일로 - 기타,승용,남,47세,상해없음,화물,남,56세,경상
2016112600100051,2016년 11월 26일 01시,토요일,대전광역시 대덕구 문평동,중상사고,0,1,0,0,차대사람 - 기타,안전운전불이행,건조,기타,단일로 - 기타,특수,남,45세,상해없음,보행자,남,43세,중상
2016112600100065,2016년 11월 26일 02시,토요일,대전광역시 대덕구 신탄진동,중상사고,0,1,0,0,차대사람 - 횡단중,안전운전불이행,건조,맑음,단일로 - 기타,승용,남,62세,상해없음,보행자,남,52세,중상
2016112600100099,2016년 11월 26일 05시,토요일,대전광역시 서구 갈마동,경상사고,0,0,1,0,차대차 - 정면충돌,안전운전불이행,건조,흐림,단일로 - 기타,승용,남,28세,상해없음,승용,남,46세,경상
2016112600100114,2016년 11월 26일 06시,토요일,대전광역시 서구 탄방동,경상사고,0,0,1,0,차대사람 - 횡단중,보행자보호의무위반,건조,흐림,단일로 - 횡단보도상,승용,남,62세,상해없음,보행자,여,39세,경상
2016112600100146,2016년 11월 26일 08시,토요일,대전광역시 서구 탄방동,중상사고,0,1,0,0,차대차 - 측면직각충돌,중앙선침범,건조,맑음,단일로 - 기타,자전거,남,75세,중상,승용,여,45세,상해없음
2016112600100156,2016년 11월 26일 09시,토요일,대전광역시 대덕구 읍내동,경상사고,0,0,2,0,차대차 - 정면충돌,중앙선침범,건조,맑음,단일로 - 기타,화물,여,55세,상해없음,승용,남,58세,경상
2016112600100157,2016년 11월 26일 09시,토요일,대전광역시 서구 탄방동,경상사고,0,0,2,0,차대차 - 측면직각충돌,안전거리미확보,건조,맑음,단일로 - 기타,승용,남,61세,상해없음,승용,남,53세,경상
2016112600100182,2016년 11월 26일 10시,토요일,대전광역시 서구 갈마동,경상사고,0,0,1,0,차대차 - 기타,안전운전불이행,건조,맑음,단일로 - 기타,화물,남,37세,상해없음,승합,남,46세,경상
2016112600100204,2016년 11월 26일 11시,토요일,대전광역시 동구 주산동,경상사고,0,0,1,0,차대차 - 측면충돌,중앙선침범,건조,맑음,단일로 - 기타,승용,여,24세,상해없음,승용,남,59세,경상
2016112600100205,2016년 11월 26일 11시,토요일,대전광역시 대덕구 신탄진동,경상사고,0,0,1,0,차대차 - 측면충돌,안전운전불이행,건조,맑음,단일로 - 기타,승용,여,49세,상해없음,승용,여,30세,경상
2016112600100206,2016년 11월 26일 11시,토요일,대전광역시 유성구 도룡동,경상사고,0,0,2,1,차대차 - 기타,교차로운행방법위반,건조,맑음,교차로 - 교차로안,승용,남,25세,기타불명,승합,남,35세,상해없음
2016112600100233,2016년 11월 26일 12시,토요일,대전광역시 동구 가양동,경상사고,0,0,1,0,차대차 - 측면충돌,교차로운행방법위반,건조,맑음,교차로 - 교차로안,승용,여,38세,상해없음,승용,여,64세,경상
2016112600100299,2016년 11월 26일 14시,토요일,대전광역시 서구 둔산동,경상사고,0,0,1,0,차대차 - 기타,안전거리미확보,습기,눈,단일로 - 기타,승용,여,32세,상해없음,승용,남,42세,경상
2016112600100300,2016년 11월 26일 14시,토요일,대전광역시 유성구 지족동,경상사고,0,0,1,0,차대차 - 기타,안전운전불이행,건조,맑음,교차로 - 교차로부근,승용,남,43세,상해없음,승용,남,40세,경상
2016112600100347,2016년 11월 26일 15시,토요일,대전광역시 서구 만년동,경상사고,0,0,1,0,차대차 - 기타,안전운전불이행,습기,맑음,교차로 - 교차로부근,승용,남,41세,상해없음,자전거,남,28세,경상
2016112600100382,2016년 11월 26일 16시,토요일,대전광역시 서구 월평동,경상사고,0,0,1,0,차대차 - 측면직각충돌,안전운전불이행,습기,비,교차로 - 교차로안,승합,남,52세,상해없음,승용,여,25세,경상
2016112600100383,2016년 11월 26일 16시,토요일,대전광역시 유성구 원내동,경상사고,0,0,1,0,차대차 - 측면직각충돌,교차로운행방법위반,습기,비,교차로 - 교차로안,승용,남,50세,상해없음,원동기,남,26세,경상
2016112600100434,2016년 11월 26일 17시,토요일,대전광역시 서구 관저동,경상사고,0,0,1,0,차대사람 - 횡단중,보행자보호의무위반,습기,비,단일로 - 횡단보도상,승용,남,24세,상해없음,보행자,남,45세,경상
2016112600100522,2016년 11월 26일 18시,토요일,대전광역시 중구 산성동,경상사고,0,0,5,0,차대차 - 추돌,안전운전불이행,건조,맑음,단일로 - 기타,화물,남,52세,상해없음,승용,남,43세,경상
2016112600100523,2016년 11월 26일 18시,토요일,대전광역시 서구 탄방동,경상사고,0,0,1,0,차대차 - 추돌,안전운전불이행,건조,맑음,단일로 - 기타,승용,남,27세,기타불명,승용,여,29세,경상
2016112600100524,2016년 11월 26일 18시,토요일,대전광역시 유성구 노은동,경상사고,0,0,2,0,차대차 - 추돌,안전운전불이행,건조,맑음,단일로 - 기타,승용,여,54세,상해없음,승용,남,29세,경상
2016112600100525,2016년 11월 26일 18시,토요일,대전광역시 유성구 탑립동,경상사고,0,0,1,0,차대차 - 측면직각충돌,교차로운행방법위반,건조,맑음,교차로 - 교차로안,승용,남,45세,상해없음,승용,남,24세,경상
2016112600100589,2016년 11월 26일 19시,토요일,대전광역시 중구 안영동,경상사고,0,0,5,0,차대차 - 측면직각충돌,안전운전불이행,결빙,흐림,단일로 - 기타,화물,남,46세,경상,승용,남,47세,경상
2016112600100590,2016년 11월 26일 19시,토요일,대전광역시 서구 괴곡동,사망사고,1,1,1,0,차대차 - 기타,안전거리미확보,결빙,눈,단일로 - 교량,화물,남,30세,경상,승용,여,25세,상해없음
2016112600100591,2016년 11월 26일 19시,토요일,대전광역시 서구 관저동,경상사고,0,0,2,0,차대차 - 측면직각충돌,안전운전불이행,습기,흐림,단일로 - 기타,승용,남,31세,상해없음,승용,남,31세,경상
2016112600100617,2016년 11월 26일 20시,토요일,대전광역시 서구 관저동,경상사고,0,0,2,0,차대차 - 기타,차로위반,습기,흐림,단일로 - 기타,승용,남,35세,상해없음,승용,남,25세,경상
2016112600100635,2016년 11월 26일 20시,토요일,대전광역시 동구 자양동,중상사고,0,1,0,0,차대차 - 측면직각충돌,안전운전불이행,건조,맑음,교차로 - 교차로안,승용,남,21세,상해없음,원동기,남,34세,중상
2016112600100636,2016년 11월 26일 20시,토요일,대전광역시 동구 삼괴동,중상사고,0,1,4,0,차대차 - 추돌,안전운전불이행,결빙,눈,단일로 - 기타,승용,남,27세,상해없음,화물,남,43세,중상
2016112600100637,2016년 11월 26일 20시,토요일,대전광역시 동구 삼괴동,경상사고,0,0,4,0,차대차 - 추돌,안전운전불이행,결빙,눈,단일로 - 기타,화물,남,54세,경상,승용,남,59세,상해없음
2016112600100638,2016년 11월 26일 20시,토요일,대전광역시 대덕구 와동,경상사고,0,0,5,0,차대차 - 측면충돌,안전운전불이행,결빙,맑음,단일로 - 교량,승합,남,56세,상해없음,승용,남,34세,경상
2016112600100639,2016년 11월 26일 20시,토요일,대전광역시 서구 둔산동,중상사고,0,1,3,0,차대차 - 측면직각충돌,안전운전불이행,건조,맑음,단일로 - 기타,승용,남,54세,상해없음,승용,남,29세,경상
2016112600100640,2016년 11월 26일 20시,토요일,대전광역시 유성구 세동,경상사고,0,0,1,0,차대차 - 기타,안전운전불이행,결빙,눈,단일로 - 기타,승용,남,32세,상해없음,승용,남,32세,상해없음
2016112600100667,2016년 11월 26일 21시,토요일,대전광역시 중구 선화동,경상사고,0,0,2,0,차대차 - 추돌,안전운전불이행,건조,맑음,단일로 - 기타,승합,남,61세,상해없음,승용,남,26세,경상
2016112600100668,2016년 11월 26일 21시,토요일,대전광역시 동구 신상동,경상사고,0,0,1,0,차대차 - 추돌,안전운전불이행,결빙,눈,단일로 - 기타,승용,남,34세,상해없음,화물,기타불명,90세 이상,기타불명
2016112600100704,2016년 11월 26일 22시,토요일,대전광역시 중구 용두동,경상사고,0,0,3,0,차대차 - 추돌,안전운전불이행,건조,맑음,단일로 - 기타,승용,남,44세,상해없음,승용,남,64세,경상
2016112600100705,2016년 11월 26일 22시,토요일,대전광역시 동구 홍도동,중상사고,0,1,0,0,차대사람 - 기타,안전운전불이행,건조,맑음,교차로 - 교차로부근,승용,남,30세,상해없음,보행자,남,46세,중상
2016112600100706,2016년 11월 26일 22시,토요일,대전광역시 유성구 봉명동,경상사고,0,0,3,0,차대차 - 정면충돌,안전운전불이행,건조,맑음,교차로 - 교차로안,승용,남,30세,경상,승용,남,45세,경상
2016112600100728,2016년 11월 26일 23시,토요일,대전광역시 중구 유천동,경상사고,0,0,1,0,차대사람 - 횡단중,안전운전불이행,건조,맑음,교차로 - 교차로안,승용,남,26세,기타불명,보행자,남,54세,경상
2016112700100031,2016년 11월 27일 00시,일요일,대전광역시 서구 둔산동,경상사고,0,0,1,0,차대사람 - 기타,안전운전불이행,건조,맑음,단일로 - 기타,승용,남,35세,상해없음,보행자,남,23세,경상
2016112700100051,2016년 11월 27일 01시,일요일,대전광역시 중구 오류동,경상사고,0,0,5,0,차대차 - 추돌,안전운전불이행,습기,흐림,단일로 - 기타,승용,남,27세,상해없음,승용,남,65세,경상
2016112700100052,2016년 11월 27일 01시,일요일,대전광역시 대덕구 오정동,중상사고,0,1,0,0,차대사람 - 횡단중,안전운전불이행,건조,맑음,단일로 - 기타,승용,남,52세,상해없음,보행자,남,66세,중상
2016112700100078,2016년 11월 27일 04시,일요일,대전광역시 서구 내동,중상사고,0,1,1,0,차대차 - 추돌,안전거리미확보,건조,맑음,교차로 - 교차로부근,승용,남,40세,상해없음,승용,남,54세,경상
2016112700100157,2016년 11월 27일 09시,일요일,대전광역시 서구 관저동,경상사고,0,0,1,0,차대차 - 측면충돌,안전운전불이행,건조,맑음,교차로 - 교차로안,승용,남,62세,상해없음,승용,여,52세,경상
2016112700100173,2016년 11월 27일 10시,일요일,대전광역시 서구 만년동,경상사고,0,0,5,0,차대차 - 추돌,안전운전불이행,건조,맑음,교차로 - 교차로부근,승용,남,53세,경상,승용,남,28세,경상
2016112700100208,2016년 11월 27일 12시,일요일,대전광역시 서구 괴정동,경상사고,0,0,1,0,차대차 - 측면충돌,안전운전불이행,건조,맑음,교차로 - 교차로안,승용,남,37세,상해없음,이륜,남,29세,경상
2016112700100259,2016년 11월 27일 14시,일요일,대전광역시 중구 부사동,중상사고,0,1,0,0,차량단독 - 기타,안전운전불이행,건조,맑음,단일로 - 기타,승합,남,42세,상해없음,,,,
2016112700100260,2016년 11월 27일 14시,일요일,대전광역시 서구 괴정동,경상사고,0,0,1,0,차대차 - 측면직각충돌,안전운전불이행,건조,맑음,단일로 - 기타,승용,남,63세,상해없음,승용,여,36세,경상
2016112700100261,2016년 11월 27일 14시,일요일,대전광역시 대덕구 중리동,경상사고,0,0,2,0,차대차 - 측면직각충돌,교차로운행방법위반,건조,맑음,교차로 - 교차로안,원동기,남,19세,상해없음,승용,남,32세,경상
2016112700100295,2016년 11월 27일 15시,일요일,대전광역시 서구 월평동,경상사고,0,0,1,0,차대차 - 측면충돌,교차로운행방법위반,건조,흐림,교차로 - 교차로안,승용,남,62세,상해없음,이륜,남,43세,경상
2016112700100296,2016년 11월 27일 15시,일요일,대전광역시 유성구 관평동,경상사고,0,0,1,0,차대차 - 기타,안전운전불이행,건조,맑음,교차로 - 교차로안,승용,남,45세,기타불명,승용,남,39세,경상
2016112700100387,2016년 11월 27일 18시,일요일,대전광역시 동구 용전동,경상사고,0,0,3,0,차대차 - 측면직각충돌,교차로운행방법위반,건조,맑음,교차로 - 교차로안,승용,여,19세,경상,승용,남,31세,경상