사고번호,사고일시,요일,시군구,사고내용,사망자수,중상자수,경상자수,부상신고자수,사고유형,법규위반,노면상태,기상상태,도로형태,가해운전자 차종,가해운전자 성별,가해운전자 연령,가해운전자 상해정도,피해운전자 차종,피해운전자 성별,피해운전자 연령,피해운전자 상해정도
2016120300100247,2016년 12월 3일 11시,토요일,대전광역시 중구 오류동,경상사고,0,0,1,2,차대차 - 측면직각충돌,안전거리미확보,건조,맑음,단일로 - 기타,승용,여,48세,상해없음,승용,여,40세,경상
2016120300100248,2016년 12월 3일 11시,토요일,대전광역시 서구 탄방동,경상사고,0,0,2,0,차대차 - 측면직각충돌,안전거리미확보,건조,맑음,단일로 - 기타,화물,남,36세,상해없음,승용,남,34세,경상
2016120300100290,2016년 12월 3일 12시,토요일,대전광역시 유성구 대정동,중상사고,0,1,3,0,차대차 - 측면직각충돌,안전운전불이행,건조,맑음,단일로 - 기타,승용,남,44세,상해없음,승용,남,45세,경상
2016120300100291,2016년 12월 3일 12시,토요일,대전광역시 유성구 상대동,경상사고,0,0,1,0,차대차 - 추돌,교차로운행방법위반,건조,맑음,교차로 - 교차로안,승용,여,63세,상해없음,승용,여,56세,경상
2016120300100333,2016년 12월 3일 13시,토요일,대전광역시 대덕구 중리동,경상사고,0,0,1,0,차대차 - 추돌,신호위반,건조,맑음,교차로 - 교차로부근,승용,남,37세,상해없음,원동기,남,42세,경상
2016120300100334,2016년 12월 3일 13시,토요일,대전광역시 유성구 궁동,중상사고,0,1,0,0,차대차 - 측면직각충돌,안전운전불이행,건조,맑음,단일로 - 기타,승용,남,23세,상해없음,원동기,남,31세,중상
2016120300100355,2016년 12월 3일 14시,토요일,대전광역시 서구 내동,중상사고,0,1,0,0,차대차 - 추돌,안전운전불이행,건조,맑음,단일로 - 기타,승용,남,23세,상해없음,승용,여,45세,중상
2016120300100356,2016년 12월 3일 14시,토요일,대전광역시 서구 괴정동,경상사고,0,0,1,0,차대차 - 기타,안전운전불이행,건조,맑음,단일로 - 기타,승용,여,22세,상해없음,승용,남,28세,경상
2016120300100357,2016년 12월 3일 14시,토요일,대전광역시 유성구 원내동,경상사고,0,0,2,0,차대차 - 측면직각충돌,안전거리미확보,건조,맑음,단일로 - 기타,승합,남,33세,상해없음,화물,남,53세,경상
2016120300100387,2016년 12월 3일 15시,토요일,대전광역시 서구 용문동,경상사고,0,0,1,0,차대사람 - 차도통행중,안전운전불이행,건조,맑음,단일로 - 기타,승용,남,29세,상해없음,보행자,여,56세,경상
2016120300100388,2016년 12월 3일 15시,토요일,대전광역시 서구 둔산동,경상사고,0,0,1,0,차대차 - 추돌,안전운전불이행,건조,맑음,교차로 - 교차로부근,승용,남,60세,상해없음,승용,남,59세,경상
2016120300100425,2016년 12월 3일 16시,토요일,대전광역시 중구 문화동,경상사고,0,0,1,0,차대차 - 추돌,안전운전불이행,건조,맑음,단일로 - 교량,승용,남,26세,상해없음,승용,남,45세,상해없음
2016120300100427,2016년 12월 3일 16시,토요일,대전광역시 서구 둔산동,경상사고,0,0,1,0,차대사람 - 기타,안전운전불이행,건조,맑음,교차로 - 교차로안,승용,남,46세,상해없음,보행자,남,34세,경상
2016120300100457,2016년 12월 3일 17시,토요일,대전광역시 동구 대성동,경상사고,0,0,1,0,차대차 - 측면충돌,안전운전불이행,건조,맑음,단일로 - 기타,승용,남,52세,상해없음,자전거,남,16세,경상
2016120300100458,2016년 12월 3일 17시,토요일,대전광역시 서구 둔산동,중상사고,0,1,0,0,차대차 - 기타,신호위반,건조,맑음,교차로 - 교차로안,승합,남,72세,상해없음,승용,남,71세,중상
2016120300100503,2016년 12월 3일 18시,토요일,대전광역시 서구 둔산동,경상사고,0,0,2,0,차대차 - 측면직각충돌,안전거리미확보,건조,맑음,단일로 - 기타,승용,여,57세,상해없음,승합,남,54세,경상
2016120300100543,2016년 12월 3일 19시,토요일,대전광역시 서구 둔산동,경상사고,0,0,4,0,차대차 - 측면직각충돌,신호위반,건조,맑음,교차로 - 교차로안,승용,여,25세,상해없음,승용,남,54세,경상
2016120300100581,2016년 12월 3일 20시,토요일,대전광역시 동구 가양동,경상사고,0,0,2,0,차대차 - 측면충돌,교차로운행방법위반,건조,맑음,교차로 - 교차로안,승용,여,25세,경상,승용,남,55세,경상
2016120300100635,2016년 12월 3일 22시,토요일,대전광역시 동구 용전동,경상사고,0,0,1,0,차대사람 - 횡단중,안전운전불이행,건조,맑음,단일로 - 기타,승합,남,50세,상해없음,보행자,남,38세,경상
2016120300100657,2016년 12월 3일 23시,토요일,대전광역시 서구 월평동,사망사고,1,1,2,0,차대차 - 추돌,신호위반,건조,맑음,교차로 - 교차로안,승용,남,55세,사망,승용,남,42세,경상
2016120400100041,2016년 12월 4일 01시,일요일,대전광역시 동구 가양동,경상사고,0,0,1,0,차대차 - 기타,안전운전불이행,건조,맑음,단일로 - 기타,승용,남,58세,상해없음,원동기,남,18세,경상
2016120400100083,2016년 12월 4일 06시,일요일,대전광역시 중구 용두동,경상사고,0,0,1,0,차대차 - 측면직각충돌,신호위반,건조,맑음,교차로 - 교차로안,승용,남,27세,상해없음,승용,여,50세,경상
2016120400100084,2016년 12월 4일 06시,일요일,대전광역시 서구 월평동,경상사고,0,0,1,0,차대사람 - 차도통행중,신호위반,건조,맑음,교차로 - 교차로부근,화물,남,64세,상해없음,보행자,남,57세,경상
2016120400100108,2016년 12월 4일 08시,일요일,대전광역시 대덕구 법동,경상사고,0,0,1,0,차대사람 - 길가장자리구역통행중,안전운전불이행,건조,맑음,교차로 - 교차로부근,승용,남,47세,상해없음,보행자,남,65세,경상
2016120400100130,2016년 12월 4일 10시,일요일,대전광역시 대덕구 상서동,경상사고,0,0,2,0,차대차 - 측면직각충돌,중앙선침범,건조,맑음,교차로 - 교차로안,승용,남,38세,상해없음,승용,여,55세,경상
2016120400100148,2016년 12월 4일 11시,일요일,대전광역시 동구 가양동,사망사고,1,0,0,0,차대차 - 측면충돌,안전운전불이행,건조,맑음,단일로 - 횡단보도상,승용,남,37세,상해없음,자전거,남,69세,사망
2016120400100149,2016년 12월 4일 11시,일요일,대전광역시 서구 둔산동,경상사고,0,0,3,0,차대차 - 측면직각충돌,교차로운행방법위반,건조,맑음,교차로 - 교차로안,승용,남,69세,상해없음,승용,남,34세,경상
2016120400100173,2016년 12월 4일 12시,일요일,대전광역시 동구 가양동,중상사고,0,1,0,0,차대사람 - 기타,안전운전불이행,건조,맑음,단일로 - 기타,승용,남,79세,상해없음,보행자,여,54세,중상
2016120400100174,2016년 12월 4일 12시,일요일,대전광역시 유성구 봉명동,경상사고,0,0,1,0,차대차 - 추돌,안전운전불이행,건조,맑음,단일로 - 기타,승용,남,55세,상해없음,승용,여,34세,경상
2016120400100238,2016년 12월 4일 15시,일요일,대전광역시 중구 용두동,경상사고,0,0,1,0,차대차 - 측면직각충돌,안전거리미확보,건조,맑음,단일로 - 기타,승용,남,59세,상해없음,승용,남,44세,경상
2016120400100239,2016년 12월 4일 15시,일요일,대전광역시 서구 괴정동,중상사고,0,1,0,0,차대사람 - 횡단중,보행자보호의무위반,건조,맑음,단일로 - 횡단보도상,승용,남,63세,상해없음,보행자,여,12세,중상
2016120400100334,2016년 12월 4일 18시,일요일,대전광역시 유성구 노은동,중상사고,0,1,1,0,차대차 - 정면충돌,신호위반,건조,맑음,교차로 - 교차로안,승용,여,55세,상해없음,승용,남,60세,경상
2016120500100044,2016년 12월 5일 05시,월요일,대전광역시 서구 도마동,중상사고,0,1,0,0,차대사람 - 횡단중,안전운전불이행,건조,맑음,단일로 - 기타,이륜,남,62세,상해없음,보행자,여,74세,중상
2016120500100141,2016년 12월 5일 08시,월요일,대전광역시 중구 선화동,경상사고,0,0,1,0,차대사람 - 횡단중,보행자보호의무위반,건조,맑음,단일로 - 횡단보도상,기타불명,기타불명,기타불명,기타불명,보행자,여,46세,경상
2016120500100142,2016년 12월 5일 08시,월요일,대전광역시 동구 홍도동,경상사고,0,0,1,0,차대사람 - 횡단중,안전운전불이행,건조,맑음,교차로 - 교차로부근,승용,남,68세,상해없음,보행자,남,14세,경상
2016120500100143,2016년 12월 5일 08시,월요일,대전광역시 서구 둔산동,경상사고,0,0,1,0,차대차 - 추돌,안전운전불이행,건조,맑음,교차로 - 교차로부근,승용,남,58세,상해없음,승용,남,22세,경상
2016120500100190,2016년 12월 5일 10시,월요일,대전광역시 서구 탄방동,중상사고,0,1,0,0,차대사람 - 횡단중,안전운전불이행,건조,흐림,교차로 - 교차로부근,승용,여,51세,상해없음,보행자,여,33세,중상
2016120500100191,2016년 12월 5일 10시,월요일,대전광역시 유성구 구암동,중상사고,0,1,0,0,차대차 - 추돌,기타,건조,맑음,단일로 - 기타,승용,남,58세,상해없음,자전거,남,71세,중상
2016120500100223,2016년 12월 5일 11시,월요일,대전광역시 중구 중촌동,경상사고,0,0,1,0,차대차 - 추돌,안전거리미확보,건조,맑음,미분류 - 미분류,이륜,남,57세,상해없음,승용,남,66세,경상
2016120500100251,2016년 12월 5일 12시,월요일,대전광역시 서구 도마동,경상사고,0,0,1,0,차대차 - 정면충돌,안전거리미확보,건조,맑음,단일로 - 기타,승용,여,66세,상해없음,승용,여,22세,경상
2016120500100252,2016년 12월 5일 12시,월요일,대전광역시 대덕구 신일동,경상사고,0,0,1,0,차대차 - 추돌,교차로운행방법위반,건조,맑음,교차로 - 교차로안,화물,남,52세,상해없음,자전거,남,78세,경상
2016120500100317,2016년 12월 5일 15시,월요일,대전광역시 서구 월평동,경상사고,0,0,1,0,차대사람 - 횡단중,신호위반,건조,맑음,단일로 - 횡단보도상,승합,남,41세,상해없음,보행자,남,10세,경상
2016120500100374,2016년 12월 5일 17시,월요일,대전광역시 대덕구 오정동,경상사고,0,0,2,0,차대차 - 추돌,안전운전불이행,건조,맑음,단일로 - 기타,승용,남,46세,상해없음,승용,남,44세,경상
2016120500100375,2016년 12월 5일 17시,월요일,대전광역시 서구 갈마동,경상사고,0,0,2,0,차대차 - 추돌,안전운전불이행,건조,맑음,단일로 - 기타,승용,여,82세,상해없음,승용,여,49세,경상
2016120500100441,2016년 12월 5일 18시,월요일,대전광역시 서구 정림동,경상사고,0,0,1,0,차대차 - 측면충돌,안전운전불이행,건조,맑음,교차로 - 교차로안,승용,남,37세,상해없음,이륜,남,33세,경상
2016120500100442,2016년 12월 5일 18시,월요일,대전광역시 서구 정림동,경상사고,0,0,1,0,차대차 - 추돌,안전운전불이행,건조,맑음,단일로 - 기타,승용,여,75세,상해없음,승용,남,46세,경상
2016120500100443,2016년 12월 5일 18시,월요일,대전광역시 서구 도마동,중상사고,0,1,0,0,차대사람 - 길가장자리구역통행중,중앙선침범,건조,맑음,교차로 - 교차로부근,승용,남,63세,상해없음,보행자,남,44세,중상
2016120500100444,2016년 12월 5일 18시,월요일,대전광역시 대덕구 비래동,경상사고,0,0,1,0,차대차 - 측면직각충돌,안전운전불이행,건조,맑음,교차로 - 교차로부근,승합,남,75세,상해없음,승용,남,26세,경상
2016120500100445,2016년 12월 5일 18시,월요일,대전광역시 서구 탄방동,경상사고,0,0,3,0,차대차 - 추돌,차로위반,건조,맑음,단일로 - 기타,승용,남,54세,상해없음,승용,여,43세,경상
2016120500100446,2016년 12월 5일 18시,월요일,대전광역시 유성구 구암동,경상사고,0,0,1,0,차대차 - 추돌,교차로운행방법위반,건조,맑음,교차로 - 교차로안,승합,남,54세,상해없음,승용,남,34세,경상
2016120500100524,2016년 12월 5일 20시,월요일,대전광역시 서구 월평동,경상사고,0,0,3,0,차대차 - 측면충돌,안전운전불이행,건조,맑음,교차로 - 교차로안,승용,여,33세,경상,승용,여,48세,경상
2016120500100579,2016년 12월 5일 22시,월요일,대전광역시 대덕구 비래동,경상사고,0,0,1,0,차대차 - 추돌,안전거리미확보,건조,맑음,단일로 - 기타,승용,남,37세,상해없음,승용,남,36세,경상
2016120600100010,2016년 12월 6일 00시,화요일,대전광역시 서구 내동,경상사고,0,0,1,0,차대차 - 추돌,안전운전불이행,건조,맑음,단일로 - 기타,승용,남,44세,상해없음,승용,남,56세,경상
2016120600100121,2016년 12월 6일 08시,화요일,대전광역시 서구 용문동,중상사고,0,1,0,0,차대차 - 측면충돌,신호위반,건조,맑음,교차로 - 교차로안,승용,남,25세,상해없음,승용,여,41세,중상
2016120600100122,2016년 12월 6일 08시,화요일,대전광역시 유성구 신성동,중상사고,0,1,0,0,차대차 - 기타,안전거리미확보,건조,맑음,단일로 - 기타,승용,여,33세,상해없음,원동기,남,25세,중상
2016120600100171,2016년 12월 6일 10시,화요일,대전광역시 대덕구 오정동,중상사고,0,1,0,0,차대차 - 측면직각충돌,안전운전불이행,건조,맑음,단일로 - 기타,승용,여,51세,상해없음,승용,여,34세,중상
2016120600100172,2016년 12월 6일 10시,화요일,대전광역시 서구 갈마동,경상사고,0,0,1,0,차대사람 - 횡단중,보행자보호의무위반,건조,맑음,단일로 - 횡단보도상,기타불명,기타불명,기타불명,기타불명,보행자,여,69세,경상
2016120600100314,2016년 12월 6일 15시,화요일,대전광역시 서구 탄방동,경상사고,0,0,1,0,차대차 - 추돌,안전운전불이행,건조,맑음,단일로 - 기타,승용,여,47세,상해없음,승용,여,31세,경상
2016120600100347,2016년 12월 6일 16시,화요일,대전광역시 유성구 탑립동,경상사고,0,0,1,0,차대차 - 측면충돌,신호위반,건조,맑음,교차로 - 교차로안,승용,여,45세,상해없음,화물,남,58세,경상
2016120600100396,2016년 12월 6일 17시,화요일,대전광역시 서구 둔산동,경상사고,0,0,1,0,차대차 - 추돌,신호위반,건조,맑음,교차로 - 교차로안,승용,여,42세,상해없음,승용,남,58세,경상
2016120600100442,2016년 12월 6일 18시,화요일,대전광역시 서구 도마동,중상사고,0,1,0,0,차대차 - 측면충돌,안전운전불이행,건조,맑음,단일로 - 횡단보도상,승용,남,53세,상해없음,자전거,남,77세,중상
2016120600100443,2016년 12월 6일 18시,화요일,대전광역시 유성구 죽동,경상사고,0,0,1,0,차대차 - 추돌,안전거리미확보,건조,맑음,단일로 - 기타,승용,남,38세,상해없음,승용,여,57세,경상
2016120600100473,2016년 12월 6일 19시,화요일,대전광역시 서구 관저동,중상사고,0,1,0,0,차대차 - 정면충돌,안전운전불이행,건조,맑음,교차로 - 교차로안,승용,남,52세,상해없음,승용,남,58세,중상
2016120600100474,2016년 12월 6일 19시,화요일,대전광역시 서구 용문동,경상사고,0,0,3,0,차대차 - 측면충돌,중앙선침범,건조,맑음,교차로 - 교차로안,승용,남,52세,상해없음,승용,여,47세,경상
2016120600100576,2016년 12월 6일 23시,화요일,대전광역시 서구 괴정동,중상사고,0,1,0,0,차대사람 - 횡단중,안전운전불이행,건조,맑음,단일로 - 기타,이륜,남,29세,상해없음,보행자,남,61세,중상
2016120600100577,2016년 12월 6일 23시,화요일,대전광역시 서구 둔산동,경상사고,0,0,1,0,차대차 - 측면충돌,신호위반,건조,맑음,교차로 - 교차로안,승용,남,42세,상해없음,승용,남,51세,경상
2016120700100076,2016년 12월 7일 06시,수요일,대전광역시 동구 신상동,중상사고,0,1,0,1,차대차 - 측면직각충돌,안전운전불이행,결빙,눈,단일로 - 기타,승용,남,65세,상해없음,화물,여,49세,중상
2016120700100077,2016년 12월 7일 06시,수요일,대전광역시 대덕구 오정동,부상신고사고,0,0,0,1,차대차 - 추돌,안전거리미확보,건조,맑음,단일로 - 기타,승용,남,33세,기타불명,승용,남,36세,부상신고
2016120700100106,2016년 12월 7일 07시,수요일,대전광역시 서구 내동,경상사고,0,0,1,0,차대차 - 측면충돌,안전운전불이행,건조,맑음,단일로 - 기타,승용,남,43세,상해없음,자전거,여,17세,경상
2016120700100143,2016년 12월 7일 08시,수요일,대전광역시 유성구 봉명동,중상사고,0,1,0,0,차대사람 - 기타,안전운전불이행,건조,흐림,단일로 - 기타,승합,남,41세,상해없음,보행자,여,26세,중상
2016120700100181,2016년 12월 7일 09시,수요일,대전광역시 동구 신상동,중상사고,0,1,0,0,차대차 - 추돌,안전운전불이행,결빙,눈,단일로 - 기타,승용,여,61세,상해없음,화물,여,49세,중상
2016120700100182,2016년 12월 7일 09시,수요일,대전광역시 동구 신상동,중상사고,0,3,1,0,차대사람 - 기타,안전운전불이행,결빙,눈,단일로 - 기타,화물,남,40세,상해없음,보행자,여,66세,경상
2016120700100183,2016년 12월 7일 09시,수요일,대전광역시 서구 둔산동,경상사고,0,0,2,0,차대차 - 측면충돌,안전운전불이행,습기,흐림,교차로 - 교차로안,승용,여,44세,상해없음,승용,남,41세,경상
2016120700100206,2016년 12월 7일 10시,수요일,대전광역시 서구 둔산동,경상사고,0,0,6,0,차대차 - 측면직각충돌,신호위반,습기,비,교차로 - 교차로안,화물,남,33세,상해없음,승합,남,39세,경상
2016120700100230,2016년 12월 7일 11시,수요일,대전광역시 서구 둔산동,경상사고,0,0,1,0,차대차 - 추돌,안전운전불이행,건조,맑음,단일로 - 기타,승용,여,41세,상해없음,화물,남,31세,경상
2016120700100231,2016년 12월 7일 11시,수요일,대전광역시 유성구 봉명동,중상사고,0,1,3,0,차대차 - 측면직각충돌,신호위반,건조,맑음,교차로 - 교차로안,화물,남,38세,상해없음,승용,여,31세,경상
2016120700100232,2016년 12월 7일 11시,수요일,대전광역시 유성구 봉명동,경상사고,0,0,2,0,차대차 - 측면직각충돌,안전거리미확보,건조,맑음,단일로 - 기타,승용,남,26세,상해없음,승용,남,30세,경상
2016120700100262,2016년 12월 7일 12시,수요일,대전광역시 서구 가수원동,경상사고,0,0,1,0,차대차 - 추돌,안전거리미확보,건조,맑음,교차로 - 교차로안,승용,남,38세,상해없음,승용,여,39세,경상
2016120700100263,2016년 12월 7일 12시,수요일,대전광역시 서구 내동,중상사고,0,1,0,0,차대차 - 측면충돌,안전운전불이행,건조,맑음,단일로 - 횡단보도상,승용,여,39세,상해없음,자전거,남,80세,중상
2016120700100264,2016년 12월 7일 12시,수요일,대전광역시 서구 둔산동,경상사고,0,0,2,0,차대차 - 측면충돌,안전운전불이행,건조,맑음,교차로 - 교차로부근,승용,남,48세,상해없음,승용,여,48세,경상
2016120700100337,2016년 12월 7일 15시,수요일,대전광역시 중구 용두동,경상사고,0,0,2,0,차대차 - 측면직각충돌,신호위반,건조,맑음,교차로 - 교차로안,승용,남,71세,상해없음,승용,여,47세,경상
2016120700100338,2016년 12월 7일 15시,수요일,대전광역시 대덕구 송촌동,중상사고,0,2,1,0,차대차 - 추돌,교차로운행방법위반,건조,맑음,교차로 - 교차로안,화물,남,66세,중상,승용,남,35세,경상
2016120700100339,2016년 12월 7일 15시,수요일,대전광역시 대덕구 대화동,경상사고,0,0,1,0,차대차 - 측면충돌,교차로운행방법위반,건조,맑음,교차로 - 교차로안,화물,남,30세,상해없음,화물,남,47세,경상
2016120700100374,2016년 12월 7일 16시,수요일,대전광역시 유성구 용계동,경상사고,0,0,1,0,차량단독 - 공작물충돌,안전운전불이행,건조,맑음,단일로 - 기타,승용,남,24세,상해없음,,,,
2016120700100408,2016년 12월 7일 17시,수요일,대전광역시 서구 탄방동,경상사고,0,0,1,0,차대사람 - 차도통행중,안전운전불이행,건조,맑음,단일로 - 기타,승용,남,64세,상해없음,보행자,여,55세,경상
2016120700100409,2016년 12월 7일 17시,수요일,대전광역시 유성구 하기동,경상사고,0,0,1,0,차대차 - 기타,안전거리미확보,건조,맑음,단일로 - 기타,승용,남,62세,상해없음,승용,남,53세,상해없음
2016120700100468,2016년 12월 7일 18시,수요일,대전광역시 유성구 지족동,경상사고,0,0,1,0,차대차 - 기타,안전거리미확보,건조,맑음,교차로 - 교차로부근,승용,여,58세,상해없음,승용,남,48세,경상
2016120700100469,2016년 12월 7일 18시,수요일,대전광역시 유성구 도룡동,중상사고,0,1,0,0,차대차 - 측면직각충돌,교차로운행방법위반,건조,맑음,교차로 - 교차로안,승용,남,56세,기타불명,원동기,남,23세,중상
2016120700100546,2016년 12월 7일 20시,수요일,대전광역시 유성구 봉명동,경상사고,0,0,1,0,차대차 - 추돌,안전운전불이행,건조,맑음,단일로 - 기타,승용,남,58세,상해없음,승용,남,28세,경상
2016120700100573,2016년 12월 7일 21시,수요일,대전광역시 대덕구 신일동,경상사고,0,0,1,0,차대차 - 기타,기타,건조,맑음,교차로 - 교차로부근,원동기,남,19세,상해없음,승용,남,47세,경상
2016120700100574,2016년 12월 7일 21시,수요일,대전광역시 유성구 전민동,경상사고,0,0,2,0,차대차 - 측면충돌,교차로운행방법위반,건조,맑음,교차로 - 교차로안,승용,남,45세,경상,승용,남,27세,경상
2016120700100597,2016년 12월 7일 22시,수요일,대전광역시 대덕구 상서동,경상사고,0,0,1,0,차대차 - 측면직각충돌,신호위반,건조,맑음,교차로 - 교차로안,승용,여,53세,상해없음,승용,여,64세,경상
2016120700100618,2016년 12월 7일 23시,수요일,대전광역시 중구 대흥동,경상사고,0,0,1,0,차대차 - 정면충돌,신호위반,건조,맑음,교차로 - 교차로안,화물,남,23세,상해없음,승용,남,69세,상해없음
2016120800100037,2016년 12월 8일 01시,목요일,대전광역시 대덕구 석봉동,경상사고,0,0,1,0,차대차 - 측면직각충돌,신호위반,건조,맑음,교차로 - 교차로안,승용,남,30세,기타불명,승용,남,37세,경상
2016120800100058,2016년 12월 8일 03시,목요일,대전광역시 동구 대동,중상사고,0,1,0,0,차량단독 - 전도전복,안전운전불이행,건조,맑음,단일로 - 기타,이륜,남,24세,중상,,,,
2016120800100081,2016년 12월 8일 05시,목요일,대전광역시 동구 판암동,중상사고,0,1,0,0,차대사람 - 횡단중,보행자보호의무위반,건조,맑음,교차로 - 교차로부근,승용,여,62세,상해없음,보행자,여,67세,중상
2016120800100104,2016년 12월 8일 06시,목요일,대전광역시 중구 문화동,중상사고,0,1,0,0,차대사람 - 횡단중,신호위반,건조,맑음,교차로 - 교차로안,승용,남,67세,상해없음,보행자,여,68세,중상
2016120800100224,2016년 12월 8일 09시,목요일,대전광역시 중구 대흥동,중상사고,0,1,0,0,차대차 - 측면직각충돌,안전운전불이행,건조,맑음,교차로 - 교차로부근,승용,여,37세,상해없음,자전거,여,60세,중상
2016120800100253,2016년 12월 8일 10시,목요일,대전광역시 동구 중동,경상사고,0,0,2,0,차대차 - 정면충돌,안전운전불이행,건조,맑음,단일로 - 기타,승용,남,66세,상해없음,승합,남,49세,상해없음
2016120800100314,2016년 12월 8일 12시,목요일,대전광역시 유성구 장대동,중상사고,0,1,0,0,차대차 - 추돌,안전거리미확보,건조,맑음,단일로 - 기타,화물,남,68세,상해없음,승용,남,61세,중상
2016120800100341,2016년 12월 8일 13시,목요일,대전광역시 유성구 원신흥동,경상사고,0,0,2,0,차대차 - 측면직각충돌,교차로운행방법위반,건조,맑음,교차로 - 교차로안,승용,남,42세,경상,승용,남,41세,상해없음
2016120800100408,2016년 12월 8일 15시,목요일,대전광역시 동구 대동,경상사고,0,0,1,0,차대차 - 추돌,안전운전불이행,건조,맑음,단일로 - 기타,승용,남,55세,상해없음,화물,남,46세,경상
2016120800100409,2016년 12월 8일 15시,목요일,대전광역시 서구 탄방동,경상사고,0,0,1,0,차대사람 - 보도통행중,보행자보호의무위반,건조,맑음,단일로 - 횡단보도상,승용,여,56세,상해없음,보행자,여,45세,경상
2016120800100441,2016년 12월 8일 16시,목요일,대전광역시 서구 관저동,경상사고,0,0,1,0,차대사람 - 횡단중,안전운전불이행,건조,맑음,단일로 - 기타,이륜,남,20세,상해없음,보행자,여,8세,경상
2016120800100481,2016년 12월 8일 17시,목요일,대전광역시 대덕구 법동,사망사고,1,0,0,0,차대사람 - 기타,안전운전불이행,건조,흐림,단일로 - 기타,자전거,남,21세,상해없음,보행자,여,69세,사망
2016120800100529,2016년 12월 8일 18시,목요일,대전광역시 동구 가양동,경상사고,0,0,2,0,차대차 - 측면직각충돌,안전거리미확보,건조,맑음,교차로 - 교차로부근,승용,여,48세,상해없음,화물,남,26세,경상
2016120800100530,2016년 12월 8일 18시,목요일,대전광역시 서구 둔산동,중상사고,0,1,0,0,차대사람 - 횡단중,안전운전불이행,건조,맑음,단일로 - 횡단보도상,이륜,남,33세,상해없음,보행자,여,63세,중상
2016120800100531,2016년 12월 8일 18시,목요일,대전광역시 서구 탄방동,경상사고,0,0,1,0,차대차 - 측면직각충돌,안전운전불이행,건조,맑음,교차로 - 교차로부근,승합,남,37세,상해없음,자전거,남,67세,경상
2016120800100532,2016년 12월 8일 18시,목요일,대전광역시 서구 둔산동,경상사고,0,0,1,0,차대사람 - 기타,안전운전불이행,건조,맑음,교차로 - 교차로안,승용,여,54세,상해없음,보행자,남,60세,경상
2016120800100578,2016년 12월 8일 19시,목요일,대전광역시 중구 문화동,경상사고,0,0,2,0,차대차 - 추돌,안전운전불이행,건조,맑음,교차로 - 교차로안,승용,여,28세,상해없음,승용,여,38세,경상
2016120800100579,2016년 12월 8일 19시,목요일,대전광역시 유성구 관평동,사망사고,1,0,0,0,차대사람 - 횡단중,보행자보호의무위반,건조,흐림,단일로 - 횡단보도상,승합,남,68세,상해없음,보행자,남,29세,사망
2016120800100622,2016년 12월 8일 20시,목요일,대전광역시 대덕구 오정동,경상사고,0,0,1,0,차대차 - 추돌,신호위반,습기,흐림,교차로 - 교차로안,승합,남,61세,상해없음,승용,남,54세,경상
2016120800100623,2016년 12월 8일 20시,목요일,대전광역시 서구 갈마동,경상사고,0,0,1,0,차대사람 - 길가장자리구역통행중,안전운전불이행,습기,비,단일로 - 기타,승용,남,69세,상해없음,보행자,여,20세,경상
2016120800100624,2016년 12월 8일 20시,목요일,대전광역시 유성구 외삼동,경상사고,0,0,1,0,차대차 - 기타,안전운전불이행,습기,비,단일로 - 기타,화물,남,42세,상해없음,승용,남,29세,경상
2016120800100672,2016년 12월 8일 21시,목요일,대전광역시 유성구 노은동,경상사고,0,0,1,0,차대차 - 측면충돌,신호위반,건조,흐림,교차로 - 교차로안,승용,남,31세,상해없음,승용,여,38세,경상
2016120800100717,2016년 12월 8일 22시,목요일,대전광역시 동구 성남동,중상사고,0,1,0,0,차대사람 - 횡단중,보행자보호의무위반,습기,비,교차로 - 교차로안,승용,남,37세,상해없음,보행자,여,26세,중상
2016120800100746,2016년 12월 8일 23시,목요일,대전광역시 중구 문창동,중상사고,0,1,0,0,차대사람 - 횡단중,과속,습기,비,단일로 - 기타,승용,남,39세,기타불명,보행자,남,59세,중상
2016120800100747,2016년 12월 8일 23시,목요일,대전광역시 서구 탄방동,경상사고,0,0,1,0,차대사람 - 횡단중,보행자보호의무위반,습기,비,교차로 - 교차로부근,승용,남,58세,상해없음,보행자,남,37세,경상
2016120900100018,2016년 12월 9일 00시,금요일,대전광역시 유성구 궁동,경상사고,0,0,2,0,차대차 - 측면직각충돌,안전거리미확보,건조,흐림,단일로 - 기타,승용,남,61세,상해없음,화물,남,58세,경상
2016120900100042,2016년 12월 9일 01시,금요일,대전광역시 중구 오류동,경상사고,0,0,3,0,차대차 - 추돌,안전운전불이행,습기,비,단일로 - 기타,승용,남,35세,상해없음,승용,남,30세,경상
2016120900100043,2016년 12월 9일 01시,금요일,대전광역시 중구 태평동,경상사고,0,0,3,0,차대차 - 측면직각충돌,안전거리미확보,습기,비,단일로 - 기타,승용,남,64세,상해없음,승용,남,24세,경상
2016120900100058,2016년 12월 9일 02시,금요일,대전광역시 서구 괴정동,경상사고,0,0,1,0,차대사람 - 기타,안전운전불이행,습기,비,단일로 - 기타,승용,남,36세,상해없음,보행자,여,32세,경상
2016120900100059,2016년 12월 9일 02시,금요일,대전광역시 서구 탄방동,중상사고,0,1,1,0,차대차 - 측면직각충돌,신호위반,습기,비,교차로 - 교차로안,승용,남,33세,상해없음,승용,남,51세,중상