사고번호,사고일시,요일,시군구,사고내용,사망자수,중상자수,경상자수,부상신고자수,사고유형,법규위반,노면상태,기상상태,도로형태,가해운전자 차종,가해운전자 성별,가해운전자 연령,가해운전자 상해정도,피해운전자 차종,피해운전자 성별,피해운전자 연령,피해운전자 상해정도
2016122000100090,2016년 12월 20일 06시,화요일,대전광역시 대덕구 덕암동,중상사고,0,1,0,0,차대사람 - 기타,안전운전불이행,건조,맑음,단일로 - 기타,화물,남,51세,상해없음,보행자,여,74세,중상
2016122000100091,2016년 12월 20일 06시,화요일,대전광역시 대덕구 석봉동,중상사고,0,2,0,0,차대사람 - 횡단중,안전운전불이행,건조,맑음,교차로 - 교차로안,승용,남,63세,상해없음,보행자,남,81세,중상
2016122000100148,2016년 12월 20일 08시,화요일,대전광역시 서구 변동,경상사고,0,0,1,0,차대사람 - 차도통행중,안전운전불이행,건조,맑음,단일로 - 기타,승용,남,70세,상해없음,보행자,남,28세,경상
2016122000100181,2016년 12월 20일 09시,화요일,대전광역시 동구 가양동,경상사고,0,0,1,0,차대차 - 추돌,안전거리미확보,건조,맑음,단일로 - 기타,승용,남,57세,상해없음,승용,여,64세,경상
2016122000100261,2016년 12월 20일 11시,화요일,대전광역시 중구 용두동,중상사고,0,1,0,0,차대사람 - 횡단중,신호위반,건조,맑음,단일로 - 횡단보도상,승용,남,77세,상해없음,보행자,남,68세,중상
2016122000100314,2016년 12월 20일 13시,화요일,대전광역시 중구 태평동,경상사고,0,0,1,0,차대차 - 추돌,안전운전불이행,건조,맑음,교차로 - 교차로부근,승용,여,34세,상해없음,승용,남,50세,경상
2016122000100348,2016년 12월 20일 14시,화요일,대전광역시 동구 대성동,경상사고,0,0,2,0,차대차 - 추돌,안전운전불이행,건조,맑음,단일로 - 기타,승용,남,76세,상해없음,승용,여,44세,경상
2016122000100413,2016년 12월 20일 16시,화요일,대전광역시 동구 삼성동,중상사고,0,1,2,0,차대차 - 측면충돌,안전운전불이행,건조,맑음,단일로 - 기타,승용,남,22세,상해없음,승용,남,27세,경상
2016122000100414,2016년 12월 20일 16시,화요일,대전광역시 동구 용전동,중상사고,0,1,2,0,차대차 - 추돌,안전운전불이행,건조,맑음,단일로 - 기타,승용,남,29세,상해없음,승용,남,43세,중상
2016122000100455,2016년 12월 20일 17시,화요일,대전광역시 중구 오류동,경상사고,0,0,2,0,차대차 - 추돌,안전운전불이행,건조,맑음,교차로 - 교차로부근,승용,남,61세,상해없음,승용,남,22세,경상
2016122000100511,2016년 12월 20일 18시,화요일,대전광역시 대덕구 목상동,경상사고,0,0,1,0,차대차 - 추돌,안전거리미확보,건조,맑음,단일로 - 기타,승용,남,49세,상해없음,승용,남,55세,경상
2016122000100512,2016년 12월 20일 18시,화요일,대전광역시 서구 둔산동,경상사고,0,0,1,0,차대차 - 측면직각충돌,안전운전불이행,건조,맑음,단일로 - 기타,승용,남,60세,상해없음,승용,남,41세,경상
2016122000100550,2016년 12월 20일 19시,화요일,대전광역시 대덕구 중리동,중상사고,0,1,0,0,차량단독 - 전도전복,안전운전불이행,건조,맑음,교차로 - 교차로부근,이륜,남,74세,중상,,,,
2016122000100551,2016년 12월 20일 19시,화요일,대전광역시 서구 갈마동,부상신고사고,0,0,0,1,차대차 - 기타,안전운전불이행,건조,맑음,단일로 - 기타,승용,남,41세,상해없음,승합,남,37세,상해없음
2016122000100552,2016년 12월 20일 19시,화요일,대전광역시 유성구 봉산동,경상사고,0,0,1,0,차대차 - 측면충돌,신호위반,건조,맑음,교차로 - 교차로안,승용,남,60세,상해없음,승용,여,39세,경상
2016122000100580,2016년 12월 20일 20시,화요일,대전광역시 유성구 봉산동,경상사고,0,0,1,0,차대차 - 측면직각충돌,안전운전불이행,건조,맑음,교차로 - 교차로안,승용,여,45세,상해없음,승용,남,36세,경상
2016122000100620,2016년 12월 20일 21시,화요일,대전광역시 중구 용두동,중상사고,0,1,0,0,차대사람 - 횡단중,안전운전불이행,건조,맑음,교차로 - 교차로안,승용,여,41세,상해없음,보행자,여,75세,중상
2016122000100645,2016년 12월 20일 22시,화요일,대전광역시 대덕구 비래동,경상사고,0,0,1,0,차대사람 - 기타,안전운전불이행,건조,맑음,단일로 - 기타,승용,남,51세,기타불명,보행자,여,28세,경상
2016122000100646,2016년 12월 20일 22시,화요일,대전광역시 서구 둔산동,경상사고,0,0,1,0,차대차 - 측면직각충돌,신호위반,건조,맑음,교차로 - 교차로안,이륜,남,31세,상해없음,승용,남,48세,경상
2016122000100675,2016년 12월 20일 23시,화요일,대전광역시 중구 대흥동,경상사고,0,0,1,0,차대사람 - 횡단중,안전운전불이행,건조,맑음,단일로 - 기타,원동기,남,26세,기타불명,보행자,여,23세,경상
2016122100100017,2016년 12월 21일 00시,수요일,대전광역시 유성구 봉명동,경상사고,0,0,2,0,차대차 - 추돌,안전운전불이행,건조,흐림,교차로 - 교차로부근,승용,남,32세,상해없음,승용,남,23세,경상
2016122100100033,2016년 12월 21일 01시,수요일,대전광역시 서구 둔산동,경상사고,0,0,2,0,차대차 - 측면직각충돌,안전운전불이행,건조,맑음,교차로 - 교차로안,승용,남,28세,상해없음,승용,남,53세,경상
2016122100100107,2016년 12월 21일 07시,수요일,대전광역시 중구 대흥동,경상사고,0,0,1,0,차대차 - 측면직각충돌,안전운전불이행,건조,맑음,단일로 - 기타,기타불명,기타불명,기타불명,기타불명,승용,여,46세,경상
2016122100100172,2016년 12월 21일 09시,수요일,대전광역시 유성구 구성동,경상사고,0,0,2,0,차대차 - 기타,안전운전불이행,건조,맑음,교차로 - 교차로부근,승용,남,56세,상해없음,승용,여,37세,경상
2016122100100236,2016년 12월 21일 11시,수요일,대전광역시 대덕구 석봉동,경상사고,0,0,1,0,차대사람 - 기타,안전운전불이행,건조,맑음,단일로 - 기타,승용,남,54세,상해없음,보행자,여,67세,경상
2016122100100237,2016년 12월 21일 11시,수요일,대전광역시 유성구 노은동,경상사고,0,0,1,0,차대차 - 추돌,안전거리미확보,건조,맑음,단일로 - 기타,승용,여,30세,상해없음,승용,여,52세,경상
2016122100100263,2016년 12월 21일 12시,수요일,대전광역시 유성구 둔곡동,중상사고,0,1,0,0,차대차 - 기타,안전운전불이행,건조,맑음,단일로 - 터널,승용,남,51세,상해없음,화물,남,41세,중상
2016122100100310,2016년 12월 21일 14시,수요일,대전광역시 동구 용전동,경상사고,0,0,1,0,차대차 - 측면충돌,중앙선침범,건조,맑음,단일로 - 기타,승용,남,50세,상해없음,원동기,남,23세,경상
2016122100100344,2016년 12월 21일 15시,수요일,대전광역시 동구 가양동,중상사고,0,1,1,0,차대차 - 정면충돌,신호위반,건조,맑음,교차로 - 교차로안,승용,여,49세,상해없음,승용,남,47세,경상
2016122100100465,2016년 12월 21일 17시,수요일,대전광역시 중구 용두동,중상사고,0,1,0,0,차대사람 - 횡단중,보행자보호의무위반,습기,비,교차로 - 교차로부근,화물,남,46세,상해없음,보행자,남,53세,중상
2016122100100466,2016년 12월 21일 17시,수요일,대전광역시 동구 용운동,경상사고,0,0,1,0,차대차 - 정면충돌,안전운전불이행,건조,맑음,단일로 - 기타,승용,남,23세,상해없음,승용,여,47세,경상
2016122100100467,2016년 12월 21일 17시,수요일,대전광역시 서구 가장동,경상사고,0,0,2,0,차대차 - 정면충돌,신호위반,습기,비,교차로 - 교차로안,승용,여,61세,상해없음,승용,남,60세,경상
2016122100100468,2016년 12월 21일 17시,수요일,대전광역시 유성구 죽동,경상사고,0,0,1,0,차대사람 - 횡단중,신호위반,습기,비,단일로 - 횡단보도상,원동기,남,48세,기타불명,보행자,남,25세,경상
2016122100100568,2016년 12월 21일 18시,수요일,대전광역시 동구 대동,경상사고,0,0,1,0,차대사람 - 횡단중,안전운전불이행,건조,맑음,단일로 - 기타,원동기,남,19세,기타불명,보행자,남,62세,경상
2016122100100569,2016년 12월 21일 18시,수요일,대전광역시 대덕구 상서동,경상사고,0,0,1,0,차대차 - 측면직각충돌,신호위반,습기,비,교차로 - 교차로안,승용,남,44세,상해없음,승용,여,26세,경상
2016122100100571,2016년 12월 21일 18시,수요일,대전광역시 유성구 봉명동,경상사고,0,0,1,0,차대사람 - 기타,안전운전불이행,건조,맑음,교차로 - 교차로안,승용,남,28세,상해없음,보행자,남,44세,경상
2016122100100631,2016년 12월 21일 19시,수요일,대전광역시 서구 갈마동,중상사고,0,1,0,0,차대사람 - 차도통행중,안전운전불이행,습기,비,교차로 - 교차로부근,승용,남,55세,상해없음,보행자,여,55세,중상
2016122100100632,2016년 12월 21일 19시,수요일,대전광역시 유성구 덕진동,경상사고,0,0,1,0,차대차 - 추돌,안전운전불이행,습기,비,교차로 - 교차로부근,승용,여,53세,상해없음,승용,남,22세,경상
2016122100100684,2016년 12월 21일 20시,수요일,대전광역시 중구 대사동,경상사고,0,0,1,0,차대차 - 추돌,안전운전불이행,습기,비,단일로 - 기타,승용,남,40세,상해없음,승용,여,27세,경상
2016122100100685,2016년 12월 21일 20시,수요일,대전광역시 대덕구 덕암동,경상사고,0,0,1,0,차대사람 - 기타,보행자보호의무위반,습기,비,단일로 - 횡단보도상,승용,남,52세,상해없음,보행자,여,24세,경상
2016122100100747,2016년 12월 21일 21시,수요일,대전광역시 대덕구 문평동,부상신고사고,0,0,0,5,차대차 - 추돌,안전운전불이행,습기,비,교차로 - 교차로부근,승용,남,47세,상해없음,승용,남,34세,부상신고
2016122100100748,2016년 12월 21일 21시,수요일,대전광역시 대덕구 송촌동,부상신고사고,0,0,0,1,차대사람 - 길가장자리구역통행중,안전운전불이행,건조,맑음,단일로 - 기타,기타불명,기타불명,기타불명,기타불명,보행자,남,29세,부상신고
2016122100100800,2016년 12월 21일 22시,수요일,대전광역시 서구 갈마동,경상사고,0,0,2,0,차대차 - 기타,안전운전불이행,습기,비,단일로 - 기타,승용,남,63세,상해없음,승용,여,51세,경상
2016122100100801,2016년 12월 21일 22시,수요일,대전광역시 유성구 구암동,경상사고,0,0,1,0,차대차 - 추돌,안전운전불이행,습기,비,단일로 - 기타,화물,남,33세,상해없음,승용,여,58세,경상
2016122200100108,2016년 12월 22일 02시,목요일,대전광역시 중구 대사동,경상사고,0,0,2,0,차대차 - 추돌,안전운전불이행,습기,비,교차로 - 교차로부근,승용,남,24세,상해없음,승용,여,39세,경상
2016122200100109,2016년 12월 22일 02시,목요일,대전광역시 서구 탄방동,중상사고,0,1,0,0,차대차 - 측면직각충돌,신호위반,습기,비,교차로 - 교차로안,승용,남,24세,상해없음,승용,남,27세,상해없음
2016122200100188,2016년 12월 22일 07시,목요일,대전광역시 대덕구 와동,경상사고,0,0,1,0,차대사람 - 길가장자리구역통행중,안전운전불이행,습기,비,단일로 - 기타,기타불명,기타불명,기타불명,기타불명,보행자,남,15세,경상
2016122200100232,2016년 12월 22일 08시,목요일,대전광역시 유성구 화암동,경상사고,0,0,1,0,차대차 - 추돌,안전운전불이행,습기,비,단일로 - 기타,승용,여,28세,상해없음,승용,남,60세,경상
2016122200100249,2016년 12월 22일 09시,목요일,대전광역시 유성구 원내동,중상사고,0,1,0,0,차대차 - 측면충돌,안전운전불이행,건조,맑음,단일로 - 기타,승용,남,57세,상해없음,승용,여,73세,중상
2016122200100292,2016년 12월 22일 11시,목요일,대전광역시 대덕구 와동,경상사고,0,0,1,0,차대차 - 추돌,안전운전불이행,건조,맑음,단일로 - 기타,승용,남,68세,상해없음,승용,여,54세,경상
2016122200100343,2016년 12월 22일 13시,목요일,대전광역시 유성구 봉명동,중상사고,0,1,0,0,차량단독 - 기타,기타,습기,비,단일로 - 기타,승합,남,57세,상해없음,,,,
2016122200100367,2016년 12월 22일 14시,목요일,대전광역시 중구 선화동,경상사고,0,0,2,0,차대차 - 측면직각충돌,교차로운행방법위반,습기,비,교차로 - 교차로안,승용,남,73세,상해없음,승용,남,60세,경상
2016122200100368,2016년 12월 22일 14시,목요일,대전광역시 동구 성남동,경상사고,0,0,1,0,차대차 - 추돌,안전운전불이행,습기,비,단일로 - 기타,승용,남,56세,상해없음,승용,남,34세,경상
2016122200100369,2016년 12월 22일 14시,목요일,대전광역시 유성구 장대동,경상사고,0,0,1,0,차대차 - 측면직각충돌,신호위반,습기,비,교차로 - 교차로안,승용,남,36세,상해없음,승용,여,48세,경상
2016122200100396,2016년 12월 22일 15시,목요일,대전광역시 대덕구 읍내동,경상사고,0,0,1,0,차대차 - 추돌,안전운전불이행,건조,맑음,단일로 - 기타,승용,여,62세,상해없음,승용,남,51세,경상
2016122200100397,2016년 12월 22일 15시,목요일,대전광역시 대덕구 대화동,경상사고,0,0,1,0,차대차 - 추돌,안전운전불이행,건조,맑음,단일로 - 기타,승용,남,41세,기타불명,승합,남,54세,경상
2016122200100423,2016년 12월 22일 16시,목요일,대전광역시 서구 탄방동,경상사고,0,0,1,0,차대차 - 추돌,안전운전불이행,습기,비,단일로 - 기타,승용,여,34세,상해없음,승용,남,28세,경상
2016122200100474,2016년 12월 22일 17시,목요일,대전광역시 중구 대흥동,중상사고,0,1,0,0,차대사람 - 횡단중,안전운전불이행,습기,비,교차로 - 교차로안,승용,여,62세,상해없음,보행자,여,47세,중상
2016122200100531,2016년 12월 22일 18시,목요일,대전광역시 중구 석교동,경상사고,0,0,1,0,차대차 - 측면직각충돌,안전운전불이행,습기,흐림,교차로 - 교차로안,화물,남,62세,상해없음,승용,남,55세,경상
2016122200100532,2016년 12월 22일 18시,목요일,대전광역시 유성구 봉명동,경상사고,0,0,1,0,차대차 - 기타,안전운전불이행,건조,맑음,교차로 - 교차로부근,승용,여,57세,상해없음,승용,남,39세,경상
2016122200100645,2016년 12월 22일 21시,목요일,대전광역시 서구 복수동,중상사고,0,1,1,0,차대차 - 측면충돌,안전운전불이행,건조,맑음,단일로 - 기타,승용,여,55세,상해없음,승용,남,60세,경상
2016122200100674,2016년 12월 22일 22시,목요일,대전광역시 대덕구 오정동,경상사고,0,0,2,0,차대차 - 기타,안전운전불이행,건조,맑음,교차로 - 교차로안,승용,남,33세,상해없음,승용,남,33세,경상
2016122300100021,2016년 12월 23일 00시,금요일,대전광역시 동구 중동,경상사고,0,0,1,0,차대차 - 추돌,안전운전불이행,습기,비,단일로 - 기타,승용,남,25세,상해없음,승용,남,46세,경상
2016122300100022,2016년 12월 23일 00시,금요일,대전광역시 동구 자양동,경상사고,0,0,1,0,차대차 - 추돌,안전운전불이행,습기,비,단일로 - 기타,승용,남,29세,상해없음,승용,남,29세,경상
2016122300100061,2016년 12월 23일 04시,금요일,대전광역시 대덕구 문평동,경상사고,0,0,1,0,차대차 - 추돌,안전운전불이행,건조,맑음,단일로 - 기타,화물,남,50세,상해없음,화물,남,59세,경상
2016122300100071,2016년 12월 23일 05시,금요일,대전광역시 서구 갈마동,경상사고,0,0,1,0,차대차 - 추돌,안전운전불이행,건조,맑음,단일로 - 기타,승용,남,29세,상해없음,승용,남,64세,경상
2016122300100111,2016년 12월 23일 07시,금요일,대전광역시 유성구 반석동,경상사고,0,0,1,0,차대차 - 추돌,안전운전불이행,건조,맑음,교차로 - 교차로안,승용,남,35세,기타불명,승용,여,33세,경상
2016122300100150,2016년 12월 23일 08시,금요일,대전광역시 서구 둔산동,경상사고,0,0,1,0,차대차 - 기타,안전거리미확보,습기,맑음,단일로 - 기타,승용,남,57세,상해없음,승용,남,42세,상해없음
2016122300100187,2016년 12월 23일 09시,금요일,대전광역시 서구 둔산동,경상사고,0,0,2,0,차대차 - 측면직각충돌,신호위반,습기,비,교차로 - 교차로안,승용,여,54세,상해없음,승용,남,59세,경상
2016122300100208,2016년 12월 23일 10시,금요일,대전광역시 서구 가수원동,경상사고,0,0,1,0,차대차 - 기타,안전운전불이행,습기,눈,단일로 - 기타,승용,남,60세,상해없음,승용,여,40세,경상
2016122300100209,2016년 12월 23일 10시,금요일,대전광역시 대덕구 오정동,중상사고,0,1,0,0,차대차 - 측면충돌,신호위반,습기,눈,교차로 - 교차로부근,화물,남,43세,기타불명,승용,남,31세,중상
2016122300100210,2016년 12월 23일 10시,금요일,대전광역시 유성구 방동,경상사고,0,0,1,0,차대차 - 추돌,안전운전불이행,습기,눈,단일로 - 기타,승용,여,48세,상해없음,승용,여,34세,경상
2016122300100211,2016년 12월 23일 10시,금요일,대전광역시 유성구 봉명동,경상사고,0,0,1,0,차대차 - 측면충돌,안전운전불이행,건조,맑음,단일로 - 기타,승용,여,53세,상해없음,승용,남,52세,경상
2016122300100272,2016년 12월 23일 12시,금요일,대전광역시 중구 오류동,경상사고,0,0,1,0,차대차 - 측면직각충돌,안전운전불이행,습기,비,단일로 - 기타,승용,여,26세,상해없음,승용,남,54세,경상
2016122300100273,2016년 12월 23일 12시,금요일,대전광역시 서구 둔산동,경상사고,0,0,2,0,차대차 - 기타,신호위반,건조,맑음,교차로 - 교차로안,승용,남,37세,상해없음,승용,남,37세,상해없음
2016122300100303,2016년 12월 23일 13시,금요일,대전광역시 중구 대흥동,경상사고,0,0,1,0,차대차 - 측면직각충돌,안전운전불이행,습기,비,단일로 - 기타,승용,남,34세,상해없음,원동기,남,45세,경상
2016122300100324,2016년 12월 23일 14시,금요일,대전광역시 유성구 장대동,경상사고,0,0,1,0,차대차 - 기타,기타,건조,맑음,단일로 - 기타,이륜,남,43세,기타불명,승용,남,40세,경상
2016122300100392,2016년 12월 23일 16시,금요일,대전광역시 서구 탄방동,경상사고,0,0,1,0,차대차 - 추돌,교차로운행방법위반,건조,맑음,교차로 - 교차로안,승용,여,34세,상해없음,승용,남,57세,경상
2016122300100427,2016년 12월 23일 17시,금요일,대전광역시 중구 오류동,경상사고,0,0,2,0,차대차 - 측면직각충돌,안전운전불이행,건조,맑음,단일로 - 기타,승용,남,24세,상해없음,승용,남,40세,경상
2016122300100428,2016년 12월 23일 17시,금요일,대전광역시 서구 관저동,경상사고,0,0,1,0,차대차 - 추돌,안전거리미확보,건조,맑음,단일로 - 기타,승용,여,52세,상해없음,승용,남,26세,경상
2016122300100429,2016년 12월 23일 17시,금요일,대전광역시 서구 둔산동,경상사고,0,0,1,0,차대차 - 추돌,안전운전불이행,건조,맑음,교차로 - 교차로안,승용,남,47세,상해없음,이륜,남,23세,경상
2016122300100484,2016년 12월 23일 18시,금요일,대전광역시 대덕구 신탄진동,부상신고사고,0,0,0,1,차대차 - 추돌,안전운전불이행,건조,맑음,교차로 - 교차로부근,승용,남,40세,상해없음,승용,여,27세,부상신고
2016122300100485,2016년 12월 23일 18시,금요일,대전광역시 유성구 봉명동,경상사고,0,0,1,0,차대차 - 측면직각충돌,중앙선침범,건조,맑음,단일로 - 기타,승용,남,27세,상해없음,승용,남,35세,경상
2016122300100532,2016년 12월 23일 19시,금요일,대전광역시 서구 둔산동,경상사고,0,0,1,0,차대차 - 추돌,안전거리미확보,건조,맑음,교차로 - 교차로부근,승용,여,27세,상해없음,승용,여,45세,경상
2016122300100611,2016년 12월 23일 21시,금요일,대전광역시 대덕구 중리동,경상사고,0,0,1,0,차대차 - 추돌,안전운전불이행,건조,맑음,단일로 - 기타,승용,여,32세,상해없음,승용,남,54세,경상
2016122300100658,2016년 12월 23일 22시,금요일,대전광역시 중구 태평동,중상사고,0,1,0,0,차대사람 - 횡단중,안전운전불이행,건조,맑음,교차로 - 교차로안,승합,남,36세,상해없음,보행자,여,75세,중상
2016122300100689,2016년 12월 23일 23시,금요일,대전광역시 서구 둔산동,경상사고,0,0,1,0,차대차 - 추돌,안전운전불이행,건조,맑음,단일로 - 기타,승용,남,25세,상해없음,승용,남,32세,경상
2016122400100021,2016년 12월 24일 00시,토요일,대전광역시 동구 대동,경상사고,0,0,1,0,차대차 - 추돌,안전운전불이행,건조,맑음,단일로 - 기타,승용,남,23세,상해없음,승용,남,32세,경상
2016122400100022,2016년 12월 24일 00시,토요일,대전광역시 서구 둔산동,경상사고,0,0,1,0,차대사람 - 기타,안전운전불이행,건조,맑음,단일로 - 기타,승용,남,23세,상해없음,보행자,남,21세,경상
2016122400100046,2016년 12월 24일 01시,토요일,대전광역시 서구 변동,중상사고,0,5,1,0,차대차 - 측면충돌,신호위반,건조,맑음,교차로 - 교차로안,승용,남,49세,경상,승용,남,61세,중상
2016122400100084,2016년 12월 24일 03시,토요일,대전광역시 서구 가장동,경상사고,0,0,1,2,차대차 - 추돌,안전운전불이행,건조,흐림,교차로 - 교차로부근,승용,여,31세,상해없음,승용,남,38세,경상
2016122400100109,2016년 12월 24일 05시,토요일,대전광역시 유성구 봉명동,사망사고,1,0,0,0,차대사람 - 횡단중,신호위반,건조,맑음,교차로 - 교차로부근,승용,남,53세,상해없음,보행자,여,78세,사망
2016122400100124,2016년 12월 24일 06시,토요일,대전광역시 서구 도마동,중상사고,0,1,0,0,차대사람 - 횡단중,안전운전불이행,건조,맑음,단일로 - 횡단보도부근,승용,남,36세,상해없음,보행자,여,82세,중상
2016122400100125,2016년 12월 24일 06시,토요일,대전광역시 유성구 구암동,경상사고,0,0,1,0,차대차 - 추돌,안전거리미확보,건조,맑음,단일로 - 기타,승용,여,47세,상해없음,이륜,남,45세,경상
2016122400100164,2016년 12월 24일 09시,토요일,대전광역시 중구 용두동,경상사고,0,0,1,0,차대차 - 측면직각충돌,안전거리미확보,건조,맑음,단일로 - 기타,승용,여,52세,상해없음,승용,여,58세,경상
2016122400100211,2016년 12월 24일 11시,토요일,대전광역시 중구 오류동,경상사고,0,0,1,0,차대사람 - 횡단중,안전운전불이행,건조,맑음,단일로 - 기타,승용,남,47세,상해없음,보행자,남,64세,경상
2016122400100259,2016년 12월 24일 13시,토요일,대전광역시 중구 대흥동,경상사고,0,0,2,0,차대차 - 추돌,안전운전불이행,건조,맑음,교차로 - 교차로안,승용,기타불명,기타불명,기타불명,승용,남,35세,경상
2016122400100281,2016년 12월 24일 14시,토요일,대전광역시 동구 대동,경상사고,0,0,1,0,차대차 - 정면충돌,안전운전불이행,건조,맑음,단일로 - 기타,승용,남,57세,상해없음,이륜,남,22세,경상
2016122400100282,2016년 12월 24일 14시,토요일,대전광역시 대덕구 신대동,경상사고,0,0,1,0,차대차 - 기타,안전운전불이행,건조,맑음,단일로 - 기타,승합,남,58세,상해없음,승용,여,35세,경상
2016122400100283,2016년 12월 24일 14시,토요일,대전광역시 유성구 봉명동,경상사고,0,0,1,0,차대사람 - 횡단중,안전운전불이행,건조,맑음,단일로 - 기타,승용,여,50세,상해없음,보행자,남,8세,경상
2016122400100314,2016년 12월 24일 15시,토요일,대전광역시 유성구 봉명동,중상사고,0,1,1,0,차대차 - 기타,신호위반,건조,맑음,교차로 - 교차로안,승용,남,85세,상해없음,승용,남,53세,경상
2016122400100315,2016년 12월 24일 15시,토요일,대전광역시 유성구 봉명동,중상사고,0,1,0,0,차대차 - 측면직각충돌,안전거리미확보,습기,맑음,단일로 - 기타,승용,남,26세,상해없음,승용,남,37세,중상
2016122400100338,2016년 12월 24일 16시,토요일,대전광역시 유성구 탑립동,경상사고,0,0,1,0,차대차 - 측면직각충돌,신호위반,건조,맑음,교차로 - 교차로안,화물,남,66세,상해없음,승용,남,51세,경상
2016122400100379,2016년 12월 24일 17시,토요일,대전광역시 동구 가양동,경상사고,0,0,1,0,차대차 - 추돌,안전운전불이행,건조,맑음,단일로 - 기타,승용,남,25세,상해없음,화물,남,60세,경상
2016122400100380,2016년 12월 24일 17시,토요일,대전광역시 서구 가장동,경상사고,0,0,2,0,차대차 - 추돌,안전운전불이행,건조,맑음,교차로 - 교차로부근,승용,여,38세,상해없음,승용,남,48세,경상
2016122400100430,2016년 12월 24일 18시,토요일,대전광역시 유성구 용계동,경상사고,0,0,6,0,차대차 - 추돌,안전운전불이행,건조,맑음,교차로 - 교차로부근,승용,남,56세,상해없음,승용,남,36세,경상
2016122400100431,2016년 12월 24일 18시,토요일,대전광역시 유성구 장대동,중상사고,0,4,0,0,차대차 - 측면직각충돌,안전운전불이행,건조,맑음,교차로 - 교차로부근,승용,남,57세,기타불명,승용,남,36세,중상
2016122400100466,2016년 12월 24일 19시,토요일,대전광역시 중구 문화동,경상사고,0,0,3,0,차대차 - 측면직각충돌,안전운전불이행,건조,맑음,교차로 - 교차로안,승용,남,70세,상해없음,승용,남,54세,경상
2016122400100467,2016년 12월 24일 19시,토요일,대전광역시 대덕구 비래동,경상사고,0,0,1,0,차대사람 - 보도통행중,안전운전불이행,건조,맑음,단일로 - 기타,승용,남,75세,기타불명,보행자,여,23세,경상
2016122400100504,2016년 12월 24일 20시,토요일,대전광역시 서구 도마동,경상사고,0,0,2,0,차대차 - 측면충돌,안전운전불이행,건조,맑음,교차로 - 교차로부근,승용,남,46세,상해없음,승용,여,61세,상해없음
2016122500100104,2016년 12월 25일 08시,일요일,대전광역시 유성구 봉명동,경상사고,0,0,1,0,차대차 - 정면충돌,교차로운행방법위반,건조,맑음,교차로 - 교차로안,승용,남,19세,상해없음,승용,남,47세,경상
2016122500100116,2016년 12월 25일 09시,일요일,대전광역시 서구 도마동,중상사고,0,1,0,0,차대차 - 추돌,안전운전불이행,건조,맑음,교차로 - 교차로부근,승용,남,22세,상해없음,승용,남,68세,중상
2016122500100135,2016년 12월 25일 10시,일요일,대전광역시 중구 유천동,경상사고,0,0,1,0,차대차 - 추돌,안전거리미확보,건조,맑음,단일로 - 기타,승용,남,22세,상해없음,원동기,남,56세,경상
2016122500100136,2016년 12월 25일 10시,일요일,대전광역시 서구 탄방동,중상사고,0,1,0,0,차량단독 - 전도전복,안전운전불이행,건조,맑음,교차로 - 교차로부근,자전거,남,64세,중상,,,,
2016122500100172,2016년 12월 25일 12시,일요일,대전광역시 중구 문화동,경상사고,0,0,1,0,차대차 - 추돌,안전운전불이행,건조,맑음,단일로 - 기타,화물,남,53세,상해없음,승용,남,26세,상해없음
2016122500100173,2016년 12월 25일 12시,일요일,대전광역시 서구 도마동,중상사고,0,2,2,0,차대차 - 추돌,안전거리미확보,건조,맑음,교차로 - 교차로안,승용,남,59세,상해없음,승용,여,38세,중상
2016122500100208,2016년 12월 25일 13시,일요일,대전광역시 대덕구 오정동,경상사고,0,0,2,0,차대차 - 추돌,차로위반,건조,맑음,단일로 - 기타,화물,남,48세,상해없음,승용,남,47세,경상
2016122500100254,2016년 12월 25일 15시,일요일,대전광역시 서구 월평동,중상사고,0,1,0,0,차대사람 - 횡단중,안전운전불이행,건조,맑음,단일로 - 기타,화물,여,56세,상해없음,보행자,여,78세,중상
2016122500100300,2016년 12월 25일 17시,일요일,대전광역시 서구 괴정동,중상사고,0,1,0,0,차대사람 - 횡단중,안전운전불이행,건조,맑음,단일로 - 기타,이륜,남,49세,상해없음,보행자,남,18세,중상
2016122500100301,2016년 12월 25일 17시,일요일,대전광역시 대덕구 비래동,경상사고,0,0,1,0,차대차 - 추돌,안전운전불이행,건조,맑음,단일로 - 기타,승용,남,41세,상해없음,화물,남,51세,경상
2016122500100336,2016년 12월 25일 18시,일요일,대전광역시 유성구 관평동,경상사고,0,0,1,0,차대차 - 기타,안전운전불이행,건조,맑음,단일로 - 기타,승용,여,40세,상해없음,이륜,남,31세,경상
2016122500100391,2016년 12월 25일 20시,일요일,대전광역시 동구 가양동,경상사고,0,0,1,0,차대차 - 추돌,안전운전불이행,건조,맑음,단일로 - 기타,이륜,남,37세,경상,승용,남,50세,상해없음
2016122500100415,2016년 12월 25일 21시,일요일,대전광역시 중구 대흥동,경상사고,0,0,1,0,차대차 - 추돌,안전운전불이행,건조,맑음,교차로 - 교차로안,승용,남,23세,상해없음,승용,남,29세,경상