사고번호,사고일시,요일,시군구,사고내용,사망자수,중상자수,경상자수,부상신고자수,사고유형,법규위반,노면상태,기상상태,도로형태,가해운전자 차종,가해운전자 성별,가해운전자 연령,가해운전자 상해정도,피해운전자 차종,피해운전자 성별,피해운전자 연령,피해운전자 상해정도
2016122500100437,2016년 12월 25일 22시,일요일,대전광역시 중구 중촌동,경상사고,0,0,4,0,차대차 - 추돌,안전운전불이행,건조,맑음,교차로 - 교차로안,승용,남,59세,상해없음,승용,남,31세,경상
2016122500100451,2016년 12월 25일 23시,일요일,대전광역시 동구 소제동,경상사고,0,0,2,0,차대사람 - 횡단중,안전운전불이행,건조,맑음,단일로 - 기타,승용,남,56세,상해없음,보행자,남,21세,경상
2016122500100452,2016년 12월 25일 23시,일요일,대전광역시 유성구 장대동,경상사고,0,0,1,0,차대차 - 기타,안전운전불이행,건조,맑음,교차로 - 교차로안,승용,남,50세,상해없음,승용,남,27세,상해없음
2016122600100013,2016년 12월 26일 00시,월요일,대전광역시 중구 산성동,경상사고,0,0,1,0,차대사람 - 횡단중,안전운전불이행,건조,맑음,단일로 - 기타,승용,남,50세,상해없음,보행자,남,53세,경상
2016122600100014,2016년 12월 26일 00시,월요일,대전광역시 동구 삼성동,중상사고,0,1,1,0,차대차 - 측면충돌,안전운전불이행,건조,맑음,교차로 - 교차로부근,승용,남,64세,상해없음,승용,남,52세,경상
2016122600100074,2016년 12월 26일 06시,월요일,대전광역시 중구 선화동,부상신고사고,0,0,0,1,차대차 - 추돌,안전거리미확보,건조,맑음,교차로 - 교차로부근,승용,남,50세,상해없음,화물,남,52세,부상신고
2016122600100085,2016년 12월 26일 07시,월요일,대전광역시 유성구 장동,중상사고,0,1,1,0,차대차 - 정면충돌,차로위반,건조,맑음,단일로 - 기타,승용,여,58세,중상,화물,남,51세,경상
2016122600100129,2016년 12월 26일 08시,월요일,대전광역시 중구 오류동,중상사고,0,1,2,0,차대차 - 정면충돌,중앙선침범,건조,맑음,교차로 - 교차로안,승합,남,61세,상해없음,승용,여,57세,경상
2016122600100152,2016년 12월 26일 09시,월요일,대전광역시 중구 안영동,중상사고,0,1,0,0,차대차 - 측면직각충돌,안전거리미확보,습기,비,단일로 - 기타,승용,여,49세,상해없음,화물,남,52세,중상
2016122600100153,2016년 12월 26일 09시,월요일,대전광역시 중구 문화동,중상사고,0,1,0,0,차대사람 - 기타,안전운전불이행,건조,맑음,교차로 - 교차로안,승용,남,64세,상해없음,보행자,여,66세,중상
2016122600100154,2016년 12월 26일 09시,월요일,대전광역시 유성구 신성동,경상사고,0,0,1,0,차대차 - 정면충돌,신호위반,습기,비,교차로 - 교차로안,승용,남,36세,상해없음,승용,남,40세,경상
2016122600100173,2016년 12월 26일 10시,월요일,대전광역시 서구 탄방동,경상사고,0,0,3,0,차대차 - 측면직각충돌,안전거리미확보,습기,비,단일로 - 기타,승용,남,73세,상해없음,승용,남,35세,경상
2016122600100174,2016년 12월 26일 10시,월요일,대전광역시 서구 탄방동,경상사고,0,0,1,0,차대사람 - 기타,중앙선침범,건조,맑음,단일로 - 기타,승용,남,48세,상해없음,보행자,남,51세,경상
2016122600100226,2016년 12월 26일 12시,월요일,대전광역시 중구 오류동,경상사고,0,0,1,0,차대차 - 측면직각충돌,안전운전불이행,습기,비,교차로 - 교차로부근,화물,남,72세,상해없음,승용,여,64세,경상
2016122600100227,2016년 12월 26일 12시,월요일,대전광역시 서구 탄방동,경상사고,0,0,1,0,차대사람 - 횡단중,안전운전불이행,습기,비,단일로 - 기타,승용,여,33세,상해없음,보행자,남,69세,경상
2016122600100258,2016년 12월 26일 13시,월요일,대전광역시 유성구 문지동,경상사고,0,0,1,0,차대차 - 측면직각충돌,안전거리미확보,습기,비,단일로 - 기타,승용,남,60세,상해없음,승용,여,55세,경상
2016122600100347,2016년 12월 26일 16시,월요일,대전광역시 동구 인동,중상사고,0,1,0,0,차대사람 - 횡단중,안전운전불이행,건조,맑음,단일로 - 기타,화물,남,72세,상해없음,보행자,여,17세,중상
2016122600100348,2016년 12월 26일 16시,월요일,대전광역시 서구 탄방동,경상사고,0,0,2,0,차대차 - 추돌,안전거리미확보,습기,비,단일로 - 기타,승용,여,27세,상해없음,승용,남,28세,경상
2016122600100396,2016년 12월 26일 17시,월요일,대전광역시 서구 둔산동,중상사고,0,1,0,0,차량단독 - 기타,기타,습기,비,단일로 - 기타,승합,남,54세,상해없음,,,,
2016122600100459,2016년 12월 26일 18시,월요일,대전광역시 유성구 지족동,경상사고,0,0,3,0,차대차 - 추돌,안전운전불이행,습기,비,단일로 - 기타,승용,남,44세,상해없음,승용,여,44세,경상
2016122600100504,2016년 12월 26일 19시,월요일,대전광역시 중구 대흥동,경상사고,0,0,1,0,차대사람 - 차도통행중,안전운전불이행,습기,비,단일로 - 기타,승용,남,24세,상해없음,보행자,남,43세,경상
2016122600100573,2016년 12월 26일 21시,월요일,대전광역시 중구 오류동,경상사고,0,0,1,0,차대차 - 추돌,불법유턴,습기,비,단일로 - 기타,승용,남,59세,상해없음,승용,남,27세,경상
2016122600100574,2016년 12월 26일 21시,월요일,대전광역시 동구 판암동,부상신고사고,0,0,0,1,차대사람 - 횡단중,안전운전불이행,습기,비,기타 - 기타,승용,남,59세,상해없음,보행자,남,46세,부상신고
2016122600100575,2016년 12월 26일 21시,월요일,대전광역시 서구 괴정동,경상사고,0,0,2,0,차대차 - 추돌,안전운전불이행,건조,맑음,단일로 - 기타,승용,남,60세,상해없음,승용,남,34세,경상
2016122600100605,2016년 12월 26일 22시,월요일,대전광역시 유성구 자운동,경상사고,0,0,1,0,차대차 - 추돌,안전운전불이행,건조,맑음,교차로 - 교차로안,승용,남,65세,상해없음,승용,여,24세,경상
2016122700100048,2016년 12월 27일 04시,화요일,대전광역시 동구 비룡동,경상사고,0,0,2,0,차대차 - 기타,안전운전불이행,습기,비,단일로 - 기타,화물,남,59세,상해없음,승용,남,33세,경상
2016122700100154,2016년 12월 27일 09시,화요일,대전광역시 동구 삼성동,사망사고,1,0,0,0,차대차 - 측면충돌,기타,건조,맑음,단일로 - 횡단보도상,자전거,여,49세,사망,승용,남,53세,상해없음
2016122700100256,2016년 12월 27일 13시,화요일,대전광역시 유성구 원내동,경상사고,0,0,3,0,차대차 - 측면직각충돌,안전거리미확보,건조,맑음,단일로 - 기타,승용,여,37세,상해없음,승용,여,50세,경상
2016122700100333,2016년 12월 27일 15시,화요일,대전광역시 동구 용전동,경상사고,0,0,1,0,차대사람 - 횡단중,보행자보호의무위반,건조,맑음,단일로 - 횡단보도상,승용,여,26세,상해없음,보행자,여,70세,경상
2016122700100334,2016년 12월 27일 15시,화요일,대전광역시 서구 둔산동,경상사고,0,0,1,0,차대사람 - 길가장자리구역통행중,안전운전불이행,건조,맑음,단일로 - 기타,승용,여,52세,상해없음,보행자,남,18세,경상
2016122700100366,2016년 12월 27일 16시,화요일,대전광역시 중구 부사동,중상사고,0,1,1,0,차량단독 - 기타,기타,건조,맑음,단일로 - 기타,승합,남,54세,상해없음,,,,
2016122700100403,2016년 12월 27일 17시,화요일,대전광역시 서구 둔산동,경상사고,0,0,4,0,차대차 - 추돌,신호위반,건조,맑음,교차로 - 교차로안,승용,여,44세,상해없음,승용,남,36세,경상
2016122700100449,2016년 12월 27일 18시,화요일,대전광역시 중구 태평동,중상사고,0,1,0,0,차대사람 - 횡단중,안전운전불이행,건조,맑음,교차로 - 교차로부근,기타불명,기타불명,기타불명,기타불명,보행자,여,62세,중상
2016122700100451,2016년 12월 27일 18시,화요일,대전광역시 서구 관저동,중상사고,0,1,0,0,차대사람 - 횡단중,안전운전불이행,건조,맑음,단일로 - 횡단보도부근,승용,남,29세,상해없음,보행자,여,47세,중상
2016122700100452,2016년 12월 27일 18시,화요일,대전광역시 서구 복수동,경상사고,0,0,1,0,차대차 - 추돌,안전운전불이행,건조,맑음,단일로 - 기타,기타불명,기타불명,기타불명,기타불명,승용,여,53세,경상
2016122700100453,2016년 12월 27일 18시,화요일,대전광역시 유성구 봉명동,경상사고,0,0,1,0,차대차 - 측면직각충돌,신호위반,건조,맑음,교차로 - 교차로안,승용,남,50세,상해없음,승용,여,29세,경상
2016122700100512,2016년 12월 27일 20시,화요일,대전광역시 중구 유천동,경상사고,0,0,2,0,차대차 - 추돌,안전운전불이행,건조,맑음,교차로 - 교차로부근,승용,남,46세,상해없음,승용,남,64세,경상
2016122700100541,2016년 12월 27일 21시,화요일,대전광역시 유성구 봉명동,경상사고,0,0,1,0,차량단독 - 전도전복,안전운전불이행,건조,맑음,단일로 - 기타,승용,여,53세,경상,,,,
2016122700100585,2016년 12월 27일 23시,화요일,대전광역시 서구 둔산동,경상사고,0,0,1,0,차대차 - 측면직각충돌,신호위반,건조,맑음,교차로 - 교차로안,승합,남,22세,상해없음,승용,여,26세,경상
2016122800100032,2016년 12월 28일 01시,수요일,대전광역시 유성구 원신흥동,경상사고,0,0,1,0,차대차 - 추돌,안전운전불이행,건조,맑음,교차로 - 교차로부근,승용,남,29세,상해없음,승용,남,59세,경상
2016122800100051,2016년 12월 28일 03시,수요일,대전광역시 대덕구 오정동,중상사고,0,1,0,0,차대사람 - 횡단중,안전운전불이행,건조,맑음,교차로 - 교차로부근,승용,남,31세,상해없음,보행자,여,64세,중상
2016122800100064,2016년 12월 28일 05시,수요일,대전광역시 대덕구 법동,경상사고,0,0,1,0,차대차 - 정면충돌,중앙선침범,건조,맑음,단일로 - 기타,승용,남,40세,상해없음,승합,남,35세,경상
2016122800100136,2016년 12월 28일 08시,수요일,대전광역시 대덕구 오정동,경상사고,0,0,6,0,차대차 - 추돌,기타,건조,맑음,단일로 - 기타,승용,남,46세,상해없음,승합,남,55세,상해없음
2016122800100177,2016년 12월 28일 09시,수요일,대전광역시 동구 삼성동,중상사고,0,1,0,0,차대차 - 측면충돌,교차로운행방법위반,건조,맑음,교차로 - 교차로안,승용,여,56세,상해없음,이륜,남,78세,중상
2016122800100293,2016년 12월 28일 13시,수요일,대전광역시 동구 가오동,경상사고,0,0,2,0,차대차 - 측면충돌,안전거리미확보,건조,맑음,단일로 - 기타,승용,남,41세,상해없음,승용,여,54세,경상
2016122800100331,2016년 12월 28일 14시,수요일,대전광역시 서구 갈마동,경상사고,0,0,1,0,차대차 - 기타,교차로운행방법위반,건조,맑음,교차로 - 교차로안,승용,여,30세,상해없음,승용,남,64세,경상
2016122800100332,2016년 12월 28일 14시,수요일,대전광역시 유성구 노은동,경상사고,0,0,1,0,차대차 - 기타,안전운전불이행,건조,맑음,교차로 - 교차로부근,승용,여,38세,상해없음,자전거,남,10세,경상
2016122800100362,2016년 12월 28일 15시,수요일,대전광역시 동구 용운동,중상사고,0,1,1,0,차대차 - 측면충돌,신호위반,건조,맑음,교차로 - 교차로안,승용,남,76세,상해없음,승용,남,63세,경상
2016122800100395,2016년 12월 28일 16시,수요일,대전광역시 서구 둔산동,경상사고,0,0,1,0,차대차 - 기타,신호위반,건조,맑음,교차로 - 교차로안,승용,여,47세,상해없음,승용,여,25세,경상
2016122800100431,2016년 12월 28일 17시,수요일,대전광역시 서구 둔산동,경상사고,0,0,2,0,차대사람 - 횡단중,안전운전불이행,건조,맑음,교차로 - 교차로안,승용,여,36세,상해없음,보행자,여,18세,경상
2016122800100432,2016년 12월 28일 17시,수요일,대전광역시 유성구 방동,경상사고,0,0,1,0,차대차 - 측면직각충돌,안전운전불이행,건조,맑음,단일로 - 기타,화물,남,58세,상해없음,승용,여,57세,경상
2016122800100492,2016년 12월 28일 18시,수요일,대전광역시 동구 가오동,경상사고,0,0,1,0,차대차 - 측면충돌,안전운전불이행,건조,맑음,교차로 - 교차로안,승용,여,61세,상해없음,승용,여,53세,경상
2016122800100493,2016년 12월 28일 18시,수요일,대전광역시 대덕구 읍내동,중상사고,0,1,0,0,차대차 - 측면충돌,안전운전불이행,건조,맑음,단일로 - 기타,승용,여,55세,상해없음,승용,남,53세,중상
2016122800100494,2016년 12월 28일 18시,수요일,대전광역시 서구 둔산동,중상사고,0,1,0,0,차대차 - 측면직각충돌,안전운전불이행,건조,맑음,단일로 - 횡단보도상,승용,여,28세,상해없음,자전거,남,57세,중상
2016122800100531,2016년 12월 28일 19시,수요일,대전광역시 서구 정림동,경상사고,0,0,1,0,차대차 - 측면직각충돌,안전거리미확보,건조,맑음,단일로 - 기타,승용,남,32세,상해없음,승용,남,28세,경상
2016122800100581,2016년 12월 28일 21시,수요일,대전광역시 서구 둔산동,경상사고,0,0,1,0,차대사람 - 기타,안전운전불이행,건조,맑음,단일로 - 기타,승용,여,61세,상해없음,보행자,여,49세,경상
2016122800100603,2016년 12월 28일 22시,수요일,대전광역시 중구 부사동,경상사고,0,0,1,0,차대사람 - 횡단중,신호위반,건조,맑음,교차로 - 교차로안,승용,남,56세,상해없음,보행자,여,15세,경상
2016122800100635,2016년 12월 28일 23시,수요일,대전광역시 서구 변동,경상사고,0,0,1,0,차대차 - 추돌,안전운전불이행,건조,맑음,교차로 - 교차로부근,승용,남,28세,상해없음,승용,여,38세,경상
2016122800100636,2016년 12월 28일 23시,수요일,대전광역시 유성구 봉명동,경상사고,0,0,1,0,차대사람 - 기타,안전운전불이행,건조,맑음,단일로 - 기타,승용,남,28세,상해없음,보행자,남,29세,경상
2016122900100038,2016년 12월 29일 01시,목요일,대전광역시 서구 도마동,경상사고,0,0,1,0,차대사람 - 기타,안전거리미확보,건조,맑음,단일로 - 기타,기타불명,기타불명,기타불명,기타불명,보행자,남,22세,경상
2016122900100039,2016년 12월 29일 01시,목요일,대전광역시 유성구 봉명동,경상사고,0,0,1,0,차대차 - 측면직각충돌,신호위반,건조,맑음,교차로 - 교차로안,기타불명,기타불명,기타불명,기타불명,승용,남,28세,경상
2016122900100144,2016년 12월 29일 07시,목요일,대전광역시 대덕구 상서동,경상사고,0,0,1,0,차대차 - 추돌,교차로운행방법위반,결빙,눈,교차로 - 교차로안,승용,남,54세,상해없음,승용,여,52세,경상
2016122900100186,2016년 12월 29일 08시,목요일,대전광역시 중구 중촌동,중상사고,0,2,1,0,차대차 - 측면직각충돌,안전운전불이행,결빙,맑음,단일로 - 기타,화물,남,26세,상해없음,승용,여,26세,중상
2016122900100187,2016년 12월 29일 08시,목요일,대전광역시 중구 문화동,중상사고,0,1,0,0,차량단독 - 공작물충돌,안전운전불이행,결빙,맑음,단일로 - 기타,승용,남,57세,상해없음,,,,
2016122900100189,2016년 12월 29일 08시,목요일,대전광역시 대덕구 와동,경상사고,0,0,1,0,차대차 - 측면충돌,안전거리미확보,결빙,흐림,미분류 - 미분류,승용,남,56세,상해없음,이륜,남,28세,경상
2016122900100190,2016년 12월 29일 08시,목요일,대전광역시 대덕구 읍내동,경상사고,0,0,1,0,차대차 - 추돌,안전거리미확보,결빙,흐림,단일로 - 기타,승용,남,65세,상해없음,승용,남,32세,경상
2016122900100191,2016년 12월 29일 08시,목요일,대전광역시 서구 만년동,중상사고,0,1,0,0,차대사람 - 기타,안전운전불이행,적설,흐림,교차로 - 교차로부근,화물,남,33세,상해없음,보행자,남,76세,중상
2016122900100192,2016년 12월 29일 08시,목요일,대전광역시 서구 만년동,경상사고,0,0,1,0,차대차 - 측면직각충돌,안전운전불이행,결빙,흐림,교차로 - 교차로안,승용,남,41세,상해없음,자전거,남,22세,경상
2016122900100193,2016년 12월 29일 08시,목요일,대전광역시 유성구 전민동,경상사고,0,0,1,0,차대차 - 기타,교차로운행방법위반,적설,맑음,교차로 - 교차로부근,승용,여,39세,상해없음,자전거,남,42세,경상
2016122900100323,2016년 12월 29일 12시,목요일,대전광역시 서구 둔산동,경상사고,0,0,1,0,차대차 - 측면직각충돌,교차로운행방법위반,건조,맑음,교차로 - 교차로안,승용,여,31세,상해없음,승용,남,68세,경상
2016122900100404,2016년 12월 29일 14시,목요일,대전광역시 유성구 봉명동,경상사고,0,0,1,0,차대차 - 측면충돌,교차로운행방법위반,건조,맑음,교차로 - 교차로부근,승용,여,55세,상해없음,자전거,여,48세,경상
2016122900100433,2016년 12월 29일 15시,목요일,대전광역시 서구 둔산동,경상사고,0,0,1,0,차대차 - 측면직각충돌,교차로운행방법위반,건조,맑음,교차로 - 교차로부근,승용,여,47세,상해없음,승용,여,42세,경상
2016122900100434,2016년 12월 29일 15시,목요일,대전광역시 유성구 죽동,경상사고,0,0,1,0,차대차 - 기타,안전운전불이행,건조,맑음,교차로 - 교차로부근,승용,남,48세,기타불명,자전거,여,20세,경상
2016122900100472,2016년 12월 29일 16시,목요일,대전광역시 유성구 노은동,부상신고사고,0,0,0,1,차대차 - 측면충돌,안전운전불이행,건조,맑음,교차로 - 교차로안,승용,남,62세,기타불명,승용,여,49세,부상신고
2016122900100508,2016년 12월 29일 17시,목요일,대전광역시 유성구 궁동,경상사고,0,0,1,0,차대차 - 측면직각충돌,교차로운행방법위반,건조,맑음,교차로 - 교차로안,승용,남,63세,상해없음,원동기,남,38세,경상
2016122900100569,2016년 12월 29일 18시,목요일,대전광역시 대덕구 오정동,중상사고,0,1,0,0,차대사람 - 횡단중,보행자보호의무위반,건조,맑음,교차로 - 교차로부근,승용,남,43세,상해없음,보행자,여,58세,중상
2016122900100667,2016년 12월 29일 20시,목요일,대전광역시 서구 탄방동,경상사고,0,0,1,0,차대차 - 추돌,중앙선침범,건조,맑음,단일로 - 기타,이륜,남,49세,상해없음,이륜,남,27세,경상
2016122900100791,2016년 12월 29일 23시,목요일,대전광역시 중구 대흥동,중상사고,0,1,0,0,차대사람 - 횡단중,안전운전불이행,건조,맑음,단일로 - 기타,승용,남,26세,상해없음,보행자,여,37세,중상
2016122900100792,2016년 12월 29일 23시,목요일,대전광역시 동구 용전동,경상사고,0,0,2,0,차대차 - 측면충돌,안전거리미확보,건조,맑음,단일로 - 기타,승용,남,56세,상해없음,승용,남,57세,경상
2016122900100793,2016년 12월 29일 23시,목요일,대전광역시 대덕구 중리동,중상사고,0,1,0,0,차대사람 - 횡단중,과속,건조,맑음,단일로 - 횡단보도상,승용,남,23세,상해없음,보행자,남,24세,중상
2016123000100034,2016년 12월 30일 00시,금요일,대전광역시 유성구 송강동,경상사고,0,0,1,0,차대차 - 측면직각충돌,교차로운행방법위반,건조,맑음,교차로 - 교차로안,이륜,남,20세,상해없음,승용,여,36세,경상
2016123000100035,2016년 12월 30일 00시,금요일,대전광역시 유성구 구성동,경상사고,0,0,2,0,차대차 - 추돌,안전운전불이행,건조,맑음,교차로 - 교차로안,승용,남,49세,경상,승용,남,25세,경상
2016123000100077,2016년 12월 30일 02시,금요일,대전광역시 중구 태평동,중상사고,0,2,1,0,차대차 - 측면직각충돌,교차로운행방법위반,건조,흐림,교차로 - 교차로안,승용,남,46세,상해없음,승용,남,59세,경상
2016123000100096,2016년 12월 30일 04시,금요일,대전광역시 중구 문화동,경상사고,0,0,2,0,차대차 - 추돌,안전거리미확보,건조,맑음,단일로 - 기타,승용,남,32세,상해없음,승용,남,79세,경상
2016123000100200,2016년 12월 30일 08시,금요일,대전광역시 대덕구 읍내동,경상사고,0,0,1,0,차대차 - 측면충돌,중앙선침범,건조,맑음,단일로 - 기타,승용,남,27세,상해없음,승합,남,36세,경상
2016123000100201,2016년 12월 30일 08시,금요일,대전광역시 서구 갈마동,경상사고,0,0,1,0,차대차 - 추돌,차로위반,건조,맑음,교차로 - 교차로부근,승용,여,43세,상해없음,승용,남,25세,경상
2016123000100230,2016년 12월 30일 09시,금요일,대전광역시 서구 둔산동,경상사고,0,0,1,0,차대차 - 추돌,신호위반,건조,맑음,교차로 - 교차로안,승용,여,64세,상해없음,승용,남,68세,경상
2016123000100344,2016년 12월 30일 12시,금요일,대전광역시 서구 도마동,경상사고,0,0,2,0,차대차 - 정면충돌,안전운전불이행,건조,맑음,교차로 - 교차로안,승용,남,66세,상해없음,화물,남,74세,경상
2016123000100345,2016년 12월 30일 12시,금요일,대전광역시 서구 둔산동,경상사고,0,0,3,0,차대차 - 추돌,안전운전불이행,건조,맑음,교차로 - 교차로부근,승용,남,63세,상해없음,화물,남,37세,경상
2016123000100346,2016년 12월 30일 12시,금요일,대전광역시 서구 탄방동,경상사고,0,0,1,0,차대차 - 추돌,안전운전불이행,건조,맑음,단일로 - 기타,승용,남,58세,상해없음,승용,여,43세,경상
2016123000100432,2016년 12월 30일 14시,금요일,대전광역시 중구 문창동,경상사고,0,0,1,0,차대차 - 추돌,안전운전불이행,건조,맑음,단일로 - 기타,승용,남,58세,상해없음,승용,남,47세,경상
2016123000100471,2016년 12월 30일 15시,금요일,대전광역시 유성구 봉명동,경상사고,0,0,1,0,차대차 - 정면충돌,교차로운행방법위반,건조,맑음,교차로 - 교차로안,승용,남,32세,상해없음,승용,남,36세,경상
2016123000100564,2016년 12월 30일 17시,금요일,대전광역시 서구 관저동,경상사고,0,0,1,0,차대차 - 측면충돌,안전운전불이행,건조,맑음,단일로 - 기타,승용,남,57세,상해없음,이륜,남,46세,경상
2016123000100633,2016년 12월 30일 18시,금요일,대전광역시 대덕구 신탄진동,중상사고,0,1,0,0,차대차 - 추돌,안전거리미확보,건조,맑음,교차로 - 교차로안,승용,여,36세,상해없음,승용,여,56세,중상
2016123000100634,2016년 12월 30일 18시,금요일,대전광역시 서구 갈마동,경상사고,0,0,2,0,차대사람 - 횡단중,보행자보호의무위반,건조,맑음,교차로 - 교차로안,승용,여,41세,상해없음,보행자,여,18세,경상
2016123000100745,2016년 12월 30일 20시,금요일,대전광역시 대덕구 중리동,경상사고,0,0,1,0,차대차 - 추돌,교차로운행방법위반,건조,흐림,교차로 - 교차로안,승용,남,60세,상해없음,이륜,남,21세,경상
2016123000100746,2016년 12월 30일 20시,금요일,대전광역시 서구 둔산동,경상사고,0,0,1,1,차대차 - 추돌,안전운전불이행,건조,맑음,단일로 - 기타,승용,남,53세,상해없음,승용,남,51세,부상신고
2016123000100747,2016년 12월 30일 20시,금요일,대전광역시 서구 둔산동,중상사고,0,1,0,0,차대차 - 기타,안전운전불이행,건조,맑음,단일로 - 기타,승용,남,55세,상해없음,이륜,남,41세,중상
2016123000100772,2016년 12월 30일 21시,금요일,대전광역시 서구 가수원동,경상사고,0,0,6,0,차대차 - 측면충돌,안전운전불이행,건조,맑음,단일로 - 교량,승용,남,70세,상해없음,승용,남,55세,경상
2016123000100773,2016년 12월 30일 21시,금요일,대전광역시 유성구 상대동,경상사고,0,0,1,0,차대사람 - 횡단중,보행자보호의무위반,건조,맑음,교차로 - 교차로부근,승용,남,31세,상해없음,보행자,여,61세,경상
2016123000100774,2016년 12월 30일 21시,금요일,대전광역시 유성구 관평동,경상사고,0,0,1,0,차대차 - 정면충돌,중앙선침범,건조,맑음,교차로 - 교차로부근,원동기,남,31세,상해없음,승용,남,26세,경상
2016123000100806,2016년 12월 30일 22시,금요일,대전광역시 서구 가수원동,경상사고,0,0,1,0,차대차 - 측면직각충돌,안전운전불이행,건조,맑음,단일로 - 기타,승용,남,58세,상해없음,이륜,남,20세,경상
2016123000100842,2016년 12월 30일 23시,금요일,대전광역시 동구 인동,사망사고,1,0,0,0,차대사람 - 횡단중,안전운전불이행,건조,맑음,단일로 - 기타,승용,남,69세,상해없음,보행자,여,56세,사망
2016123100100027,2016년 12월 31일 00시,토요일,대전광역시 서구 갈마동,경상사고,0,0,1,0,차대차 - 추돌,안전운전불이행,건조,맑음,단일로 - 기타,승용,여,50세,상해없음,승용,여,22세,경상
2016123100100090,2016년 12월 31일 02시,토요일,대전광역시 서구 둔산동,경상사고,0,0,1,0,차대사람 - 길가장자리구역통행중,안전운전불이행,건조,맑음,단일로 - 기타,승용,남,28세,상해없음,보행자,남,46세,경상
2016123100100117,2016년 12월 31일 04시,토요일,대전광역시 서구 월평동,경상사고,0,0,1,1,차대차 - 추돌,안전운전불이행,건조,맑음,단일로 - 기타,승용,여,25세,상해없음,승용,남,56세,부상신고
2016123100100134,2016년 12월 31일 05시,토요일,대전광역시 대덕구 신일동,경상사고,0,0,1,0,차대차 - 추돌,안전운전불이행,건조,맑음,단일로 - 기타,승용,남,49세,기타불명,승용,남,58세,경상
2016123100100234,2016년 12월 31일 11시,토요일,대전광역시 서구 탄방동,경상사고,0,0,1,0,차대차 - 추돌,안전운전불이행,건조,맑음,교차로 - 교차로부근,승용,여,54세,상해없음,승용,남,73세,경상
2016123100100261,2016년 12월 31일 12시,토요일,대전광역시 중구 옥계동,중상사고,0,1,0,0,차대사람 - 차도통행중,안전운전불이행,건조,맑음,단일로 - 기타,승용,여,67세,상해없음,보행자,여,75세,중상
2016123100100262,2016년 12월 31일 12시,토요일,대전광역시 동구 원동,중상사고,0,1,1,0,차대차 - 측면직각충돌,안전운전불이행,건조,맑음,교차로 - 교차로안,승용,여,40세,상해없음,승용,남,63세,경상
2016123100100263,2016년 12월 31일 12시,토요일,대전광역시 서구 괴정동,경상사고,0,0,1,0,차대차 - 정면충돌,안전운전불이행,건조,맑음,교차로 - 교차로부근,승용,남,57세,상해없음,승용,여,49세,경상
2016123100100264,2016년 12월 31일 12시,토요일,대전광역시 유성구 노은동,경상사고,0,0,1,0,차대차 - 측면직각충돌,안전거리미확보,건조,흐림,교차로 - 교차로부근,승용,남,66세,상해없음,승용,여,59세,경상
2016123100100265,2016년 12월 31일 12시,토요일,대전광역시 유성구 대정동,경상사고,0,0,1,0,차대차 - 측면직각충돌,신호위반,건조,맑음,교차로 - 교차로안,화물,남,59세,상해없음,승용,여,35세,경상
2016123100100459,2016년 12월 31일 18시,토요일,대전광역시 동구 가양동,중상사고,0,1,0,0,차대사람 - 횡단중,안전운전불이행,건조,맑음,교차로 - 교차로안,승용,남,55세,상해없음,보행자,남,76세,중상
2016123100100460,2016년 12월 31일 18시,토요일,대전광역시 동구 자양동,경상사고,0,0,1,0,차대사람 - 기타,안전운전불이행,건조,맑음,교차로 - 교차로부근,화물,남,64세,상해없음,보행자,남,58세,경상
2016123100100461,2016년 12월 31일 18시,토요일,대전광역시 서구 괴정동,경상사고,0,0,1,0,차대차 - 추돌,안전거리미확보,건조,맑음,단일로 - 기타,승용,남,56세,상해없음,승용,남,31세,경상
2016123100100622,2016년 12월 31일 22시,토요일,대전광역시 유성구 장대동,중상사고,0,1,0,0,차대차 - 측면충돌,안전거리미확보,건조,맑음,교차로 - 교차로안,승용,남,51세,상해없음,이륜,남,22세,중상
2016123100100656,2016년 12월 31일 23시,토요일,대전광역시 중구 용두동,경상사고,0,0,5,0,차대차 - 정면충돌,안전운전불이행,건조,맑음,단일로 - 기타,승용,남,41세,상해없음,승용,남,41세,경상
2016123100100657,2016년 12월 31일 23시,토요일,대전광역시 대덕구 연축동,중상사고,0,1,1,1,차대차 - 추돌,안전운전불이행,건조,맑음,단일로 - 기타,승용,남,45세,중상,승합,남,45세,경상
2016123100100658,2016년 12월 31일 23시,토요일,대전광역시 대덕구 법동,경상사고,0,0,2,0,차대차 - 측면직각충돌,신호위반,건조,맑음,교차로 - 교차로안,승합,남,52세,상해없음,승용,남,45세,경상
2016123100100659,2016년 12월 31일 23시,토요일,대전광역시 서구 둔산동,경상사고,0,0,1,0,차대차 - 측면충돌,안전운전불이행,건조,맑음,교차로 - 교차로안,자전거,여,55세,경상,승용,여,45세,상해없음
2016123100100660,2016년 12월 31일 23시,토요일,대전광역시 유성구 봉명동,경상사고,0,0,1,0,차대차 - 측면충돌,중앙선침범,건조,맑음,단일로 - 기타,승용,남,23세,상해없음,이륜,남,50세,경상